
Due to MODULEPATH changes, the following have been reloaded:
  1) darshan-runtime/3.4.6-mpi

The following have been reloaded with a version change:
  1) cce/18.0.1 => cce/19.0.0
  2) cray-dsmml/0.3.0 => cray-dsmml/0.3.1
  3) cray-libsci/24.11.0 => cray-libsci/25.03.0
  4) cray-mpich/8.1.31 => cray-mpich/8.1.32
  5) craype/2.7.33 => craype/2.7.34
  6) perftools-base/24.11.0 => perftools-base/25.03.0


Currently Loaded Modules:
  1) craype-x86-trento               12) cce/19.0.0
  2) libfabric/1.22.0                13) cray-dsmml/0.3.1
  3) craype-network-ofi              14) cray-libsci/25.03.0
  4) xpmem/2.11.3-1.3_gdbda01a1eb3d  15) cray-mpich/8.1.32
  5) Core/25.03                      16) cray-pmi/6.1.15
  6) tmux/3.4                        17) craype/2.7.34
  7) hsi/default                     18) perftools-base/25.03.0
  8) lfs-wrapper/0.0.1               19) cpe/25.03
  9) DefApps                         20) darshan-runtime/3.4.6-mpi (E4S)
 10) rocm/6.2.4                      21) craype-accel-amd-gfx90a
 11) PrgEnv-cray/8.6.0

  Where:
   E4S:  E4S: Extreme-scale Scientific Software Stack (E4S) https://e4s.io/index.html

 

srun -N 4 -n 32 --ntasks-per-node=8 -c 7 --cpu-bind=mask_cpu:0x00fe000000000000,0xfe00000000000000,0x0000000000fe0000,0x00000000fe000000,0x00000000000000fe,0x000000000000fe00,0x000000fe00000000,0x0000fe0000000000 --mem-bind=map_mem:3,3,1,1,0,0,2,2 bash -c 'ulimit -c 0; exec ./ofi_all_gather'
TRACE: Function: int main(int, char **) Line: 48: NET/OFI Using CUDA device 3 for memory allocation
INFO: Function: ncclResult_t ofi_init(ncclDebugLogger_t) Line: 1120: NET/OFI Using aws-ofi-rccl 1.4.0
INFO: Function: ncclResult_t ofi_init(ncclDebugLogger_t) Line: 1163: NET/OFI Setting FI_EFA_FORK_SAFE environment variable to 1
TRACE: Function: void filter_cxi_info_list() Line: 433: NET/OFI Removing multiple CXI info for same domain
INFO: Function: ncclResult_t ofi_init(ncclDebugLogger_t) Line: 1200: NET/OFI Selected Provider is cxi
TRACE: Function: ncclResult_t ofi_init(ncclDebugLogger_t) Line: 1209: NET/OFI Provider cxi does not require registration of local memory buffers
TRACE: Function: ncclResult_t ofi_init(ncclDebugLogger_t) Line: 1219: NET/OFI Provider cxi does not require registration of device buffers
INFO: Function: int main(int, char **) Line: 59: NET/OFI Process rank 11 started. NCCLNet device used on frontier00640 is AWS Libfabric.
INFO: Function: int main(int, char **) Line: 63: NET/OFI Received 4 network devices
TRACE: Function: void print_dev_props(int, ncclNetProperties_t *) Line: 79: NET/OFI ****************** Device 0 Properties ******************
TRACE: Function: void print_dev_props(int, ncclNetProperties_t *) Line: 80: NET/OFI cxi0: PCIe Path: /sys/devices/pci0000:c4/0000:c4:01.1/0000:c5:00.0
TRACE: Function: void print_dev_props(int, ncclNetProperties_t *) Line: 81: NET/OFI cxi0: Plugin Support: 3
TRACE: Function: void print_dev_props(int, ncclNetProperties_t *) Line: 82: NET/OFI cxi0: Device GUID: 0
TRACE: Function: void print_dev_props(int, ncclNetProperties_t *) Line: 83: NET/OFI cxi0: Device Speed: 200000000
TRACE: Function: void print_dev_props(int, ncclNetProperties_t *) Line: 84: NET/OFI cxi0: Device Port: 1
TRACE: Function: void print_dev_props(int, ncclNetProperties_t *) Line: 85: NET/OFI cxi0: Device Maximum Communicators: 128
TRACE: Function: void print_dev_props(int, ncclNetProperties_t *) Line: 87: NET/OFI cxi0: Device Maximum Grouped Receives: 1
TRACE: Function: void print_dev_props(int, ncclNetProperties_t *) Line: 79: NET/OFI ****************** Device 1 Properties ******************
TRACE: Function: void print_dev_props(int, ncclNetProperties_t *) Line: 80: NET/OFI cxi1: PCIe Path: /sys/devices/pci0000:cc/0000:cc:01.1/0000:cd:00.0
TRACE: Function: void print_dev_props(int, ncclNetProperties_t *) Line: 81: NET/OFI cxi1: Plugin Support: 3
TRACE: Function: void print_dev_props(int, ncclNetProperties_t *) Line: 82: NET/OFI cxi1: Device GUID: 1
TRACE: Function: void print_dev_props(int, ncclNetProperties_t *) Line: 83: NET/OFI cxi1: Device Speed: 200000000
TRACE: Function: void print_dev_props(int, ncclNetProperties_t *) Line: 84: NET/OFI cxi1: Device Port: 1
TRACE: Function: void print_dev_props(int, ncclNetProperties_t *) Line: 85: NET/OFI cxi1: Device Maximum Communicators: 128
TRACE: Function: void print_dev_props(int, ncclNetProperties_t *) Line: 87: NET/OFI cxi1: Device Maximum Grouped Receives: 1
TRACE: Function: void print_dev_props(int, ncclNetProperties_t *) Line: 79: NET/OFI ****************** Device 2 Properties ******************
TRACE: Function: void print_dev_props(int, ncclNetProperties_t *) Line: 80: NET/OFI cxi2: PCIe Path: /sys/devices/pci0000:d4/0000:d4:01.1/0000:d5:00.0
TRACE: Function: void print_dev_props(int, ncclNetProperties_t *) Line: 81: NET/OFI cxi2: Plugin Support: 3
TRACE: Function: void print_dev_props(int, ncclNetProperties_t *) Line: 82: NET/OFI cxi2: Device GUID: 2
TRACE: Function: void print_dev_props(int, ncclNetProperties_t *) Line: 83: NET/OFI cxi2: Device Speed: 200000000
TRACE: Function: void print_dev_props(int, ncclNetProperties_t *) Line: 84: NET/OFI cxi2: Device Port: 1
TRACE: Function: void print_dev_props(int, ncclNetProperties_t *) Line: 85: NET/OFI cxi2: Device Maximum Communicators: 128
TRACE: Function: void print_dev_props(int, ncclNetProperties_t *) Line: 87: NET/OFI cxi2: Device Maximum Grouped Receives: 1
TRACE: Function: int main(int, char **) Line: 48: NET/OFI Using CUDA device 3 for memory allocation
INFO: Function: ncclResult_t ofi_init(ncclDebugLogger_t) Line: 1120: NET/OFI Using aws-ofi-rccl 1.4.0
INFO: Function: ncclResult_t ofi_init(ncclDebugLogger_t) Line: 1163: NET/OFI Setting FI_EFA_FORK_SAFE environment variable to 1
TRACE: Function: void filter_cxi_info_list() Line: 433: NET/OFI Removing multiple CXI info for same domain
INFO: Function: ncclResult_t ofi_init(ncclDebugLogger_t) Line: 1200: NET/OFI Selected Provider is cxi
TRACE: Function: ncclResult_t ofi_init(ncclDebugLogger_t) Line: 1209: NET/OFI Provider cxi does not require registration of local memory buffers
TRACE: Function: ncclResult_t ofi_init(ncclDebugLogger_t) Line: 1219: NET/OFI Provider cxi does not require registration of device buffers
INFO: Function: int main(int, char **) Line: 59: NET/OFI Process rank 27 started. NCCLNet device used on frontier02048 is AWS Libfabric.
TRACE: Function: int main(int, char **) Line: 48: NET/OFI Using CUDA device 7 for memory allocation
INFO: Function: ncclResult_t ofi_init(ncclDebugLogger_t) Line: 1120: NET/OFI Using aws-ofi-rccl 1.4.0
INFO: Function: ncclResult_t ofi_init(ncclDebugLogger_t) Line: 1163: NET/OFI Setting FI_EFA_FORK_SAFE environment variable to 1
TRACE: Function: void filter_cxi_info_list() Line: 433: NET/OFI Removing multiple CXI info for same domain
INFO: Function: ncclResult_t ofi_init(ncclDebugLogger_t) Line: 1200: NET/OFI Selected Provider is cxi
TRACE: Function: ncclResult_t ofi_init(ncclDebugLogger_t) Line: 1209: NET/OFI Provider cxi does not require registration of local memory buffers
TRACE: Function: ncclResult_t ofi_init(ncclDebugLogger_t) Line: 1219: NET/OFI Provider cxi does not require registration of device buffers
INFO: Function: int main(int, char **) Line: 59: NET/OFI Process rank 15 started. NCCLNet device used on frontier00640 is AWS Libfabric.
INFO: Function: int main(int, char **) Line: 63: NET/OFI Received 4 network devices
TRACE: Function: void print_dev_props(int, ncclNetProperties_t *) Line: 79: NET/OFI ****************** Device 0 Properties ******************
TRACE: Function: void print_dev_props(int, ncclNetProperties_t *) Line: 80: NET/OFI cxi0: PCIe Path: /sys/devices/pci0000:c4/0000:c4:01.1/0000:c5:00.0
TRACE: Function: void print_dev_props(int, ncclNetProperties_t *) Line: 81: NET/OFI cxi0: Plugin Support: 3
TRACE: Function: void print_dev_props(int, ncclNetProperties_t *) Line: 82: NET/OFI cxi0: Device GUID: 0
TRACE: Function: void print_dev_props(int, ncclNetProperties_t *) Line: 83: NET/OFI cxi0: Device Speed: 200000000
TRACE: Function: void print_dev_props(int, ncclNetProperties_t *) Line: 84: NET/OFI cxi0: Device Port: 1
TRACE: Function: void print_dev_props(int, ncclNetProperties_t *) Line: 85: NET/OFI cxi0: Device Maximum Communicators: 128
INFO: Function: int main(int, char **) Line: 63: NET/OFI Received 4 network devices
TRACE: Function: void print_dev_props(int, ncclNetProperties_t *) Line: 79: NET/OFI ****************** Device 0 Properties ******************
TRACE: Function: void print_dev_props(int, ncclNetProperties_t *) Line: 80: NET/OFI cxi0: PCIe Path: /sys/devices/pci0000:c4/0000:c4:01.1/0000:c5:00.0
TRACE: Function: void print_dev_props(int, ncclNetProperties_t *) Line: 81: NET/OFI cxi0: Plugin Support: 3
TRACE: Function: void print_dev_props(int, ncclNetProperties_t *) Line: 82: NET/OFI cxi0: Device GUID: 0
TRACE: Function: void print_dev_props(int, ncclNetProperties_t *) Line: 83: NET/OFI cxi0: Device Speed: 200000000
TRACE: Function: void print_dev_props(int, ncclNetProperties_t *) Line: 84: NET/OFI cxi0: Device Port: 1
TRACE: Function: void print_dev_props(int, ncclNetProperties_t *) Line: 85: NET/OFI cxi0: Device Maximum Communicators: 128
TRACE: Function: void print_dev_props(int, ncclNetProperties_t *) Line: 87: NET/OFI cxi0: Device Maximum Grouped Receives: 1
TRACE: Function: void print_dev_props(int, ncclNetProperties_t *) Line: 79: NET/OFI ****************** Device 1 Properties ******************
TRACE: Function: void print_dev_props(int, ncclNetProperties_t *) Line: 80: NET/OFI cxi1: PCIe Path: /sys/devices/pci0000:cc/0000:cc:01.1/0000:cd:00.0
TRACE: Function: void print_dev_props(int, ncclNetProperties_t *) Line: 81: NET/OFI cxi1: Plugin Support: 3
TRACE: Function: void print_dev_props(int, ncclNetProperties_t *) Line: 82: NET/OFI cxi1: Device GUID: 1
TRACE: Function: void print_dev_props(int, ncclNetProperties_t *) Line: 83: NET/OFI cxi1: Device Speed: 200000000
TRACE: Function: void print_dev_props(int, ncclNetProperties_t *) Line: 84: NET/OFI cxi1: Device Port: 1
TRACE: Function: void print_dev_props(int, ncclNetProperties_t *) Line: 85: NET/OFI cxi1: Device Maximum Communicators: 128
TRACE: Function: void print_dev_props(int, ncclNetProperties_t *) Line: 87: NET/OFI cxi0: Device Maximum Grouped Receives: 1
TRACE: Function: void print_dev_props(int, ncclNetProperties_t *) Line: 79: NET/OFI ****************** Device 1 Properties ******************
TRACE: Function: void print_dev_props(int, ncclNetProperties_t *) Line: 80: NET/OFI cxi1: PCIe Path: /sys/devices/pci0000:cc/0000:cc:01.1/0000:cd:00.0
TRACE: Function: void print_dev_props(int, ncclNetProperties_t *) Line: 81: NET/OFI cxi1: Plugin Support: 3
TRACE: Function: void print_dev_props(int, ncclNetProperties_t *) Line: 82: NET/OFI cxi1: Device GUID: 1
TRACE: Function: void print_dev_props(int, ncclNetProperties_t *) Line: 83: NET/OFI cxi1: Device Speed: 200000000
TRACE: Function: void print_dev_props(int, ncclNetProperties_t *) Line: 84: NET/OFI cxi1: Device Port: 1
TRACE: Function: void print_dev_props(int, ncclNetProperties_t *) Line: 85: NET/OFI cxi1: Device Maximum Communicators: 128
TRACE: Function: void print_dev_props(int, ncclNetProperties_t *) Line: 87: NET/OFI cxi1: Device Maximum Grouped Receives: 1
TRACE: Function: void print_dev_props(int, ncclNetProperties_t *) Line: 79: NET/OFI ****************** Device 2 Properties ******************
TRACE: Function: void print_dev_props(int, ncclNetProperties_t *) Line: 80: NET/OFI cxi2: PCIe Path: /sys/devices/pci0000:d4/0000:d4:01.1/0000:d5:00.0
TRACE: Function: void print_dev_props(int, ncclNetProperties_t *) Line: 81: NET/OFI cxi2: Plugin Support: 3
TRACE: Function: void print_dev_props(int, ncclNetProperties_t *) Line: 82: NET/OFI cxi2: Device GUID: 2
TRACE: Function: void print_dev_props(int, ncclNetProperties_t *) Line: 83: NET/OFI cxi2: Device Speed: 200000000
TRACE: Function: void print_dev_props(int, ncclNetProperties_t *) Line: 84: NET/OFI cxi2: Device Port: 1
TRACE: Function: void print_dev_props(int, ncclNetProperties_t *) Line: 85: NET/OFI cxi2: Device Maximum Communicators: 128
TRACE: Function: void print_dev_props(int, ncclNetProperties_t *) Line: 87: NET/OFI cxi1: Device Maximum Grouped Receives: 1
TRACE: Function: void print_dev_props(int, ncclNetProperties_t *) Line: 79: NET/OFI ****************** Device 2 Properties ******************
TRACE: Function: void print_dev_props(int, ncclNetProperties_t *) Line: 80: NET/OFI cxi2: PCIe Path: /sys/devices/pci0000:d4/0000:d4:01.1/0000:d5:00.0
TRACE: Function: void print_dev_props(int, ncclNetProperties_t *) Line: 81: NET/OFI cxi2: Plugin Support: 3
TRACE: Function: void print_dev_props(int, ncclNetProperties_t *) Line: 82: NET/OFI cxi2: Device GUID: 2
TRACE: Function: void print_dev_props(int, ncclNetProperties_t *) Line: 83: NET/OFI cxi2: Device Speed: 200000000
TRACE: Function: void print_dev_props(int, ncclNetProperties_t *) Line: 84: NET/OFI cxi2: Device Port: 1
TRACE: Function: void print_dev_props(int, ncclNetProperties_t *) Line: 85: NET/OFI cxi2: Device Maximum Communicators: 128
TRACE: Function: void print_dev_props(int, ncclNetProperties_t *) Line: 87: NET/OFI cxi2: Device Maximum Grouped Receives: 1
TRACE: Function: int main(int, char **) Line: 48: NET/OFI Using CUDA device 0 for memory allocation
INFO: Function: ncclResult_t ofi_init(ncclDebugLogger_t) Line: 1120: NET/OFI Using aws-ofi-rccl 1.4.0
INFO: Function: ncclResult_t ofi_init(ncclDebugLogger_t) Line: 1163: NET/OFI Setting FI_EFA_FORK_SAFE environment variable to 1
TRACE: Function: void filter_cxi_info_list() Line: 433: NET/OFI Removing multiple CXI info for same domain
INFO: Function: ncclResult_t ofi_init(ncclDebugLogger_t) Line: 1200: NET/OFI Selected Provider is cxi
TRACE: Function: ncclResult_t ofi_init(ncclDebugLogger_t) Line: 1209: NET/OFI Provider cxi does not require registration of local memory buffers
TRACE: Function: ncclResult_t ofi_init(ncclDebugLogger_t) Line: 1219: NET/OFI Provider cxi does not require registration of device buffers
INFO: Function: int main(int, char **) Line: 59: NET/OFI Process rank 0 started. NCCLNet device used on frontier00479 is AWS Libfabric.
TRACE: Function: void print_dev_props(int, ncclNetProperties_t *) Line: 87: NET/OFI cxi2: Device Maximum Grouped Receives: 1
TRACE: Function: int main(int, char **) Line: 48: NET/OFI Using CUDA device 2 for memory allocation
INFO: Function: ncclResult_t ofi_init(ncclDebugLogger_t) Line: 1120: NET/OFI Using aws-ofi-rccl 1.4.0
INFO: Function: ncclResult_t ofi_init(ncclDebugLogger_t) Line: 1163: NET/OFI Setting FI_EFA_FORK_SAFE environment variable to 1
TRACE: Function: void filter_cxi_info_list() Line: 433: NET/OFI Removing multiple CXI info for same domain
INFO: Function: ncclResult_t ofi_init(ncclDebugLogger_t) Line: 1200: NET/OFI Selected Provider is cxi
TRACE: Function: ncclResult_t ofi_init(ncclDebugLogger_t) Line: 1209: NET/OFI Provider cxi does not require registration of local memory buffers
TRACE: Function: ncclResult_t ofi_init(ncclDebugLogger_t) Line: 1219: NET/OFI Provider cxi does not require registration of device buffers
INFO: Function: int main(int, char **) Line: 59: NET/OFI Process rank 26 started. NCCLNet device used on frontier02048 is AWS Libfabric.
INFO: Function: int main(int, char **) Line: 63: NET/OFI Received 4 network devices
TRACE: Function: void print_dev_props(int, ncclNetProperties_t *) Line: 79: NET/OFI ****************** Device 0 Properties ******************
TRACE: Function: void print_dev_props(int, ncclNetProperties_t *) Line: 80: NET/OFI cxi0: PCIe Path: /sys/devices/pci0000:c4/0000:c4:01.1/0000:c5:00.0
TRACE: Function: void print_dev_props(int, ncclNetProperties_t *) Line: 81: NET/OFI cxi0: Plugin Support: 3
TRACE: Function: void print_dev_props(int, ncclNetProperties_t *) Line: 82: NET/OFI cxi0: Device GUID: 0
TRACE: Function: void print_dev_props(int, ncclNetProperties_t *) Line: 83: NET/OFI cxi0: Device Speed: 200000000
TRACE: Function: void print_dev_props(int, ncclNetProperties_t *) Line: 84: NET/OFI cxi0: Device Port: 1
TRACE: Function: void print_dev_props(int, ncclNetProperties_t *) Line: 85: NET/OFI cxi0: Device Maximum Communicators: 128
TRACE: Function: int main(int, char **) Line: 48: NET/OFI Using CUDA device 4 for memory allocation
INFO: Function: ncclResult_t ofi_init(ncclDebugLogger_t) Line: 1120: NET/OFI Using aws-ofi-rccl 1.4.0
INFO: Function: ncclResult_t ofi_init(ncclDebugLogger_t) Line: 1163: NET/OFI Setting FI_EFA_FORK_SAFE environment variable to 1
TRACE: Function: void filter_cxi_info_list() Line: 433: NET/OFI Removing multiple CXI info for same domain
INFO: Function: ncclResult_t ofi_init(ncclDebugLogger_t) Line: 1200: NET/OFI Selected Provider is cxi
TRACE: Function: ncclResult_t ofi_init(ncclDebugLogger_t) Line: 1209: NET/OFI Provider cxi does not require registration of local memory buffers
TRACE: Function: ncclResult_t ofi_init(ncclDebugLogger_t) Line: 1219: NET/OFI Provider cxi does not require registration of device buffers
INFO: Function: int main(int, char **) Line: 59: NET/OFI Process rank 12 started. NCCLNet device used on frontier00640 is AWS Libfabric.
INFO: Function: int main(int, char **) Line: 63: NET/OFI Received 4 network devices
TRACE: Function: void print_dev_props(int, ncclNetProperties_t *) Line: 79: NET/OFI ****************** Device 0 Properties ******************
TRACE: Function: void print_dev_props(int, ncclNetProperties_t *) Line: 80: NET/OFI cxi0: PCIe Path: /sys/devices/pci0000:c4/0000:c4:01.1/0000:c5:00.0
TRACE: Function: void print_dev_props(int, ncclNetProperties_t *) Line: 81: NET/OFI cxi0: Plugin Support: 3
TRACE: Function: void print_dev_props(int, ncclNetProperties_t *) Line: 82: NET/OFI cxi0: Device GUID: 0
TRACE: Function: void print_dev_props(int, ncclNetProperties_t *) Line: 83: NET/OFI cxi0: Device Speed: 200000000
TRACE: Function: void print_dev_props(int, ncclNetProperties_t *) Line: 84: NET/OFI cxi0: Device Port: 1
TRACE: Function: void print_dev_props(int, ncclNetProperties_t *) Line: 85: NET/OFI cxi0: Device Maximum Communicators: 128
TRACE: Function: void print_dev_props(int, ncclNetProperties_t *) Line: 87: NET/OFI cxi0: Device Maximum Grouped Receives: 1
TRACE: Function: void print_dev_props(int, ncclNetProperties_t *) Line: 79: NET/OFI ****************** Device 1 Properties ******************
TRACE: Function: void print_dev_props(int, ncclNetProperties_t *) Line: 80: NET/OFI cxi1: PCIe Path: /sys/devices/pci0000:cc/0000:cc:01.1/0000:cd:00.0
TRACE: Function: void print_dev_props(int, ncclNetProperties_t *) Line: 81: NET/OFI cxi1: Plugin Support: 3
TRACE: Function: void print_dev_props(int, ncclNetProperties_t *) Line: 82: NET/OFI cxi1: Device GUID: 1
TRACE: Function: void print_dev_props(int, ncclNetProperties_t *) Line: 83: NET/OFI cxi1: Device Speed: 200000000
TRACE: Function: void print_dev_props(int, ncclNetProperties_t *) Line: 84: NET/OFI cxi1: Device Port: 1
TRACE: Function: void print_dev_props(int, ncclNetProperties_t *) Line: 85: NET/OFI cxi1: Device Maximum Communicators: 128
INFO: Function: int main(int, char **) Line: 63: NET/OFI Received 4 network devices
TRACE: Function: void print_dev_props(int, ncclNetProperties_t *) Line: 79: NET/OFI ****************** Device 0 Properties ******************
TRACE: Function: void print_dev_props(int, ncclNetProperties_t *) Line: 80: NET/OFI cxi0: PCIe Path: /sys/devices/pci0000:c4/0000:c4:01.1/0000:c5:00.0
TRACE: Function: void print_dev_props(int, ncclNetProperties_t *) Line: 81: NET/OFI cxi0: Plugin Support: 3
TRACE: Function: void print_dev_props(int, ncclNetProperties_t *) Line: 82: NET/OFI cxi0: Device GUID: 0
TRACE: Function: void print_dev_props(int, ncclNetProperties_t *) Line: 83: NET/OFI cxi0: Device Speed: 200000000
TRACE: Function: void print_dev_props(int, ncclNetProperties_t *) Line: 84: NET/OFI cxi0: Device Port: 1
TRACE: Function: void print_dev_props(int, ncclNetProperties_t *) Line: 85: NET/OFI cxi0: Device Maximum Communicators: 128
TRACE: Function: int main(int, char **) Line: 48: NET/OFI Using CUDA device 0 for memory allocation
INFO: Function: ncclResult_t ofi_init(ncclDebugLogger_t) Line: 1120: NET/OFI Using aws-ofi-rccl 1.4.0
INFO: Function: ncclResult_t ofi_init(ncclDebugLogger_t) Line: 1163: NET/OFI Setting FI_EFA_FORK_SAFE environment variable to 1
TRACE: Function: void filter_cxi_info_list() Line: 433: NET/OFI Removing multiple CXI info for same domain
INFO: Function: ncclResult_t ofi_init(ncclDebugLogger_t) Line: 1200: NET/OFI Selected Provider is cxi
TRACE: Function: ncclResult_t ofi_init(ncclDebugLogger_t) Line: 1209: NET/OFI Provider cxi does not require registration of local memory buffers
TRACE: Function: ncclResult_t ofi_init(ncclDebugLogger_t) Line: 1219: NET/OFI Provider cxi does not require registration of device buffers
INFO: Function: int main(int, char **) Line: 59: NET/OFI Process rank 16 started. NCCLNet device used on frontier01536 is AWS Libfabric.
TRACE: Function: void print_dev_props(int, ncclNetProperties_t *) Line: 87: NET/OFI cxi0: Device Maximum Grouped Receives: 1
TRACE: Function: void print_dev_props(int, ncclNetProperties_t *) Line: 79: NET/OFI ****************** Device 1 Properties ******************
TRACE: Function: void print_dev_props(int, ncclNetProperties_t *) Line: 80: NET/OFI cxi1: PCIe Path: /sys/devices/pci0000:cc/0000:cc:01.1/0000:cd:00.0
TRACE: Function: void print_dev_props(int, ncclNetProperties_t *) Line: 81: NET/OFI cxi1: Plugin Support: 3
TRACE: Function: void print_dev_props(int, ncclNetProperties_t *) Line: 82: NET/OFI cxi1: Device GUID: 1
TRACE: Function: void print_dev_props(int, ncclNetProperties_t *) Line: 83: NET/OFI cxi1: Device Speed: 200000000
TRACE: Function: void print_dev_props(int, ncclNetProperties_t *) Line: 84: NET/OFI cxi1: Device Port: 1
TRACE: Function: void print_dev_props(int, ncclNetProperties_t *) Line: 85: NET/OFI cxi1: Device Maximum Communicators: 128
TRACE: Function: void print_dev_props(int, ncclNetProperties_t *) Line: 87: NET/OFI cxi1: Device Maximum Grouped Receives: 1
TRACE: Function: void print_dev_props(int, ncclNetProperties_t *) Line: 79: NET/OFI ****************** Device 2 Properties ******************
TRACE: Function: void print_dev_props(int, ncclNetProperties_t *) Line: 80: NET/OFI cxi2: PCIe Path: /sys/devices/pci0000:d4/0000:d4:01.1/0000:d5:00.0
TRACE: Function: void print_dev_props(int, ncclNetProperties_t *) Line: 81: NET/OFI cxi2: Plugin Support: 3
TRACE: Function: void print_dev_props(int, ncclNetProperties_t *) Line: 82: NET/OFI cxi2: Device GUID: 2
TRACE: Function: void print_dev_props(int, ncclNetProperties_t *) Line: 83: NET/OFI cxi2: Device Speed: 200000000
TRACE: Function: void print_dev_props(int, ncclNetProperties_t *) Line: 84: NET/OFI cxi2: Device Port: 1
TRACE: Function: void print_dev_props(int, ncclNetProperties_t *) Line: 85: NET/OFI cxi2: Device Maximum Communicators: 128
TRACE: Function: void print_dev_props(int, ncclNetProperties_t *) Line: 87: NET/OFI cxi0: Device Maximum Grouped Receives: 1
TRACE: Function: void print_dev_props(int, ncclNetProperties_t *) Line: 79: NET/OFI ****************** Device 1 Properties ******************
TRACE: Function: void print_dev_props(int, ncclNetProperties_t *) Line: 80: NET/OFI cxi1: PCIe Path: /sys/devices/pci0000:cc/0000:cc:01.1/0000:cd:00.0
TRACE: Function: void print_dev_props(int, ncclNetProperties_t *) Line: 81: NET/OFI cxi1: Plugin Support: 3
TRACE: Function: void print_dev_props(int, ncclNetProperties_t *) Line: 82: NET/OFI cxi1: Device GUID: 1
TRACE: Function: void print_dev_props(int, ncclNetProperties_t *) Line: 83: NET/OFI cxi1: Device Speed: 200000000
TRACE: Function: void print_dev_props(int, ncclNetProperties_t *) Line: 84: NET/OFI cxi1: Device Port: 1
TRACE: Function: void print_dev_props(int, ncclNetProperties_t *) Line: 85: NET/OFI cxi1: Device Maximum Communicators: 128
INFO: Function: int main(int, char **) Line: 63: NET/OFI Received 4 network devices
TRACE: Function: void print_dev_props(int, ncclNetProperties_t *) Line: 79: NET/OFI ****************** Device 0 Properties ******************
TRACE: Function: void print_dev_props(int, ncclNetProperties_t *) Line: 80: NET/OFI cxi0: PCIe Path: /sys/devices/pci0000:c4/0000:c4:01.1/0000:c5:00.0
TRACE: Function: void print_dev_props(int, ncclNetProperties_t *) Line: 81: NET/OFI cxi0: Plugin Support: 3
TRACE: Function: void print_dev_props(int, ncclNetProperties_t *) Line: 82: NET/OFI cxi0: Device GUID: 0
TRACE: Function: void print_dev_props(int, ncclNetProperties_t *) Line: 83: NET/OFI cxi0: Device Speed: 200000000
TRACE: Function: void print_dev_props(int, ncclNetProperties_t *) Line: 84: NET/OFI cxi0: Device Port: 1
TRACE: Function: void print_dev_props(int, ncclNetProperties_t *) Line: 85: NET/OFI cxi0: Device Maximum Communicators: 128
TRACE: Function: void print_dev_props(int, ncclNetProperties_t *) Line: 87: NET/OFI cxi1: Device Maximum Grouped Receives: 1
TRACE: Function: void print_dev_props(int, ncclNetProperties_t *) Line: 79: NET/OFI ****************** Device 2 Properties ******************
TRACE: Function: void print_dev_props(int, ncclNetProperties_t *) Line: 80: NET/OFI cxi2: PCIe Path: /sys/devices/pci0000:d4/0000:d4:01.1/0000:d5:00.0
TRACE: Function: void print_dev_props(int, ncclNetProperties_t *) Line: 81: NET/OFI cxi2: Plugin Support: 3
TRACE: Function: void print_dev_props(int, ncclNetProperties_t *) Line: 82: NET/OFI cxi2: Device GUID: 2
TRACE: Function: void print_dev_props(int, ncclNetProperties_t *) Line: 83: NET/OFI cxi2: Device Speed: 200000000
TRACE: Function: void print_dev_props(int, ncclNetProperties_t *) Line: 84: NET/OFI cxi2: Device Port: 1
TRACE: Function: void print_dev_props(int, ncclNetProperties_t *) Line: 85: NET/OFI cxi2: Device Maximum Communicators: 128
TRACE: Function: void print_dev_props(int, ncclNetProperties_t *) Line: 87: NET/OFI cxi2: Device Maximum Grouped Receives: 1
TRACE: Function: void print_dev_props(int, ncclNetProperties_t *) Line: 87: NET/OFI cxi1: Device Maximum Grouped Receives: 1
TRACE: Function: void print_dev_props(int, ncclNetProperties_t *) Line: 79: NET/OFI ****************** Device 2 Properties ******************
TRACE: Function: void print_dev_props(int, ncclNetProperties_t *) Line: 80: NET/OFI cxi2: PCIe Path: /sys/devices/pci0000:d4/0000:d4:01.1/0000:d5:00.0
TRACE: Function: void print_dev_props(int, ncclNetProperties_t *) Line: 81: NET/OFI cxi2: Plugin Support: 3
TRACE: Function: void print_dev_props(int, ncclNetProperties_t *) Line: 82: NET/OFI cxi2: Device GUID: 2
TRACE: Function: void print_dev_props(int, ncclNetProperties_t *) Line: 83: NET/OFI cxi2: Device Speed: 200000000
TRACE: Function: void print_dev_props(int, ncclNetProperties_t *) Line: 84: NET/OFI cxi2: Device Port: 1
TRACE: Function: void print_dev_props(int, ncclNetProperties_t *) Line: 85: NET/OFI cxi2: Device Maximum Communicators: 128
TRACE: Function: void print_dev_props(int, ncclNetProperties_t *) Line: 87: NET/OFI cxi0: Device Maximum Grouped Receives: 1
TRACE: Function: void print_dev_props(int, ncclNetProperties_t *) Line: 79: NET/OFI ****************** Device 1 Properties ******************
TRACE: Function: void print_dev_props(int, ncclNetProperties_t *) Line: 80: NET/OFI cxi1: PCIe Path: /sys/devices/pci0000:cc/0000:cc:01.1/0000:cd:00.0
TRACE: Function: void print_dev_props(int, ncclNetProperties_t *) Line: 81: NET/OFI cxi1: Plugin Support: 3
TRACE: Function: void print_dev_props(int, ncclNetProperties_t *) Line: 82: NET/OFI cxi1: Device GUID: 1
TRACE: Function: void print_dev_props(int, ncclNetProperties_t *) Line: 83: NET/OFI cxi1: Device Speed: 200000000
TRACE: Function: void print_dev_props(int, ncclNetProperties_t *) Line: 84: NET/OFI cxi1: Device Port: 1
TRACE: Function: void print_dev_props(int, ncclNetProperties_t *) Line: 85: NET/OFI cxi1: Device Maximum Communicators: 128
TRACE: Function: void print_dev_props(int, ncclNetProperties_t *) Line: 87: NET/OFI cxi2: Device Maximum Grouped Receives: 1
TRACE: Function: int main(int, char **) Line: 48: NET/OFI Using CUDA device 2 for memory allocation
INFO: Function: ncclResult_t ofi_init(ncclDebugLogger_t) Line: 1120: NET/OFI Using aws-ofi-rccl 1.4.0
INFO: Function: ncclResult_t ofi_init(ncclDebugLogger_t) Line: 1163: NET/OFI Setting FI_EFA_FORK_SAFE environment variable to 1
TRACE: Function: void filter_cxi_info_list() Line: 433: NET/OFI Removing multiple CXI info for same domain
INFO: Function: ncclResult_t ofi_init(ncclDebugLogger_t) Line: 1200: NET/OFI Selected Provider is cxi
TRACE: Function: ncclResult_t ofi_init(ncclDebugLogger_t) Line: 1209: NET/OFI Provider cxi does not require registration of local memory buffers
TRACE: Function: ncclResult_t ofi_init(ncclDebugLogger_t) Line: 1219: NET/OFI Provider cxi does not require registration of device buffers
INFO: Function: int main(int, char **) Line: 59: NET/OFI Process rank 2 started. NCCLNet device used on frontier00479 is AWS Libfabric.
TRACE: Function: void print_dev_props(int, ncclNetProperties_t *) Line: 87: NET/OFI cxi2: Device Maximum Grouped Receives: 1
TRACE: Function: void print_dev_props(int, ncclNetProperties_t *) Line: 87: NET/OFI cxi1: Device Maximum Grouped Receives: 1
TRACE: Function: void print_dev_props(int, ncclNetProperties_t *) Line: 79: NET/OFI ****************** Device 2 Properties ******************
TRACE: Function: void print_dev_props(int, ncclNetProperties_t *) Line: 80: NET/OFI cxi2: PCIe Path: /sys/devices/pci0000:d4/0000:d4:01.1/0000:d5:00.0
TRACE: Function: void print_dev_props(int, ncclNetProperties_t *) Line: 81: NET/OFI cxi2: Plugin Support: 3
TRACE: Function: void print_dev_props(int, ncclNetProperties_t *) Line: 82: NET/OFI cxi2: Device GUID: 2
TRACE: Function: void print_dev_props(int, ncclNetProperties_t *) Line: 83: NET/OFI cxi2: Device Speed: 200000000
TRACE: Function: void print_dev_props(int, ncclNetProperties_t *) Line: 84: NET/OFI cxi2: Device Port: 1
TRACE: Function: void print_dev_props(int, ncclNetProperties_t *) Line: 85: NET/OFI cxi2: Device Maximum Communicators: 128
TRACE: Function: int main(int, char **) Line: 48: NET/OFI Using CUDA device 4 for memory allocation
INFO: Function: ncclResult_t ofi_init(ncclDebugLogger_t) Line: 1120: NET/OFI Using aws-ofi-rccl 1.4.0
INFO: Function: ncclResult_t ofi_init(ncclDebugLogger_t) Line: 1163: NET/OFI Setting FI_EFA_FORK_SAFE environment variable to 1
TRACE: Function: void filter_cxi_info_list() Line: 433: NET/OFI Removing multiple CXI info for same domain
INFO: Function: ncclResult_t ofi_init(ncclDebugLogger_t) Line: 1200: NET/OFI Selected Provider is cxi
TRACE: Function: ncclResult_t ofi_init(ncclDebugLogger_t) Line: 1209: NET/OFI Provider cxi does not require registration of local memory buffers
TRACE: Function: ncclResult_t ofi_init(ncclDebugLogger_t) Line: 1219: NET/OFI Provider cxi does not require registration of device buffers
INFO: Function: int main(int, char **) Line: 59: NET/OFI Process rank 28 started. NCCLNet device used on frontier02048 is AWS Libfabric.
INFO: Function: int main(int, char **) Line: 63: NET/OFI Received 4 network devices
TRACE: Function: void print_dev_props(int, ncclNetProperties_t *) Line: 79: NET/OFI ****************** Device 0 Properties ******************
TRACE: Function: void print_dev_props(int, ncclNetProperties_t *) Line: 80: NET/OFI cxi0: PCIe Path: /sys/devices/pci0000:c4/0000:c4:01.1/0000:c5:00.0
TRACE: Function: void print_dev_props(int, ncclNetProperties_t *) Line: 81: NET/OFI cxi0: Plugin Support: 3
TRACE: Function: void print_dev_props(int, ncclNetProperties_t *) Line: 82: NET/OFI cxi0: Device GUID: 0
TRACE: Function: void print_dev_props(int, ncclNetProperties_t *) Line: 83: NET/OFI cxi0: Device Speed: 200000000
TRACE: Function: void print_dev_props(int, ncclNetProperties_t *) Line: 84: NET/OFI cxi0: Device Port: 1
TRACE: Function: void print_dev_props(int, ncclNetProperties_t *) Line: 85: NET/OFI cxi0: Device Maximum Communicators: 128
TRACE: Function: int main(int, char **) Line: 48: NET/OFI Using CUDA device 0 for memory allocation
INFO: Function: ncclResult_t ofi_init(ncclDebugLogger_t) Line: 1120: NET/OFI Using aws-ofi-rccl 1.4.0
INFO: Function: ncclResult_t ofi_init(ncclDebugLogger_t) Line: 1163: NET/OFI Setting FI_EFA_FORK_SAFE environment variable to 1
TRACE: Function: void filter_cxi_info_list() Line: 433: NET/OFI Removing multiple CXI info for same domain
INFO: Function: ncclResult_t ofi_init(ncclDebugLogger_t) Line: 1200: NET/OFI Selected Provider is cxi
TRACE: Function: ncclResult_t ofi_init(ncclDebugLogger_t) Line: 1209: NET/OFI Provider cxi does not require registration of local memory buffers
TRACE: Function: ncclResult_t ofi_init(ncclDebugLogger_t) Line: 1219: NET/OFI Provider cxi does not require registration of device buffers
INFO: Function: int main(int, char **) Line: 59: NET/OFI Process rank 8 started. NCCLNet device used on frontier00640 is AWS Libfabric.
TRACE: Function: void print_dev_props(int, ncclNetProperties_t *) Line: 87: NET/OFI cxi2: Device Maximum Grouped Receives: 1
INFO: Function: int main(int, char **) Line: 63: NET/OFI Received 4 network devices
TRACE: Function: void print_dev_props(int, ncclNetProperties_t *) Line: 79: NET/OFI ****************** Device 0 Properties ******************
TRACE: Function: void print_dev_props(int, ncclNetProperties_t *) Line: 80: NET/OFI cxi0: PCIe Path: /sys/devices/pci0000:c4/0000:c4:01.1/0000:c5:00.0
TRACE: Function: void print_dev_props(int, ncclNetProperties_t *) Line: 81: NET/OFI cxi0: Plugin Support: 3
TRACE: Function: void print_dev_props(int, ncclNetProperties_t *) Line: 82: NET/OFI cxi0: Device GUID: 0
TRACE: Function: void print_dev_props(int, ncclNetProperties_t *) Line: 83: NET/OFI cxi0: Device Speed: 200000000
TRACE: Function: void print_dev_props(int, ncclNetProperties_t *) Line: 84: NET/OFI cxi0: Device Port: 1
TRACE: Function: void print_dev_props(int, ncclNetProperties_t *) Line: 85: NET/OFI cxi0: Device Maximum Communicators: 128
TRACE: Function: void print_dev_props(int, ncclNetProperties_t *) Line: 87: NET/OFI cxi0: Device Maximum Grouped Receives: 1
TRACE: Function: void print_dev_props(int, ncclNetProperties_t *) Line: 79: NET/OFI ****************** Device 1 Properties ******************
TRACE: Function: void print_dev_props(int, ncclNetProperties_t *) Line: 80: NET/OFI cxi1: PCIe Path: /sys/devices/pci0000:cc/0000:cc:01.1/0000:cd:00.0
TRACE: Function: void print_dev_props(int, ncclNetProperties_t *) Line: 81: NET/OFI cxi1: Plugin Support: 3
TRACE: Function: void print_dev_props(int, ncclNetProperties_t *) Line: 82: NET/OFI cxi1: Device GUID: 1
TRACE: Function: void print_dev_props(int, ncclNetProperties_t *) Line: 83: NET/OFI cxi1: Device Speed: 200000000
TRACE: Function: void print_dev_props(int, ncclNetProperties_t *) Line: 84: NET/OFI cxi1: Device Port: 1
TRACE: Function: void print_dev_props(int, ncclNetProperties_t *) Line: 85: NET/OFI cxi1: Device Maximum Communicators: 128
INFO: Function: int main(int, char **) Line: 63: NET/OFI Received 4 network devices
TRACE: Function: void print_dev_props(int, ncclNetProperties_t *) Line: 79: NET/OFI ****************** Device 0 Properties ******************
TRACE: Function: void print_dev_props(int, ncclNetProperties_t *) Line: 80: NET/OFI cxi0: PCIe Path: /sys/devices/pci0000:c4/0000:c4:01.1/0000:c5:00.0
TRACE: Function: void print_dev_props(int, ncclNetProperties_t *) Line: 81: NET/OFI cxi0: Plugin Support: 3
TRACE: Function: void print_dev_props(int, ncclNetProperties_t *) Line: 82: NET/OFI cxi0: Device GUID: 0
TRACE: Function: void print_dev_props(int, ncclNetProperties_t *) Line: 83: NET/OFI cxi0: Device Speed: 200000000
TRACE: Function: void print_dev_props(int, ncclNetProperties_t *) Line: 84: NET/OFI cxi0: Device Port: 1
TRACE: Function: void print_dev_props(int, ncclNetProperties_t *) Line: 85: NET/OFI cxi0: Device Maximum Communicators: 128
TRACE: Function: int main(int, char **) Line: 48: NET/OFI Using CUDA device 4 for memory allocation
INFO: Function: ncclResult_t ofi_init(ncclDebugLogger_t) Line: 1120: NET/OFI Using aws-ofi-rccl 1.4.0
INFO: Function: ncclResult_t ofi_init(ncclDebugLogger_t) Line: 1163: NET/OFI Setting FI_EFA_FORK_SAFE environment variable to 1
TRACE: Function: void filter_cxi_info_list() Line: 433: NET/OFI Removing multiple CXI info for same domain
INFO: Function: ncclResult_t ofi_init(ncclDebugLogger_t) Line: 1200: NET/OFI Selected Provider is cxi
TRACE: Function: ncclResult_t ofi_init(ncclDebugLogger_t) Line: 1209: NET/OFI Provider cxi does not require registration of local memory buffers
TRACE: Function: ncclResult_t ofi_init(ncclDebugLogger_t) Line: 1219: NET/OFI Provider cxi does not require registration of device buffers
INFO: Function: int main(int, char **) Line: 59: NET/OFI Process rank 20 started. NCCLNet device used on frontier01536 is AWS Libfabric.
TRACE: Function: void print_dev_props(int, ncclNetProperties_t *) Line: 87: NET/OFI cxi0: Device Maximum Grouped Receives: 1
TRACE: Function: void print_dev_props(int, ncclNetProperties_t *) Line: 79: NET/OFI ****************** Device 1 Properties ******************
TRACE: Function: void print_dev_props(int, ncclNetProperties_t *) Line: 80: NET/OFI cxi1: PCIe Path: /sys/devices/pci0000:cc/0000:cc:01.1/0000:cd:00.0
TRACE: Function: void print_dev_props(int, ncclNetProperties_t *) Line: 81: NET/OFI cxi1: Plugin Support: 3
TRACE: Function: void print_dev_props(int, ncclNetProperties_t *) Line: 82: NET/OFI cxi1: Device GUID: 1
TRACE: Function: void print_dev_props(int, ncclNetProperties_t *) Line: 83: NET/OFI cxi1: Device Speed: 200000000
TRACE: Function: void print_dev_props(int, ncclNetProperties_t *) Line: 84: NET/OFI cxi1: Device Port: 1
TRACE: Function: void print_dev_props(int, ncclNetProperties_t *) Line: 85: NET/OFI cxi1: Device Maximum Communicators: 128
TRACE: Function: void print_dev_props(int, ncclNetProperties_t *) Line: 87: NET/OFI cxi1: Device Maximum Grouped Receives: 1
TRACE: Function: void print_dev_props(int, ncclNetProperties_t *) Line: 79: NET/OFI ****************** Device 2 Properties ******************
TRACE: Function: void print_dev_props(int, ncclNetProperties_t *) Line: 80: NET/OFI cxi2: PCIe Path: /sys/devices/pci0000:d4/0000:d4:01.1/0000:d5:00.0
TRACE: Function: void print_dev_props(int, ncclNetProperties_t *) Line: 81: NET/OFI cxi2: Plugin Support: 3
TRACE: Function: void print_dev_props(int, ncclNetProperties_t *) Line: 82: NET/OFI cxi2: Device GUID: 2
TRACE: Function: void print_dev_props(int, ncclNetProperties_t *) Line: 83: NET/OFI cxi2: Device Speed: 200000000
TRACE: Function: void print_dev_props(int, ncclNetProperties_t *) Line: 84: NET/OFI cxi2: Device Port: 1
TRACE: Function: void print_dev_props(int, ncclNetProperties_t *) Line: 85: NET/OFI cxi2: Device Maximum Communicators: 128
TRACE: Function: void print_dev_props(int, ncclNetProperties_t *) Line: 87: NET/OFI cxi0: Device Maximum Grouped Receives: 1
TRACE: Function: void print_dev_props(int, ncclNetProperties_t *) Line: 79: NET/OFI ****************** Device 1 Properties ******************
TRACE: Function: void print_dev_props(int, ncclNetProperties_t *) Line: 80: NET/OFI cxi1: PCIe Path: /sys/devices/pci0000:cc/0000:cc:01.1/0000:cd:00.0
TRACE: Function: void print_dev_props(int, ncclNetProperties_t *) Line: 81: NET/OFI cxi1: Plugin Support: 3
TRACE: Function: void print_dev_props(int, ncclNetProperties_t *) Line: 82: NET/OFI cxi1: Device GUID: 1
TRACE: Function: void print_dev_props(int, ncclNetProperties_t *) Line: 83: NET/OFI cxi1: Device Speed: 200000000
TRACE: Function: void print_dev_props(int, ncclNetProperties_t *) Line: 84: NET/OFI cxi1: Device Port: 1
TRACE: Function: void print_dev_props(int, ncclNetProperties_t *) Line: 85: NET/OFI cxi1: Device Maximum Communicators: 128
INFO: Function: int main(int, char **) Line: 63: NET/OFI Received 4 network devices
TRACE: Function: void print_dev_props(int, ncclNetProperties_t *) Line: 79: NET/OFI ****************** Device 0 Properties ******************
TRACE: Function: void print_dev_props(int, ncclNetProperties_t *) Line: 80: NET/OFI cxi0: PCIe Path: /sys/devices/pci0000:c4/0000:c4:01.1/0000:c5:00.0
TRACE: Function: void print_dev_props(int, ncclNetProperties_t *) Line: 81: NET/OFI cxi0: Plugin Support: 3
TRACE: Function: void print_dev_props(int, ncclNetProperties_t *) Line: 82: NET/OFI cxi0: Device GUID: 0
TRACE: Function: void print_dev_props(int, ncclNetProperties_t *) Line: 83: NET/OFI cxi0: Device Speed: 200000000
TRACE: Function: void print_dev_props(int, ncclNetProperties_t *) Line: 84: NET/OFI cxi0: Device Port: 1
TRACE: Function: void print_dev_props(int, ncclNetProperties_t *) Line: 85: NET/OFI cxi0: Device Maximum Communicators: 128
TRACE: Function: void print_dev_props(int, ncclNetProperties_t *) Line: 87: NET/OFI cxi1: Device Maximum Grouped Receives: 1
TRACE: Function: void print_dev_props(int, ncclNetProperties_t *) Line: 79: NET/OFI ****************** Device 2 Properties ******************
TRACE: Function: void print_dev_props(int, ncclNetProperties_t *) Line: 80: NET/OFI cxi2: PCIe Path: /sys/devices/pci0000:d4/0000:d4:01.1/0000:d5:00.0
TRACE: Function: void print_dev_props(int, ncclNetProperties_t *) Line: 81: NET/OFI cxi2: Plugin Support: 3
TRACE: Function: void print_dev_props(int, ncclNetProperties_t *) Line: 82: NET/OFI cxi2: Device GUID: 2
TRACE: Function: void print_dev_props(int, ncclNetProperties_t *) Line: 83: NET/OFI cxi2: Device Speed: 200000000
TRACE: Function: void print_dev_props(int, ncclNetProperties_t *) Line: 84: NET/OFI cxi2: Device Port: 1
TRACE: Function: void print_dev_props(int, ncclNetProperties_t *) Line: 85: NET/OFI cxi2: Device Maximum Communicators: 128
TRACE: Function: void print_dev_props(int, ncclNetProperties_t *) Line: 87: NET/OFI cxi2: Device Maximum Grouped Receives: 1
TRACE: Function: void print_dev_props(int, ncclNetProperties_t *) Line: 87: NET/OFI cxi1: Device Maximum Grouped Receives: 1
TRACE: Function: void print_dev_props(int, ncclNetProperties_t *) Line: 79: NET/OFI ****************** Device 2 Properties ******************
TRACE: Function: void print_dev_props(int, ncclNetProperties_t *) Line: 80: NET/OFI cxi2: PCIe Path: /sys/devices/pci0000:d4/0000:d4:01.1/0000:d5:00.0
TRACE: Function: void print_dev_props(int, ncclNetProperties_t *) Line: 81: NET/OFI cxi2: Plugin Support: 3
TRACE: Function: void print_dev_props(int, ncclNetProperties_t *) Line: 82: NET/OFI cxi2: Device GUID: 2
TRACE: Function: void print_dev_props(int, ncclNetProperties_t *) Line: 83: NET/OFI cxi2: Device Speed: 200000000
TRACE: Function: void print_dev_props(int, ncclNetProperties_t *) Line: 84: NET/OFI cxi2: Device Port: 1
TRACE: Function: void print_dev_props(int, ncclNetProperties_t *) Line: 85: NET/OFI cxi2: Device Maximum Communicators: 128
TRACE: Function: void print_dev_props(int, ncclNetProperties_t *) Line: 87: NET/OFI cxi0: Device Maximum Grouped Receives: 1
TRACE: Function: void print_dev_props(int, ncclNetProperties_t *) Line: 79: NET/OFI ****************** Device 1 Properties ******************
TRACE: Function: void print_dev_props(int, ncclNetProperties_t *) Line: 80: NET/OFI cxi1: PCIe Path: /sys/devices/pci0000:cc/0000:cc:01.1/0000:cd:00.0
TRACE: Function: void print_dev_props(int, ncclNetProperties_t *) Line: 81: NET/OFI cxi1: Plugin Support: 3
TRACE: Function: void print_dev_props(int, ncclNetProperties_t *) Line: 82: NET/OFI cxi1: Device GUID: 1
TRACE: Function: void print_dev_props(int, ncclNetProperties_t *) Line: 83: NET/OFI cxi1: Device Speed: 200000000
TRACE: Function: void print_dev_props(int, ncclNetProperties_t *) Line: 84: NET/OFI cxi1: Device Port: 1
TRACE: Function: void print_dev_props(int, ncclNetProperties_t *) Line: 85: NET/OFI cxi1: Device Maximum Communicators: 128
TRACE: Function: void print_dev_props(int, ncclNetProperties_t *) Line: 87: NET/OFI cxi2: Device Maximum Grouped Receives: 1
TRACE: Function: int main(int, char **) Line: 48: NET/OFI Using CUDA device 4 for memory allocation
INFO: Function: ncclResult_t ofi_init(ncclDebugLogger_t) Line: 1120: NET/OFI Using aws-ofi-rccl 1.4.0
INFO: Function: ncclResult_t ofi_init(ncclDebugLogger_t) Line: 1163: NET/OFI Setting FI_EFA_FORK_SAFE environment variable to 1
TRACE: Function: void filter_cxi_info_list() Line: 433: NET/OFI Removing multiple CXI info for same domain
INFO: Function: ncclResult_t ofi_init(ncclDebugLogger_t) Line: 1200: NET/OFI Selected Provider is cxi
TRACE: Function: ncclResult_t ofi_init(ncclDebugLogger_t) Line: 1209: NET/OFI Provider cxi does not require registration of local memory buffers
TRACE: Function: ncclResult_t ofi_init(ncclDebugLogger_t) Line: 1219: NET/OFI Provider cxi does not require registration of device buffers
INFO: Function: int main(int, char **) Line: 59: NET/OFI Process rank 4 started. NCCLNet device used on frontier00479 is AWS Libfabric.
TRACE: Function: void print_dev_props(int, ncclNetProperties_t *) Line: 87: NET/OFI cxi2: Device Maximum Grouped Receives: 1
TRACE: Function: void print_dev_props(int, ncclNetProperties_t *) Line: 87: NET/OFI cxi1: Device Maximum Grouped Receives: 1
TRACE: Function: void print_dev_props(int, ncclNetProperties_t *) Line: 79: NET/OFI ****************** Device 2 Properties ******************
TRACE: Function: void print_dev_props(int, ncclNetProperties_t *) Line: 80: NET/OFI cxi2: PCIe Path: /sys/devices/pci0000:d4/0000:d4:01.1/0000:d5:00.0
TRACE: Function: void print_dev_props(int, ncclNetProperties_t *) Line: 81: NET/OFI cxi2: Plugin Support: 3
TRACE: Function: void print_dev_props(int, ncclNetProperties_t *) Line: 82: NET/OFI cxi2: Device GUID: 2
TRACE: Function: void print_dev_props(int, ncclNetProperties_t *) Line: 83: NET/OFI cxi2: Device Speed: 200000000
TRACE: Function: void print_dev_props(int, ncclNetProperties_t *) Line: 84: NET/OFI cxi2: Device Port: 1
TRACE: Function: void print_dev_props(int, ncclNetProperties_t *) Line: 85: NET/OFI cxi2: Device Maximum Communicators: 128
TRACE: Function: int main(int, char **) Line: 48: NET/OFI Using CUDA device 6 for memory allocation
INFO: Function: ncclResult_t ofi_init(ncclDebugLogger_t) Line: 1120: NET/OFI Using aws-ofi-rccl 1.4.0
INFO: Function: ncclResult_t ofi_init(ncclDebugLogger_t) Line: 1163: NET/OFI Setting FI_EFA_FORK_SAFE environment variable to 1
TRACE: Function: void filter_cxi_info_list() Line: 433: NET/OFI Removing multiple CXI info for same domain
INFO: Function: ncclResult_t ofi_init(ncclDebugLogger_t) Line: 1200: NET/OFI Selected Provider is cxi
TRACE: Function: ncclResult_t ofi_init(ncclDebugLogger_t) Line: 1209: NET/OFI Provider cxi does not require registration of local memory buffers
TRACE: Function: ncclResult_t ofi_init(ncclDebugLogger_t) Line: 1219: NET/OFI Provider cxi does not require registration of device buffers
INFO: Function: int main(int, char **) Line: 59: NET/OFI Process rank 30 started. NCCLNet device used on frontier02048 is AWS Libfabric.
INFO: Function: int main(int, char **) Line: 63: NET/OFI Received 4 network devices
TRACE: Function: void print_dev_props(int, ncclNetProperties_t *) Line: 79: NET/OFI ****************** Device 0 Properties ******************
TRACE: Function: void print_dev_props(int, ncclNetProperties_t *) Line: 80: NET/OFI cxi0: PCIe Path: /sys/devices/pci0000:c4/0000:c4:01.1/0000:c5:00.0
TRACE: Function: void print_dev_props(int, ncclNetProperties_t *) Line: 81: NET/OFI cxi0: Plugin Support: 3
TRACE: Function: void print_dev_props(int, ncclNetProperties_t *) Line: 82: NET/OFI cxi0: Device GUID: 0
TRACE: Function: void print_dev_props(int, ncclNetProperties_t *) Line: 83: NET/OFI cxi0: Device Speed: 200000000
TRACE: Function: void print_dev_props(int, ncclNetProperties_t *) Line: 84: NET/OFI cxi0: Device Port: 1
TRACE: Function: void print_dev_props(int, ncclNetProperties_t *) Line: 85: NET/OFI cxi0: Device Maximum Communicators: 128
TRACE: Function: int main(int, char **) Line: 48: NET/OFI Using CUDA device 5 for memory allocation
INFO: Function: ncclResult_t ofi_init(ncclDebugLogger_t) Line: 1120: NET/OFI Using aws-ofi-rccl 1.4.0
INFO: Function: ncclResult_t ofi_init(ncclDebugLogger_t) Line: 1163: NET/OFI Setting FI_EFA_FORK_SAFE environment variable to 1
TRACE: Function: void filter_cxi_info_list() Line: 433: NET/OFI Removing multiple CXI info for same domain
INFO: Function: ncclResult_t ofi_init(ncclDebugLogger_t) Line: 1200: NET/OFI Selected Provider is cxi
TRACE: Function: ncclResult_t ofi_init(ncclDebugLogger_t) Line: 1209: NET/OFI Provider cxi does not require registration of local memory buffers
TRACE: Function: ncclResult_t ofi_init(ncclDebugLogger_t) Line: 1219: NET/OFI Provider cxi does not require registration of device buffers
INFO: Function: int main(int, char **) Line: 59: NET/OFI Process rank 13 started. NCCLNet device used on frontier00640 is AWS Libfabric.
TRACE: Function: void print_dev_props(int, ncclNetProperties_t *) Line: 87: NET/OFI cxi2: Device Maximum Grouped Receives: 1
INFO: Function: int main(int, char **) Line: 63: NET/OFI Received 4 network devices
TRACE: Function: void print_dev_props(int, ncclNetProperties_t *) Line: 79: NET/OFI ****************** Device 0 Properties ******************
TRACE: Function: void print_dev_props(int, ncclNetProperties_t *) Line: 80: NET/OFI cxi0: PCIe Path: /sys/devices/pci0000:c4/0000:c4:01.1/0000:c5:00.0
TRACE: Function: void print_dev_props(int, ncclNetProperties_t *) Line: 81: NET/OFI cxi0: Plugin Support: 3
TRACE: Function: void print_dev_props(int, ncclNetProperties_t *) Line: 82: NET/OFI cxi0: Device GUID: 0
TRACE: Function: void print_dev_props(int, ncclNetProperties_t *) Line: 83: NET/OFI cxi0: Device Speed: 200000000
TRACE: Function: void print_dev_props(int, ncclNetProperties_t *) Line: 84: NET/OFI cxi0: Device Port: 1
TRACE: Function: void print_dev_props(int, ncclNetProperties_t *) Line: 85: NET/OFI cxi0: Device Maximum Communicators: 128
TRACE: Function: void print_dev_props(int, ncclNetProperties_t *) Line: 87: NET/OFI cxi0: Device Maximum Grouped Receives: 1
TRACE: Function: void print_dev_props(int, ncclNetProperties_t *) Line: 79: NET/OFI ****************** Device 1 Properties ******************
TRACE: Function: void print_dev_props(int, ncclNetProperties_t *) Line: 80: NET/OFI cxi1: PCIe Path: /sys/devices/pci0000:cc/0000:cc:01.1/0000:cd:00.0
TRACE: Function: void print_dev_props(int, ncclNetProperties_t *) Line: 81: NET/OFI cxi1: Plugin Support: 3
TRACE: Function: void print_dev_props(int, ncclNetProperties_t *) Line: 82: NET/OFI cxi1: Device GUID: 1
TRACE: Function: void print_dev_props(int, ncclNetProperties_t *) Line: 83: NET/OFI cxi1: Device Speed: 200000000
TRACE: Function: void print_dev_props(int, ncclNetProperties_t *) Line: 84: NET/OFI cxi1: Device Port: 1
TRACE: Function: void print_dev_props(int, ncclNetProperties_t *) Line: 85: NET/OFI cxi1: Device Maximum Communicators: 128
INFO: Function: int main(int, char **) Line: 63: NET/OFI Received 4 network devices
TRACE: Function: void print_dev_props(int, ncclNetProperties_t *) Line: 79: NET/OFI ****************** Device 0 Properties ******************
TRACE: Function: void print_dev_props(int, ncclNetProperties_t *) Line: 80: NET/OFI cxi0: PCIe Path: /sys/devices/pci0000:c4/0000:c4:01.1/0000:c5:00.0
TRACE: Function: void print_dev_props(int, ncclNetProperties_t *) Line: 81: NET/OFI cxi0: Plugin Support: 3
TRACE: Function: void print_dev_props(int, ncclNetProperties_t *) Line: 82: NET/OFI cxi0: Device GUID: 0
TRACE: Function: void print_dev_props(int, ncclNetProperties_t *) Line: 83: NET/OFI cxi0: Device Speed: 200000000
TRACE: Function: void print_dev_props(int, ncclNetProperties_t *) Line: 84: NET/OFI cxi0: Device Port: 1
TRACE: Function: void print_dev_props(int, ncclNetProperties_t *) Line: 85: NET/OFI cxi0: Device Maximum Communicators: 128
TRACE: Function: int main(int, char **) Line: 48: NET/OFI Using CUDA device 6 for memory allocation
INFO: Function: ncclResult_t ofi_init(ncclDebugLogger_t) Line: 1120: NET/OFI Using aws-ofi-rccl 1.4.0
INFO: Function: ncclResult_t ofi_init(ncclDebugLogger_t) Line: 1163: NET/OFI Setting FI_EFA_FORK_SAFE environment variable to 1
TRACE: Function: void filter_cxi_info_list() Line: 433: NET/OFI Removing multiple CXI info for same domain
INFO: Function: ncclResult_t ofi_init(ncclDebugLogger_t) Line: 1200: NET/OFI Selected Provider is cxi
TRACE: Function: ncclResult_t ofi_init(ncclDebugLogger_t) Line: 1209: NET/OFI Provider cxi does not require registration of local memory buffers
TRACE: Function: ncclResult_t ofi_init(ncclDebugLogger_t) Line: 1219: NET/OFI Provider cxi does not require registration of device buffers
INFO: Function: int main(int, char **) Line: 59: NET/OFI Process rank 22 started. NCCLNet device used on frontier01536 is AWS Libfabric.
TRACE: Function: void print_dev_props(int, ncclNetProperties_t *) Line: 87: NET/OFI cxi0: Device Maximum Grouped Receives: 1
TRACE: Function: void print_dev_props(int, ncclNetProperties_t *) Line: 79: NET/OFI ****************** Device 1 Properties ******************
TRACE: Function: void print_dev_props(int, ncclNetProperties_t *) Line: 80: NET/OFI cxi1: PCIe Path: /sys/devices/pci0000:cc/0000:cc:01.1/0000:cd:00.0
TRACE: Function: void print_dev_props(int, ncclNetProperties_t *) Line: 81: NET/OFI cxi1: Plugin Support: 3
TRACE: Function: void print_dev_props(int, ncclNetProperties_t *) Line: 82: NET/OFI cxi1: Device GUID: 1
TRACE: Function: void print_dev_props(int, ncclNetProperties_t *) Line: 83: NET/OFI cxi1: Device Speed: 200000000
TRACE: Function: void print_dev_props(int, ncclNetProperties_t *) Line: 84: NET/OFI cxi1: Device Port: 1
TRACE: Function: void print_dev_props(int, ncclNetProperties_t *) Line: 85: NET/OFI cxi1: Device Maximum Communicators: 128
TRACE: Function: void print_dev_props(int, ncclNetProperties_t *) Line: 87: NET/OFI cxi1: Device Maximum Grouped Receives: 1
TRACE: Function: void print_dev_props(int, ncclNetProperties_t *) Line: 79: NET/OFI ****************** Device 2 Properties ******************
TRACE: Function: void print_dev_props(int, ncclNetProperties_t *) Line: 80: NET/OFI cxi2: PCIe Path: /sys/devices/pci0000:d4/0000:d4:01.1/0000:d5:00.0
TRACE: Function: void print_dev_props(int, ncclNetProperties_t *) Line: 81: NET/OFI cxi2: Plugin Support: 3
TRACE: Function: void print_dev_props(int, ncclNetProperties_t *) Line: 82: NET/OFI cxi2: Device GUID: 2
TRACE: Function: void print_dev_props(int, ncclNetProperties_t *) Line: 83: NET/OFI cxi2: Device Speed: 200000000
TRACE: Function: void print_dev_props(int, ncclNetProperties_t *) Line: 84: NET/OFI cxi2: Device Port: 1
TRACE: Function: void print_dev_props(int, ncclNetProperties_t *) Line: 85: NET/OFI cxi2: Device Maximum Communicators: 128
TRACE: Function: void print_dev_props(int, ncclNetProperties_t *) Line: 87: NET/OFI cxi0: Device Maximum Grouped Receives: 1
TRACE: Function: void print_dev_props(int, ncclNetProperties_t *) Line: 79: NET/OFI ****************** Device 1 Properties ******************
TRACE: Function: void print_dev_props(int, ncclNetProperties_t *) Line: 80: NET/OFI cxi1: PCIe Path: /sys/devices/pci0000:cc/0000:cc:01.1/0000:cd:00.0
TRACE: Function: void print_dev_props(int, ncclNetProperties_t *) Line: 81: NET/OFI cxi1: Plugin Support: 3
TRACE: Function: void print_dev_props(int, ncclNetProperties_t *) Line: 82: NET/OFI cxi1: Device GUID: 1
TRACE: Function: void print_dev_props(int, ncclNetProperties_t *) Line: 83: NET/OFI cxi1: Device Speed: 200000000
TRACE: Function: void print_dev_props(int, ncclNetProperties_t *) Line: 84: NET/OFI cxi1: Device Port: 1
TRACE: Function: void print_dev_props(int, ncclNetProperties_t *) Line: 85: NET/OFI cxi1: Device Maximum Communicators: 128
INFO: Function: int main(int, char **) Line: 63: NET/OFI Received 4 network devices
TRACE: Function: void print_dev_props(int, ncclNetProperties_t *) Line: 79: NET/OFI ****************** Device 0 Properties ******************
TRACE: Function: void print_dev_props(int, ncclNetProperties_t *) Line: 80: NET/OFI cxi0: PCIe Path: /sys/devices/pci0000:c4/0000:c4:01.1/0000:c5:00.0
TRACE: Function: void print_dev_props(int, ncclNetProperties_t *) Line: 81: NET/OFI cxi0: Plugin Support: 3
TRACE: Function: void print_dev_props(int, ncclNetProperties_t *) Line: 82: NET/OFI cxi0: Device GUID: 0
TRACE: Function: void print_dev_props(int, ncclNetProperties_t *) Line: 83: NET/OFI cxi0: Device Speed: 200000000
TRACE: Function: void print_dev_props(int, ncclNetProperties_t *) Line: 84: NET/OFI cxi0: Device Port: 1
TRACE: Function: void print_dev_props(int, ncclNetProperties_t *) Line: 85: NET/OFI cxi0: Device Maximum Communicators: 128
TRACE: Function: void print_dev_props(int, ncclNetProperties_t *) Line: 87: NET/OFI cxi1: Device Maximum Grouped Receives: 1
TRACE: Function: void print_dev_props(int, ncclNetProperties_t *) Line: 79: NET/OFI ****************** Device 2 Properties ******************
TRACE: Function: void print_dev_props(int, ncclNetProperties_t *) Line: 80: NET/OFI cxi2: PCIe Path: /sys/devices/pci0000:d4/0000:d4:01.1/0000:d5:00.0
TRACE: Function: void print_dev_props(int, ncclNetProperties_t *) Line: 81: NET/OFI cxi2: Plugin Support: 3
TRACE: Function: void print_dev_props(int, ncclNetProperties_t *) Line: 82: NET/OFI cxi2: Device GUID: 2
TRACE: Function: void print_dev_props(int, ncclNetProperties_t *) Line: 83: NET/OFI cxi2: Device Speed: 200000000
TRACE: Function: void print_dev_props(int, ncclNetProperties_t *) Line: 84: NET/OFI cxi2: Device Port: 1
TRACE: Function: void print_dev_props(int, ncclNetProperties_t *) Line: 85: NET/OFI cxi2: Device Maximum Communicators: 128
TRACE: Function: void print_dev_props(int, ncclNetProperties_t *) Line: 87: NET/OFI cxi2: Device Maximum Grouped Receives: 1
TRACE: Function: void print_dev_props(int, ncclNetProperties_t *) Line: 87: NET/OFI cxi1: Device Maximum Grouped Receives: 1
TRACE: Function: void print_dev_props(int, ncclNetProperties_t *) Line: 79: NET/OFI ****************** Device 2 Properties ******************
TRACE: Function: void print_dev_props(int, ncclNetProperties_t *) Line: 80: NET/OFI cxi2: PCIe Path: /sys/devices/pci0000:d4/0000:d4:01.1/0000:d5:00.0
TRACE: Function: void print_dev_props(int, ncclNetProperties_t *) Line: 81: NET/OFI cxi2: Plugin Support: 3
TRACE: Function: void print_dev_props(int, ncclNetProperties_t *) Line: 82: NET/OFI cxi2: Device GUID: 2
TRACE: Function: void print_dev_props(int, ncclNetProperties_t *) Line: 83: NET/OFI cxi2: Device Speed: 200000000
TRACE: Function: void print_dev_props(int, ncclNetProperties_t *) Line: 84: NET/OFI cxi2: Device Port: 1
TRACE: Function: void print_dev_props(int, ncclNetProperties_t *) Line: 85: NET/OFI cxi2: Device Maximum Communicators: 128
TRACE: Function: void print_dev_props(int, ncclNetProperties_t *) Line: 87: NET/OFI cxi0: Device Maximum Grouped Receives: 1
TRACE: Function: void print_dev_props(int, ncclNetProperties_t *) Line: 79: NET/OFI ****************** Device 1 Properties ******************
TRACE: Function: void print_dev_props(int, ncclNetProperties_t *) Line: 80: NET/OFI cxi1: PCIe Path: /sys/devices/pci0000:cc/0000:cc:01.1/0000:cd:00.0
TRACE: Function: void print_dev_props(int, ncclNetProperties_t *) Line: 81: NET/OFI cxi1: Plugin Support: 3
TRACE: Function: void print_dev_props(int, ncclNetProperties_t *) Line: 82: NET/OFI cxi1: Device GUID: 1
TRACE: Function: void print_dev_props(int, ncclNetProperties_t *) Line: 83: NET/OFI cxi1: Device Speed: 200000000
TRACE: Function: void print_dev_props(int, ncclNetProperties_t *) Line: 84: NET/OFI cxi1: Device Port: 1
TRACE: Function: void print_dev_props(int, ncclNetProperties_t *) Line: 85: NET/OFI cxi1: Device Maximum Communicators: 128
TRACE: Function: void print_dev_props(int, ncclNetProperties_t *) Line: 87: NET/OFI cxi2: Device Maximum Grouped Receives: 1
TRACE: Function: int main(int, char **) Line: 48: NET/OFI Using CUDA device 5 for memory allocation
INFO: Function: ncclResult_t ofi_init(ncclDebugLogger_t) Line: 1120: NET/OFI Using aws-ofi-rccl 1.4.0
INFO: Function: ncclResult_t ofi_init(ncclDebugLogger_t) Line: 1163: NET/OFI Setting FI_EFA_FORK_SAFE environment variable to 1
TRACE: Function: void filter_cxi_info_list() Line: 433: NET/OFI Removing multiple CXI info for same domain
INFO: Function: ncclResult_t ofi_init(ncclDebugLogger_t) Line: 1200: NET/OFI Selected Provider is cxi
TRACE: Function: ncclResult_t ofi_init(ncclDebugLogger_t) Line: 1209: NET/OFI Provider cxi does not require registration of local memory buffers
TRACE: Function: ncclResult_t ofi_init(ncclDebugLogger_t) Line: 1219: NET/OFI Provider cxi does not require registration of device buffers
INFO: Function: int main(int, char **) Line: 59: NET/OFI Process rank 5 started. NCCLNet device used on frontier00479 is AWS Libfabric.
TRACE: Function: void print_dev_props(int, ncclNetProperties_t *) Line: 87: NET/OFI cxi2: Device Maximum Grouped Receives: 1
TRACE: Function: void print_dev_props(int, ncclNetProperties_t *) Line: 87: NET/OFI cxi1: Device Maximum Grouped Receives: 1
TRACE: Function: void print_dev_props(int, ncclNetProperties_t *) Line: 79: NET/OFI ****************** Device 2 Properties ******************
TRACE: Function: void print_dev_props(int, ncclNetProperties_t *) Line: 80: NET/OFI cxi2: PCIe Path: /sys/devices/pci0000:d4/0000:d4:01.1/0000:d5:00.0
TRACE: Function: void print_dev_props(int, ncclNetProperties_t *) Line: 81: NET/OFI cxi2: Plugin Support: 3
TRACE: Function: void print_dev_props(int, ncclNetProperties_t *) Line: 82: NET/OFI cxi2: Device GUID: 2
TRACE: Function: void print_dev_props(int, ncclNetProperties_t *) Line: 83: NET/OFI cxi2: Device Speed: 200000000
TRACE: Function: void print_dev_props(int, ncclNetProperties_t *) Line: 84: NET/OFI cxi2: Device Port: 1
TRACE: Function: void print_dev_props(int, ncclNetProperties_t *) Line: 85: NET/OFI cxi2: Device Maximum Communicators: 128
TRACE: Function: int main(int, char **) Line: 48: NET/OFI Using CUDA device 1 for memory allocation
INFO: Function: ncclResult_t ofi_init(ncclDebugLogger_t) Line: 1120: NET/OFI Using aws-ofi-rccl 1.4.0
INFO: Function: ncclResult_t ofi_init(ncclDebugLogger_t) Line: 1163: NET/OFI Setting FI_EFA_FORK_SAFE environment variable to 1
TRACE: Function: void filter_cxi_info_list() Line: 433: NET/OFI Removing multiple CXI info for same domain
INFO: Function: ncclResult_t ofi_init(ncclDebugLogger_t) Line: 1200: NET/OFI Selected Provider is cxi
TRACE: Function: ncclResult_t ofi_init(ncclDebugLogger_t) Line: 1209: NET/OFI Provider cxi does not require registration of local memory buffers
TRACE: Function: ncclResult_t ofi_init(ncclDebugLogger_t) Line: 1219: NET/OFI Provider cxi does not require registration of device buffers
INFO: Function: int main(int, char **) Line: 59: NET/OFI Process rank 25 started. NCCLNet device used on frontier02048 is AWS Libfabric.
INFO: Function: int main(int, char **) Line: 63: NET/OFI Received 4 network devices
TRACE: Function: void print_dev_props(int, ncclNetProperties_t *) Line: 79: NET/OFI ****************** Device 0 Properties ******************
TRACE: Function: void print_dev_props(int, ncclNetProperties_t *) Line: 80: NET/OFI cxi0: PCIe Path: /sys/devices/pci0000:c4/0000:c4:01.1/0000:c5:00.0
TRACE: Function: void print_dev_props(int, ncclNetProperties_t *) Line: 81: NET/OFI cxi0: Plugin Support: 3
TRACE: Function: void print_dev_props(int, ncclNetProperties_t *) Line: 82: NET/OFI cxi0: Device GUID: 0
TRACE: Function: void print_dev_props(int, ncclNetProperties_t *) Line: 83: NET/OFI cxi0: Device Speed: 200000000
TRACE: Function: void print_dev_props(int, ncclNetProperties_t *) Line: 84: NET/OFI cxi0: Device Port: 1
TRACE: Function: void print_dev_props(int, ncclNetProperties_t *) Line: 85: NET/OFI cxi0: Device Maximum Communicators: 128
TRACE: Function: int main(int, char **) Line: 48: NET/OFI Using CUDA device 6 for memory allocation
INFO: Function: ncclResult_t ofi_init(ncclDebugLogger_t) Line: 1120: NET/OFI Using aws-ofi-rccl 1.4.0
INFO: Function: ncclResult_t ofi_init(ncclDebugLogger_t) Line: 1163: NET/OFI Setting FI_EFA_FORK_SAFE environment variable to 1
TRACE: Function: void filter_cxi_info_list() Line: 433: NET/OFI Removing multiple CXI info for same domain
INFO: Function: ncclResult_t ofi_init(ncclDebugLogger_t) Line: 1200: NET/OFI Selected Provider is cxi
TRACE: Function: ncclResult_t ofi_init(ncclDebugLogger_t) Line: 1209: NET/OFI Provider cxi does not require registration of local memory buffers
TRACE: Function: ncclResult_t ofi_init(ncclDebugLogger_t) Line: 1219: NET/OFI Provider cxi does not require registration of device buffers
INFO: Function: int main(int, char **) Line: 59: NET/OFI Process rank 14 started. NCCLNet device used on frontier00640 is AWS Libfabric.
TRACE: Function: void print_dev_props(int, ncclNetProperties_t *) Line: 87: NET/OFI cxi2: Device Maximum Grouped Receives: 1
INFO: Function: int main(int, char **) Line: 63: NET/OFI Received 4 network devices
TRACE: Function: void print_dev_props(int, ncclNetProperties_t *) Line: 79: NET/OFI ****************** Device 0 Properties ******************
TRACE: Function: void print_dev_props(int, ncclNetProperties_t *) Line: 80: NET/OFI cxi0: PCIe Path: /sys/devices/pci0000:c4/0000:c4:01.1/0000:c5:00.0
TRACE: Function: void print_dev_props(int, ncclNetProperties_t *) Line: 81: NET/OFI cxi0: Plugin Support: 3
TRACE: Function: void print_dev_props(int, ncclNetProperties_t *) Line: 82: NET/OFI cxi0: Device GUID: 0
TRACE: Function: void print_dev_props(int, ncclNetProperties_t *) Line: 83: NET/OFI cxi0: Device Speed: 200000000
TRACE: Function: void print_dev_props(int, ncclNetProperties_t *) Line: 84: NET/OFI cxi0: Device Port: 1
TRACE: Function: void print_dev_props(int, ncclNetProperties_t *) Line: 85: NET/OFI cxi0: Device Maximum Communicators: 128
TRACE: Function: void print_dev_props(int, ncclNetProperties_t *) Line: 87: NET/OFI cxi0: Device Maximum Grouped Receives: 1
TRACE: Function: void print_dev_props(int, ncclNetProperties_t *) Line: 79: NET/OFI ****************** Device 1 Properties ******************
TRACE: Function: void print_dev_props(int, ncclNetProperties_t *) Line: 80: NET/OFI cxi1: PCIe Path: /sys/devices/pci0000:cc/0000:cc:01.1/0000:cd:00.0
TRACE: Function: void print_dev_props(int, ncclNetProperties_t *) Line: 81: NET/OFI cxi1: Plugin Support: 3
TRACE: Function: void print_dev_props(int, ncclNetProperties_t *) Line: 82: NET/OFI cxi1: Device GUID: 1
TRACE: Function: void print_dev_props(int, ncclNetProperties_t *) Line: 83: NET/OFI cxi1: Device Speed: 200000000
TRACE: Function: void print_dev_props(int, ncclNetProperties_t *) Line: 84: NET/OFI cxi1: Device Port: 1
TRACE: Function: void print_dev_props(int, ncclNetProperties_t *) Line: 85: NET/OFI cxi1: Device Maximum Communicators: 128
INFO: Function: int main(int, char **) Line: 63: NET/OFI Received 4 network devices
TRACE: Function: void print_dev_props(int, ncclNetProperties_t *) Line: 79: NET/OFI ****************** Device 0 Properties ******************
TRACE: Function: void print_dev_props(int, ncclNetProperties_t *) Line: 80: NET/OFI cxi0: PCIe Path: /sys/devices/pci0000:c4/0000:c4:01.1/0000:c5:00.0
TRACE: Function: void print_dev_props(int, ncclNetProperties_t *) Line: 81: NET/OFI cxi0: Plugin Support: 3
TRACE: Function: void print_dev_props(int, ncclNetProperties_t *) Line: 82: NET/OFI cxi0: Device GUID: 0
TRACE: Function: void print_dev_props(int, ncclNetProperties_t *) Line: 83: NET/OFI cxi0: Device Speed: 200000000
TRACE: Function: void print_dev_props(int, ncclNetProperties_t *) Line: 84: NET/OFI cxi0: Device Port: 1
TRACE: Function: void print_dev_props(int, ncclNetProperties_t *) Line: 85: NET/OFI cxi0: Device Maximum Communicators: 128
TRACE: Function: int main(int, char **) Line: 48: NET/OFI Using CUDA device 7 for memory allocation
INFO: Function: ncclResult_t ofi_init(ncclDebugLogger_t) Line: 1120: NET/OFI Using aws-ofi-rccl 1.4.0
INFO: Function: ncclResult_t ofi_init(ncclDebugLogger_t) Line: 1163: NET/OFI Setting FI_EFA_FORK_SAFE environment variable to 1
TRACE: Function: void filter_cxi_info_list() Line: 433: NET/OFI Removing multiple CXI info for same domain
INFO: Function: ncclResult_t ofi_init(ncclDebugLogger_t) Line: 1200: NET/OFI Selected Provider is cxi
TRACE: Function: ncclResult_t ofi_init(ncclDebugLogger_t) Line: 1209: NET/OFI Provider cxi does not require registration of local memory buffers
TRACE: Function: ncclResult_t ofi_init(ncclDebugLogger_t) Line: 1219: NET/OFI Provider cxi does not require registration of device buffers
INFO: Function: int main(int, char **) Line: 59: NET/OFI Process rank 23 started. NCCLNet device used on frontier01536 is AWS Libfabric.
TRACE: Function: void print_dev_props(int, ncclNetProperties_t *) Line: 87: NET/OFI cxi0: Device Maximum Grouped Receives: 1
TRACE: Function: void print_dev_props(int, ncclNetProperties_t *) Line: 79: NET/OFI ****************** Device 1 Properties ******************
TRACE: Function: void print_dev_props(int, ncclNetProperties_t *) Line: 80: NET/OFI cxi1: PCIe Path: /sys/devices/pci0000:cc/0000:cc:01.1/0000:cd:00.0
TRACE: Function: void print_dev_props(int, ncclNetProperties_t *) Line: 81: NET/OFI cxi1: Plugin Support: 3
TRACE: Function: void print_dev_props(int, ncclNetProperties_t *) Line: 82: NET/OFI cxi1: Device GUID: 1
TRACE: Function: void print_dev_props(int, ncclNetProperties_t *) Line: 83: NET/OFI cxi1: Device Speed: 200000000
TRACE: Function: void print_dev_props(int, ncclNetProperties_t *) Line: 84: NET/OFI cxi1: Device Port: 1
TRACE: Function: void print_dev_props(int, ncclNetProperties_t *) Line: 85: NET/OFI cxi1: Device Maximum Communicators: 128
TRACE: Function: void print_dev_props(int, ncclNetProperties_t *) Line: 87: NET/OFI cxi1: Device Maximum Grouped Receives: 1
TRACE: Function: void print_dev_props(int, ncclNetProperties_t *) Line: 79: NET/OFI ****************** Device 2 Properties ******************
TRACE: Function: void print_dev_props(int, ncclNetProperties_t *) Line: 80: NET/OFI cxi2: PCIe Path: /sys/devices/pci0000:d4/0000:d4:01.1/0000:d5:00.0
TRACE: Function: void print_dev_props(int, ncclNetProperties_t *) Line: 81: NET/OFI cxi2: Plugin Support: 3
TRACE: Function: void print_dev_props(int, ncclNetProperties_t *) Line: 82: NET/OFI cxi2: Device GUID: 2
TRACE: Function: void print_dev_props(int, ncclNetProperties_t *) Line: 83: NET/OFI cxi2: Device Speed: 200000000
TRACE: Function: void print_dev_props(int, ncclNetProperties_t *) Line: 84: NET/OFI cxi2: Device Port: 1
TRACE: Function: void print_dev_props(int, ncclNetProperties_t *) Line: 85: NET/OFI cxi2: Device Maximum Communicators: 128
TRACE: Function: void print_dev_props(int, ncclNetProperties_t *) Line: 87: NET/OFI cxi0: Device Maximum Grouped Receives: 1
TRACE: Function: void print_dev_props(int, ncclNetProperties_t *) Line: 79: NET/OFI ****************** Device 1 Properties ******************
TRACE: Function: void print_dev_props(int, ncclNetProperties_t *) Line: 80: NET/OFI cxi1: PCIe Path: /sys/devices/pci0000:cc/0000:cc:01.1/0000:cd:00.0
TRACE: Function: void print_dev_props(int, ncclNetProperties_t *) Line: 81: NET/OFI cxi1: Plugin Support: 3
TRACE: Function: void print_dev_props(int, ncclNetProperties_t *) Line: 82: NET/OFI cxi1: Device GUID: 1
TRACE: Function: void print_dev_props(int, ncclNetProperties_t *) Line: 83: NET/OFI cxi1: Device Speed: 200000000
TRACE: Function: void print_dev_props(int, ncclNetProperties_t *) Line: 84: NET/OFI cxi1: Device Port: 1
TRACE: Function: void print_dev_props(int, ncclNetProperties_t *) Line: 85: NET/OFI cxi1: Device Maximum Communicators: 128
INFO: Function: int main(int, char **) Line: 63: NET/OFI Received 4 network devices
TRACE: Function: void print_dev_props(int, ncclNetProperties_t *) Line: 79: NET/OFI ****************** Device 0 Properties ******************
TRACE: Function: void print_dev_props(int, ncclNetProperties_t *) Line: 80: NET/OFI cxi0: PCIe Path: /sys/devices/pci0000:c4/0000:c4:01.1/0000:c5:00.0
TRACE: Function: void print_dev_props(int, ncclNetProperties_t *) Line: 81: NET/OFI cxi0: Plugin Support: 3
TRACE: Function: void print_dev_props(int, ncclNetProperties_t *) Line: 82: NET/OFI cxi0: Device GUID: 0
TRACE: Function: void print_dev_props(int, ncclNetProperties_t *) Line: 83: NET/OFI cxi0: Device Speed: 200000000
TRACE: Function: void print_dev_props(int, ncclNetProperties_t *) Line: 84: NET/OFI cxi0: Device Port: 1
TRACE: Function: void print_dev_props(int, ncclNetProperties_t *) Line: 85: NET/OFI cxi0: Device Maximum Communicators: 128
TRACE: Function: void print_dev_props(int, ncclNetProperties_t *) Line: 87: NET/OFI cxi1: Device Maximum Grouped Receives: 1
TRACE: Function: void print_dev_props(int, ncclNetProperties_t *) Line: 79: NET/OFI ****************** Device 2 Properties ******************
TRACE: Function: void print_dev_props(int, ncclNetProperties_t *) Line: 80: NET/OFI cxi2: PCIe Path: /sys/devices/pci0000:d4/0000:d4:01.1/0000:d5:00.0
TRACE: Function: void print_dev_props(int, ncclNetProperties_t *) Line: 81: NET/OFI cxi2: Plugin Support: 3
TRACE: Function: void print_dev_props(int, ncclNetProperties_t *) Line: 82: NET/OFI cxi2: Device GUID: 2
TRACE: Function: void print_dev_props(int, ncclNetProperties_t *) Line: 83: NET/OFI cxi2: Device Speed: 200000000
TRACE: Function: void print_dev_props(int, ncclNetProperties_t *) Line: 84: NET/OFI cxi2: Device Port: 1
TRACE: Function: void print_dev_props(int, ncclNetProperties_t *) Line: 85: NET/OFI cxi2: Device Maximum Communicators: 128
TRACE: Function: void print_dev_props(int, ncclNetProperties_t *) Line: 87: NET/OFI cxi2: Device Maximum Grouped Receives: 1
TRACE: Function: void print_dev_props(int, ncclNetProperties_t *) Line: 87: NET/OFI cxi1: Device Maximum Grouped Receives: 1
TRACE: Function: void print_dev_props(int, ncclNetProperties_t *) Line: 79: NET/OFI ****************** Device 2 Properties ******************
TRACE: Function: void print_dev_props(int, ncclNetProperties_t *) Line: 80: NET/OFI cxi2: PCIe Path: /sys/devices/pci0000:d4/0000:d4:01.1/0000:d5:00.0
TRACE: Function: void print_dev_props(int, ncclNetProperties_t *) Line: 81: NET/OFI cxi2: Plugin Support: 3
TRACE: Function: void print_dev_props(int, ncclNetProperties_t *) Line: 82: NET/OFI cxi2: Device GUID: 2
TRACE: Function: void print_dev_props(int, ncclNetProperties_t *) Line: 83: NET/OFI cxi2: Device Speed: 200000000
TRACE: Function: void print_dev_props(int, ncclNetProperties_t *) Line: 84: NET/OFI cxi2: Device Port: 1
TRACE: Function: void print_dev_props(int, ncclNetProperties_t *) Line: 85: NET/OFI cxi2: Device Maximum Communicators: 128
TRACE: Function: void print_dev_props(int, ncclNetProperties_t *) Line: 87: NET/OFI cxi0: Device Maximum Grouped Receives: 1
TRACE: Function: void print_dev_props(int, ncclNetProperties_t *) Line: 79: NET/OFI ****************** Device 1 Properties ******************
TRACE: Function: void print_dev_props(int, ncclNetProperties_t *) Line: 80: NET/OFI cxi1: PCIe Path: /sys/devices/pci0000:cc/0000:cc:01.1/0000:cd:00.0
TRACE: Function: void print_dev_props(int, ncclNetProperties_t *) Line: 81: NET/OFI cxi1: Plugin Support: 3
TRACE: Function: void print_dev_props(int, ncclNetProperties_t *) Line: 82: NET/OFI cxi1: Device GUID: 1
TRACE: Function: void print_dev_props(int, ncclNetProperties_t *) Line: 83: NET/OFI cxi1: Device Speed: 200000000
TRACE: Function: void print_dev_props(int, ncclNetProperties_t *) Line: 84: NET/OFI cxi1: Device Port: 1
TRACE: Function: void print_dev_props(int, ncclNetProperties_t *) Line: 85: NET/OFI cxi1: Device Maximum Communicators: 128
TRACE: Function: void print_dev_props(int, ncclNetProperties_t *) Line: 87: NET/OFI cxi2: Device Maximum Grouped Receives: 1
TRACE: Function: int main(int, char **) Line: 48: NET/OFI Using CUDA device 1 for memory allocation
INFO: Function: ncclResult_t ofi_init(ncclDebugLogger_t) Line: 1120: NET/OFI Using aws-ofi-rccl 1.4.0
INFO: Function: ncclResult_t ofi_init(ncclDebugLogger_t) Line: 1163: NET/OFI Setting FI_EFA_FORK_SAFE environment variable to 1
TRACE: Function: void filter_cxi_info_list() Line: 433: NET/OFI Removing multiple CXI info for same domain
INFO: Function: ncclResult_t ofi_init(ncclDebugLogger_t) Line: 1200: NET/OFI Selected Provider is cxi
TRACE: Function: ncclResult_t ofi_init(ncclDebugLogger_t) Line: 1209: NET/OFI Provider cxi does not require registration of local memory buffers
TRACE: Function: ncclResult_t ofi_init(ncclDebugLogger_t) Line: 1219: NET/OFI Provider cxi does not require registration of device buffers
INFO: Function: int main(int, char **) Line: 59: NET/OFI Process rank 1 started. NCCLNet device used on frontier00479 is AWS Libfabric.
TRACE: Function: void print_dev_props(int, ncclNetProperties_t *) Line: 87: NET/OFI cxi2: Device Maximum Grouped Receives: 1
TRACE: Function: void print_dev_props(int, ncclNetProperties_t *) Line: 87: NET/OFI cxi1: Device Maximum Grouped Receives: 1
TRACE: Function: void print_dev_props(int, ncclNetProperties_t *) Line: 79: NET/OFI ****************** Device 2 Properties ******************
TRACE: Function: void print_dev_props(int, ncclNetProperties_t *) Line: 80: NET/OFI cxi2: PCIe Path: /sys/devices/pci0000:d4/0000:d4:01.1/0000:d5:00.0
TRACE: Function: void print_dev_props(int, ncclNetProperties_t *) Line: 81: NET/OFI cxi2: Plugin Support: 3
TRACE: Function: void print_dev_props(int, ncclNetProperties_t *) Line: 82: NET/OFI cxi2: Device GUID: 2
TRACE: Function: void print_dev_props(int, ncclNetProperties_t *) Line: 83: NET/OFI cxi2: Device Speed: 200000000
TRACE: Function: void print_dev_props(int, ncclNetProperties_t *) Line: 84: NET/OFI cxi2: Device Port: 1
TRACE: Function: void print_dev_props(int, ncclNetProperties_t *) Line: 85: NET/OFI cxi2: Device Maximum Communicators: 128
TRACE: Function: int main(int, char **) Line: 48: NET/OFI Using CUDA device 0 for memory allocation
INFO: Function: ncclResult_t ofi_init(ncclDebugLogger_t) Line: 1120: NET/OFI Using aws-ofi-rccl 1.4.0
INFO: Function: ncclResult_t ofi_init(ncclDebugLogger_t) Line: 1163: NET/OFI Setting FI_EFA_FORK_SAFE environment variable to 1
TRACE: Function: void filter_cxi_info_list() Line: 433: NET/OFI Removing multiple CXI info for same domain
INFO: Function: ncclResult_t ofi_init(ncclDebugLogger_t) Line: 1200: NET/OFI Selected Provider is cxi
TRACE: Function: ncclResult_t ofi_init(ncclDebugLogger_t) Line: 1209: NET/OFI Provider cxi does not require registration of local memory buffers
TRACE: Function: ncclResult_t ofi_init(ncclDebugLogger_t) Line: 1219: NET/OFI Provider cxi does not require registration of device buffers
INFO: Function: int main(int, char **) Line: 59: NET/OFI Process rank 24 started. NCCLNet device used on frontier02048 is AWS Libfabric.
INFO: Function: int main(int, char **) Line: 63: NET/OFI Received 4 network devices
TRACE: Function: void print_dev_props(int, ncclNetProperties_t *) Line: 79: NET/OFI ****************** Device 0 Properties ******************
TRACE: Function: void print_dev_props(int, ncclNetProperties_t *) Line: 80: NET/OFI cxi0: PCIe Path: /sys/devices/pci0000:c4/0000:c4:01.1/0000:c5:00.0
TRACE: Function: void print_dev_props(int, ncclNetProperties_t *) Line: 81: NET/OFI cxi0: Plugin Support: 3
TRACE: Function: void print_dev_props(int, ncclNetProperties_t *) Line: 82: NET/OFI cxi0: Device GUID: 0
TRACE: Function: void print_dev_props(int, ncclNetProperties_t *) Line: 83: NET/OFI cxi0: Device Speed: 200000000
TRACE: Function: void print_dev_props(int, ncclNetProperties_t *) Line: 84: NET/OFI cxi0: Device Port: 1
TRACE: Function: void print_dev_props(int, ncclNetProperties_t *) Line: 85: NET/OFI cxi0: Device Maximum Communicators: 128
TRACE: Function: int main(int, char **) Line: 48: NET/OFI Using CUDA device 2 for memory allocation
INFO: Function: ncclResult_t ofi_init(ncclDebugLogger_t) Line: 1120: NET/OFI Using aws-ofi-rccl 1.4.0
INFO: Function: ncclResult_t ofi_init(ncclDebugLogger_t) Line: 1163: NET/OFI Setting FI_EFA_FORK_SAFE environment variable to 1
TRACE: Function: void filter_cxi_info_list() Line: 433: NET/OFI Removing multiple CXI info for same domain
INFO: Function: ncclResult_t ofi_init(ncclDebugLogger_t) Line: 1200: NET/OFI Selected Provider is cxi
TRACE: Function: ncclResult_t ofi_init(ncclDebugLogger_t) Line: 1209: NET/OFI Provider cxi does not require registration of local memory buffers
TRACE: Function: ncclResult_t ofi_init(ncclDebugLogger_t) Line: 1219: NET/OFI Provider cxi does not require registration of device buffers
INFO: Function: int main(int, char **) Line: 59: NET/OFI Process rank 10 started. NCCLNet device used on frontier00640 is AWS Libfabric.
TRACE: Function: void print_dev_props(int, ncclNetProperties_t *) Line: 87: NET/OFI cxi2: Device Maximum Grouped Receives: 1
INFO: Function: int main(int, char **) Line: 63: NET/OFI Received 4 network devices
TRACE: Function: void print_dev_props(int, ncclNetProperties_t *) Line: 79: NET/OFI ****************** Device 0 Properties ******************
TRACE: Function: void print_dev_props(int, ncclNetProperties_t *) Line: 80: NET/OFI cxi0: PCIe Path: /sys/devices/pci0000:c4/0000:c4:01.1/0000:c5:00.0
TRACE: Function: void print_dev_props(int, ncclNetProperties_t *) Line: 81: NET/OFI cxi0: Plugin Support: 3
TRACE: Function: void print_dev_props(int, ncclNetProperties_t *) Line: 82: NET/OFI cxi0: Device GUID: 0
TRACE: Function: void print_dev_props(int, ncclNetProperties_t *) Line: 83: NET/OFI cxi0: Device Speed: 200000000
TRACE: Function: void print_dev_props(int, ncclNetProperties_t *) Line: 84: NET/OFI cxi0: Device Port: 1
TRACE: Function: void print_dev_props(int, ncclNetProperties_t *) Line: 85: NET/OFI cxi0: Device Maximum Communicators: 128
TRACE: Function: void print_dev_props(int, ncclNetProperties_t *) Line: 87: NET/OFI cxi0: Device Maximum Grouped Receives: 1
TRACE: Function: void print_dev_props(int, ncclNetProperties_t *) Line: 79: NET/OFI ****************** Device 1 Properties ******************
TRACE: Function: void print_dev_props(int, ncclNetProperties_t *) Line: 80: NET/OFI cxi1: PCIe Path: /sys/devices/pci0000:cc/0000:cc:01.1/0000:cd:00.0
TRACE: Function: void print_dev_props(int, ncclNetProperties_t *) Line: 81: NET/OFI cxi1: Plugin Support: 3
TRACE: Function: void print_dev_props(int, ncclNetProperties_t *) Line: 82: NET/OFI cxi1: Device GUID: 1
TRACE: Function: void print_dev_props(int, ncclNetProperties_t *) Line: 83: NET/OFI cxi1: Device Speed: 200000000
TRACE: Function: void print_dev_props(int, ncclNetProperties_t *) Line: 84: NET/OFI cxi1: Device Port: 1
TRACE: Function: void print_dev_props(int, ncclNetProperties_t *) Line: 85: NET/OFI cxi1: Device Maximum Communicators: 128
INFO: Function: int main(int, char **) Line: 63: NET/OFI Received 4 network devices
TRACE: Function: void print_dev_props(int, ncclNetProperties_t *) Line: 79: NET/OFI ****************** Device 0 Properties ******************
TRACE: Function: void print_dev_props(int, ncclNetProperties_t *) Line: 80: NET/OFI cxi0: PCIe Path: /sys/devices/pci0000:c4/0000:c4:01.1/0000:c5:00.0
TRACE: Function: void print_dev_props(int, ncclNetProperties_t *) Line: 81: NET/OFI cxi0: Plugin Support: 3
TRACE: Function: void print_dev_props(int, ncclNetProperties_t *) Line: 82: NET/OFI cxi0: Device GUID: 0
TRACE: Function: void print_dev_props(int, ncclNetProperties_t *) Line: 83: NET/OFI cxi0: Device Speed: 200000000
TRACE: Function: void print_dev_props(int, ncclNetProperties_t *) Line: 84: NET/OFI cxi0: Device Port: 1
TRACE: Function: void print_dev_props(int, ncclNetProperties_t *) Line: 85: NET/OFI cxi0: Device Maximum Communicators: 128
TRACE: Function: int main(int, char **) Line: 48: NET/OFI Using CUDA device 5 for memory allocation
INFO: Function: ncclResult_t ofi_init(ncclDebugLogger_t) Line: 1120: NET/OFI Using aws-ofi-rccl 1.4.0
INFO: Function: ncclResult_t ofi_init(ncclDebugLogger_t) Line: 1163: NET/OFI Setting FI_EFA_FORK_SAFE environment variable to 1
TRACE: Function: void filter_cxi_info_list() Line: 433: NET/OFI Removing multiple CXI info for same domain
INFO: Function: ncclResult_t ofi_init(ncclDebugLogger_t) Line: 1200: NET/OFI Selected Provider is cxi
TRACE: Function: ncclResult_t ofi_init(ncclDebugLogger_t) Line: 1209: NET/OFI Provider cxi does not require registration of local memory buffers
TRACE: Function: ncclResult_t ofi_init(ncclDebugLogger_t) Line: 1219: NET/OFI Provider cxi does not require registration of device buffers
INFO: Function: int main(int, char **) Line: 59: NET/OFI Process rank 21 started. NCCLNet device used on frontier01536 is AWS Libfabric.
TRACE: Function: void print_dev_props(int, ncclNetProperties_t *) Line: 87: NET/OFI cxi0: Device Maximum Grouped Receives: 1
TRACE: Function: void print_dev_props(int, ncclNetProperties_t *) Line: 79: NET/OFI ****************** Device 1 Properties ******************
TRACE: Function: void print_dev_props(int, ncclNetProperties_t *) Line: 80: NET/OFI cxi1: PCIe Path: /sys/devices/pci0000:cc/0000:cc:01.1/0000:cd:00.0
TRACE: Function: void print_dev_props(int, ncclNetProperties_t *) Line: 81: NET/OFI cxi1: Plugin Support: 3
TRACE: Function: void print_dev_props(int, ncclNetProperties_t *) Line: 82: NET/OFI cxi1: Device GUID: 1
TRACE: Function: void print_dev_props(int, ncclNetProperties_t *) Line: 83: NET/OFI cxi1: Device Speed: 200000000
TRACE: Function: void print_dev_props(int, ncclNetProperties_t *) Line: 84: NET/OFI cxi1: Device Port: 1
TRACE: Function: void print_dev_props(int, ncclNetProperties_t *) Line: 85: NET/OFI cxi1: Device Maximum Communicators: 128
TRACE: Function: void print_dev_props(int, ncclNetProperties_t *) Line: 87: NET/OFI cxi1: Device Maximum Grouped Receives: 1
TRACE: Function: void print_dev_props(int, ncclNetProperties_t *) Line: 79: NET/OFI ****************** Device 2 Properties ******************
TRACE: Function: void print_dev_props(int, ncclNetProperties_t *) Line: 80: NET/OFI cxi2: PCIe Path: /sys/devices/pci0000:d4/0000:d4:01.1/0000:d5:00.0
TRACE: Function: void print_dev_props(int, ncclNetProperties_t *) Line: 81: NET/OFI cxi2: Plugin Support: 3
TRACE: Function: void print_dev_props(int, ncclNetProperties_t *) Line: 82: NET/OFI cxi2: Device GUID: 2
TRACE: Function: void print_dev_props(int, ncclNetProperties_t *) Line: 83: NET/OFI cxi2: Device Speed: 200000000
TRACE: Function: void print_dev_props(int, ncclNetProperties_t *) Line: 84: NET/OFI cxi2: Device Port: 1
TRACE: Function: void print_dev_props(int, ncclNetProperties_t *) Line: 85: NET/OFI cxi2: Device Maximum Communicators: 128
TRACE: Function: void print_dev_props(int, ncclNetProperties_t *) Line: 87: NET/OFI cxi0: Device Maximum Grouped Receives: 1
TRACE: Function: void print_dev_props(int, ncclNetProperties_t *) Line: 79: NET/OFI ****************** Device 1 Properties ******************
TRACE: Function: void print_dev_props(int, ncclNetProperties_t *) Line: 80: NET/OFI cxi1: PCIe Path: /sys/devices/pci0000:cc/0000:cc:01.1/0000:cd:00.0
TRACE: Function: void print_dev_props(int, ncclNetProperties_t *) Line: 81: NET/OFI cxi1: Plugin Support: 3
TRACE: Function: void print_dev_props(int, ncclNetProperties_t *) Line: 82: NET/OFI cxi1: Device GUID: 1
TRACE: Function: void print_dev_props(int, ncclNetProperties_t *) Line: 83: NET/OFI cxi1: Device Speed: 200000000
TRACE: Function: void print_dev_props(int, ncclNetProperties_t *) Line: 84: NET/OFI cxi1: Device Port: 1
TRACE: Function: void print_dev_props(int, ncclNetProperties_t *) Line: 85: NET/OFI cxi1: Device Maximum Communicators: 128
INFO: Function: int main(int, char **) Line: 63: NET/OFI Received 4 network devices
TRACE: Function: void print_dev_props(int, ncclNetProperties_t *) Line: 79: NET/OFI ****************** Device 0 Properties ******************
TRACE: Function: void print_dev_props(int, ncclNetProperties_t *) Line: 80: NET/OFI cxi0: PCIe Path: /sys/devices/pci0000:c4/0000:c4:01.1/0000:c5:00.0
TRACE: Function: void print_dev_props(int, ncclNetProperties_t *) Line: 81: NET/OFI cxi0: Plugin Support: 3
TRACE: Function: void print_dev_props(int, ncclNetProperties_t *) Line: 82: NET/OFI cxi0: Device GUID: 0
TRACE: Function: void print_dev_props(int, ncclNetProperties_t *) Line: 83: NET/OFI cxi0: Device Speed: 200000000
TRACE: Function: void print_dev_props(int, ncclNetProperties_t *) Line: 84: NET/OFI cxi0: Device Port: 1
TRACE: Function: void print_dev_props(int, ncclNetProperties_t *) Line: 85: NET/OFI cxi0: Device Maximum Communicators: 128
TRACE: Function: void print_dev_props(int, ncclNetProperties_t *) Line: 87: NET/OFI cxi1: Device Maximum Grouped Receives: 1
TRACE: Function: void print_dev_props(int, ncclNetProperties_t *) Line: 79: NET/OFI ****************** Device 2 Properties ******************
TRACE: Function: void print_dev_props(int, ncclNetProperties_t *) Line: 80: NET/OFI cxi2: PCIe Path: /sys/devices/pci0000:d4/0000:d4:01.1/0000:d5:00.0
TRACE: Function: void print_dev_props(int, ncclNetProperties_t *) Line: 81: NET/OFI cxi2: Plugin Support: 3
TRACE: Function: void print_dev_props(int, ncclNetProperties_t *) Line: 82: NET/OFI cxi2: Device GUID: 2
TRACE: Function: void print_dev_props(int, ncclNetProperties_t *) Line: 83: NET/OFI cxi2: Device Speed: 200000000
TRACE: Function: void print_dev_props(int, ncclNetProperties_t *) Line: 84: NET/OFI cxi2: Device Port: 1
TRACE: Function: void print_dev_props(int, ncclNetProperties_t *) Line: 85: NET/OFI cxi2: Device Maximum Communicators: 128
TRACE: Function: void print_dev_props(int, ncclNetProperties_t *) Line: 87: NET/OFI cxi2: Device Maximum Grouped Receives: 1
TRACE: Function: void print_dev_props(int, ncclNetProperties_t *) Line: 87: NET/OFI cxi1: Device Maximum Grouped Receives: 1
TRACE: Function: void print_dev_props(int, ncclNetProperties_t *) Line: 79: NET/OFI ****************** Device 2 Properties ******************
TRACE: Function: void print_dev_props(int, ncclNetProperties_t *) Line: 80: NET/OFI cxi2: PCIe Path: /sys/devices/pci0000:d4/0000:d4:01.1/0000:d5:00.0
TRACE: Function: void print_dev_props(int, ncclNetProperties_t *) Line: 81: NET/OFI cxi2: Plugin Support: 3
TRACE: Function: void print_dev_props(int, ncclNetProperties_t *) Line: 82: NET/OFI cxi2: Device GUID: 2
TRACE: Function: void print_dev_props(int, ncclNetProperties_t *) Line: 83: NET/OFI cxi2: Device Speed: 200000000
TRACE: Function: void print_dev_props(int, ncclNetProperties_t *) Line: 84: NET/OFI cxi2: Device Port: 1
TRACE: Function: void print_dev_props(int, ncclNetProperties_t *) Line: 85: NET/OFI cxi2: Device Maximum Communicators: 128
TRACE: Function: void print_dev_props(int, ncclNetProperties_t *) Line: 87: NET/OFI cxi0: Device Maximum Grouped Receives: 1
TRACE: Function: void print_dev_props(int, ncclNetProperties_t *) Line: 79: NET/OFI ****************** Device 1 Properties ******************
TRACE: Function: void print_dev_props(int, ncclNetProperties_t *) Line: 80: NET/OFI cxi1: PCIe Path: /sys/devices/pci0000:cc/0000:cc:01.1/0000:cd:00.0
TRACE: Function: void print_dev_props(int, ncclNetProperties_t *) Line: 81: NET/OFI cxi1: Plugin Support: 3
TRACE: Function: void print_dev_props(int, ncclNetProperties_t *) Line: 82: NET/OFI cxi1: Device GUID: 1
TRACE: Function: void print_dev_props(int, ncclNetProperties_t *) Line: 83: NET/OFI cxi1: Device Speed: 200000000
TRACE: Function: void print_dev_props(int, ncclNetProperties_t *) Line: 84: NET/OFI cxi1: Device Port: 1
TRACE: Function: void print_dev_props(int, ncclNetProperties_t *) Line: 85: NET/OFI cxi1: Device Maximum Communicators: 128
TRACE: Function: void print_dev_props(int, ncclNetProperties_t *) Line: 87: NET/OFI cxi2: Device Maximum Grouped Receives: 1
TRACE: Function: int main(int, char **) Line: 48: NET/OFI Using CUDA device 7 for memory allocation
INFO: Function: ncclResult_t ofi_init(ncclDebugLogger_t) Line: 1120: NET/OFI Using aws-ofi-rccl 1.4.0
INFO: Function: ncclResult_t ofi_init(ncclDebugLogger_t) Line: 1163: NET/OFI Setting FI_EFA_FORK_SAFE environment variable to 1
TRACE: Function: void filter_cxi_info_list() Line: 433: NET/OFI Removing multiple CXI info for same domain
INFO: Function: ncclResult_t ofi_init(ncclDebugLogger_t) Line: 1200: NET/OFI Selected Provider is cxi
TRACE: Function: ncclResult_t ofi_init(ncclDebugLogger_t) Line: 1209: NET/OFI Provider cxi does not require registration of local memory buffers
TRACE: Function: ncclResult_t ofi_init(ncclDebugLogger_t) Line: 1219: NET/OFI Provider cxi does not require registration of device buffers
INFO: Function: int main(int, char **) Line: 59: NET/OFI Process rank 7 started. NCCLNet device used on frontier00479 is AWS Libfabric.
TRACE: Function: void print_dev_props(int, ncclNetProperties_t *) Line: 87: NET/OFI cxi2: Device Maximum Grouped Receives: 1
TRACE: Function: void print_dev_props(int, ncclNetProperties_t *) Line: 87: NET/OFI cxi1: Device Maximum Grouped Receives: 1
TRACE: Function: void print_dev_props(int, ncclNetProperties_t *) Line: 79: NET/OFI ****************** Device 2 Properties ******************
TRACE: Function: void print_dev_props(int, ncclNetProperties_t *) Line: 80: NET/OFI cxi2: PCIe Path: /sys/devices/pci0000:d4/0000:d4:01.1/0000:d5:00.0
TRACE: Function: void print_dev_props(int, ncclNetProperties_t *) Line: 81: NET/OFI cxi2: Plugin Support: 3
TRACE: Function: void print_dev_props(int, ncclNetProperties_t *) Line: 82: NET/OFI cxi2: Device GUID: 2
TRACE: Function: void print_dev_props(int, ncclNetProperties_t *) Line: 83: NET/OFI cxi2: Device Speed: 200000000
TRACE: Function: void print_dev_props(int, ncclNetProperties_t *) Line: 84: NET/OFI cxi2: Device Port: 1
TRACE: Function: void print_dev_props(int, ncclNetProperties_t *) Line: 85: NET/OFI cxi2: Device Maximum Communicators: 128
TRACE: Function: int main(int, char **) Line: 48: NET/OFI Using CUDA device 5 for memory allocation
INFO: Function: ncclResult_t ofi_init(ncclDebugLogger_t) Line: 1120: NET/OFI Using aws-ofi-rccl 1.4.0
INFO: Function: ncclResult_t ofi_init(ncclDebugLogger_t) Line: 1163: NET/OFI Setting FI_EFA_FORK_SAFE environment variable to 1
TRACE: Function: void filter_cxi_info_list() Line: 433: NET/OFI Removing multiple CXI info for same domain
INFO: Function: ncclResult_t ofi_init(ncclDebugLogger_t) Line: 1200: NET/OFI Selected Provider is cxi
TRACE: Function: ncclResult_t ofi_init(ncclDebugLogger_t) Line: 1209: NET/OFI Provider cxi does not require registration of local memory buffers
TRACE: Function: ncclResult_t ofi_init(ncclDebugLogger_t) Line: 1219: NET/OFI Provider cxi does not require registration of device buffers
INFO: Function: int main(int, char **) Line: 59: NET/OFI Process rank 29 started. NCCLNet device used on frontier02048 is AWS Libfabric.
INFO: Function: int main(int, char **) Line: 63: NET/OFI Received 4 network devices
TRACE: Function: void print_dev_props(int, ncclNetProperties_t *) Line: 79: NET/OFI ****************** Device 0 Properties ******************
TRACE: Function: void print_dev_props(int, ncclNetProperties_t *) Line: 80: NET/OFI cxi0: PCIe Path: /sys/devices/pci0000:c4/0000:c4:01.1/0000:c5:00.0
TRACE: Function: void print_dev_props(int, ncclNetProperties_t *) Line: 81: NET/OFI cxi0: Plugin Support: 3
TRACE: Function: void print_dev_props(int, ncclNetProperties_t *) Line: 82: NET/OFI cxi0: Device GUID: 0
TRACE: Function: void print_dev_props(int, ncclNetProperties_t *) Line: 83: NET/OFI cxi0: Device Speed: 200000000
TRACE: Function: void print_dev_props(int, ncclNetProperties_t *) Line: 84: NET/OFI cxi0: Device Port: 1
TRACE: Function: void print_dev_props(int, ncclNetProperties_t *) Line: 85: NET/OFI cxi0: Device Maximum Communicators: 128
TRACE: Function: int main(int, char **) Line: 48: NET/OFI Using CUDA device 1 for memory allocation
INFO: Function: ncclResult_t ofi_init(ncclDebugLogger_t) Line: 1120: NET/OFI Using aws-ofi-rccl 1.4.0
INFO: Function: ncclResult_t ofi_init(ncclDebugLogger_t) Line: 1163: NET/OFI Setting FI_EFA_FORK_SAFE environment variable to 1
TRACE: Function: void filter_cxi_info_list() Line: 433: NET/OFI Removing multiple CXI info for same domain
INFO: Function: ncclResult_t ofi_init(ncclDebugLogger_t) Line: 1200: NET/OFI Selected Provider is cxi
TRACE: Function: ncclResult_t ofi_init(ncclDebugLogger_t) Line: 1209: NET/OFI Provider cxi does not require registration of local memory buffers
TRACE: Function: ncclResult_t ofi_init(ncclDebugLogger_t) Line: 1219: NET/OFI Provider cxi does not require registration of device buffers
INFO: Function: int main(int, char **) Line: 59: NET/OFI Process rank 9 started. NCCLNet device used on frontier00640 is AWS Libfabric.
TRACE: Function: void print_dev_props(int, ncclNetProperties_t *) Line: 87: NET/OFI cxi2: Device Maximum Grouped Receives: 1
INFO: Function: int main(int, char **) Line: 63: NET/OFI Received 4 network devices
TRACE: Function: void print_dev_props(int, ncclNetProperties_t *) Line: 79: NET/OFI ****************** Device 0 Properties ******************
TRACE: Function: void print_dev_props(int, ncclNetProperties_t *) Line: 80: NET/OFI cxi0: PCIe Path: /sys/devices/pci0000:c4/0000:c4:01.1/0000:c5:00.0
TRACE: Function: void print_dev_props(int, ncclNetProperties_t *) Line: 81: NET/OFI cxi0: Plugin Support: 3
TRACE: Function: void print_dev_props(int, ncclNetProperties_t *) Line: 82: NET/OFI cxi0: Device GUID: 0
TRACE: Function: void print_dev_props(int, ncclNetProperties_t *) Line: 83: NET/OFI cxi0: Device Speed: 200000000
TRACE: Function: void print_dev_props(int, ncclNetProperties_t *) Line: 84: NET/OFI cxi0: Device Port: 1
TRACE: Function: void print_dev_props(int, ncclNetProperties_t *) Line: 85: NET/OFI cxi0: Device Maximum Communicators: 128
TRACE: Function: void print_dev_props(int, ncclNetProperties_t *) Line: 87: NET/OFI cxi0: Device Maximum Grouped Receives: 1
TRACE: Function: void print_dev_props(int, ncclNetProperties_t *) Line: 79: NET/OFI ****************** Device 1 Properties ******************
TRACE: Function: void print_dev_props(int, ncclNetProperties_t *) Line: 80: NET/OFI cxi1: PCIe Path: /sys/devices/pci0000:cc/0000:cc:01.1/0000:cd:00.0
TRACE: Function: void print_dev_props(int, ncclNetProperties_t *) Line: 81: NET/OFI cxi1: Plugin Support: 3
TRACE: Function: void print_dev_props(int, ncclNetProperties_t *) Line: 82: NET/OFI cxi1: Device GUID: 1
TRACE: Function: void print_dev_props(int, ncclNetProperties_t *) Line: 83: NET/OFI cxi1: Device Speed: 200000000
TRACE: Function: void print_dev_props(int, ncclNetProperties_t *) Line: 84: NET/OFI cxi1: Device Port: 1
TRACE: Function: void print_dev_props(int, ncclNetProperties_t *) Line: 85: NET/OFI cxi1: Device Maximum Communicators: 128
INFO: Function: int main(int, char **) Line: 63: NET/OFI Received 4 network devices
TRACE: Function: void print_dev_props(int, ncclNetProperties_t *) Line: 79: NET/OFI ****************** Device 0 Properties ******************
TRACE: Function: void print_dev_props(int, ncclNetProperties_t *) Line: 80: NET/OFI cxi0: PCIe Path: /sys/devices/pci0000:c4/0000:c4:01.1/0000:c5:00.0
TRACE: Function: void print_dev_props(int, ncclNetProperties_t *) Line: 81: NET/OFI cxi0: Plugin Support: 3
TRACE: Function: void print_dev_props(int, ncclNetProperties_t *) Line: 82: NET/OFI cxi0: Device GUID: 0
TRACE: Function: void print_dev_props(int, ncclNetProperties_t *) Line: 83: NET/OFI cxi0: Device Speed: 200000000
TRACE: Function: void print_dev_props(int, ncclNetProperties_t *) Line: 84: NET/OFI cxi0: Device Port: 1
TRACE: Function: void print_dev_props(int, ncclNetProperties_t *) Line: 85: NET/OFI cxi0: Device Maximum Communicators: 128
TRACE: Function: int main(int, char **) Line: 48: NET/OFI Using CUDA device 3 for memory allocation
INFO: Function: ncclResult_t ofi_init(ncclDebugLogger_t) Line: 1120: NET/OFI Using aws-ofi-rccl 1.4.0
INFO: Function: ncclResult_t ofi_init(ncclDebugLogger_t) Line: 1163: NET/OFI Setting FI_EFA_FORK_SAFE environment variable to 1
TRACE: Function: void filter_cxi_info_list() Line: 433: NET/OFI Removing multiple CXI info for same domain
INFO: Function: ncclResult_t ofi_init(ncclDebugLogger_t) Line: 1200: NET/OFI Selected Provider is cxi
TRACE: Function: ncclResult_t ofi_init(ncclDebugLogger_t) Line: 1209: NET/OFI Provider cxi does not require registration of local memory buffers
TRACE: Function: ncclResult_t ofi_init(ncclDebugLogger_t) Line: 1219: NET/OFI Provider cxi does not require registration of device buffers
INFO: Function: int main(int, char **) Line: 59: NET/OFI Process rank 19 started. NCCLNet device used on frontier01536 is AWS Libfabric.
TRACE: Function: void print_dev_props(int, ncclNetProperties_t *) Line: 87: NET/OFI cxi0: Device Maximum Grouped Receives: 1
TRACE: Function: void print_dev_props(int, ncclNetProperties_t *) Line: 79: NET/OFI ****************** Device 1 Properties ******************
TRACE: Function: void print_dev_props(int, ncclNetProperties_t *) Line: 80: NET/OFI cxi1: PCIe Path: /sys/devices/pci0000:cc/0000:cc:01.1/0000:cd:00.0
TRACE: Function: void print_dev_props(int, ncclNetProperties_t *) Line: 81: NET/OFI cxi1: Plugin Support: 3
TRACE: Function: void print_dev_props(int, ncclNetProperties_t *) Line: 82: NET/OFI cxi1: Device GUID: 1
TRACE: Function: void print_dev_props(int, ncclNetProperties_t *) Line: 83: NET/OFI cxi1: Device Speed: 200000000
TRACE: Function: void print_dev_props(int, ncclNetProperties_t *) Line: 84: NET/OFI cxi1: Device Port: 1
TRACE: Function: void print_dev_props(int, ncclNetProperties_t *) Line: 85: NET/OFI cxi1: Device Maximum Communicators: 128
TRACE: Function: void print_dev_props(int, ncclNetProperties_t *) Line: 87: NET/OFI cxi1: Device Maximum Grouped Receives: 1
TRACE: Function: void print_dev_props(int, ncclNetProperties_t *) Line: 79: NET/OFI ****************** Device 2 Properties ******************
TRACE: Function: void print_dev_props(int, ncclNetProperties_t *) Line: 80: NET/OFI cxi2: PCIe Path: /sys/devices/pci0000:d4/0000:d4:01.1/0000:d5:00.0
TRACE: Function: void print_dev_props(int, ncclNetProperties_t *) Line: 81: NET/OFI cxi2: Plugin Support: 3
TRACE: Function: void print_dev_props(int, ncclNetProperties_t *) Line: 82: NET/OFI cxi2: Device GUID: 2
TRACE: Function: void print_dev_props(int, ncclNetProperties_t *) Line: 83: NET/OFI cxi2: Device Speed: 200000000
TRACE: Function: void print_dev_props(int, ncclNetProperties_t *) Line: 84: NET/OFI cxi2: Device Port: 1
TRACE: Function: void print_dev_props(int, ncclNetProperties_t *) Line: 85: NET/OFI cxi2: Device Maximum Communicators: 128
TRACE: Function: void print_dev_props(int, ncclNetProperties_t *) Line: 87: NET/OFI cxi0: Device Maximum Grouped Receives: 1
TRACE: Function: void print_dev_props(int, ncclNetProperties_t *) Line: 79: NET/OFI ****************** Device 1 Properties ******************
TRACE: Function: void print_dev_props(int, ncclNetProperties_t *) Line: 80: NET/OFI cxi1: PCIe Path: /sys/devices/pci0000:cc/0000:cc:01.1/0000:cd:00.0
TRACE: Function: void print_dev_props(int, ncclNetProperties_t *) Line: 81: NET/OFI cxi1: Plugin Support: 3
TRACE: Function: void print_dev_props(int, ncclNetProperties_t *) Line: 82: NET/OFI cxi1: Device GUID: 1
TRACE: Function: void print_dev_props(int, ncclNetProperties_t *) Line: 83: NET/OFI cxi1: Device Speed: 200000000
TRACE: Function: void print_dev_props(int, ncclNetProperties_t *) Line: 84: NET/OFI cxi1: Device Port: 1
TRACE: Function: void print_dev_props(int, ncclNetProperties_t *) Line: 85: NET/OFI cxi1: Device Maximum Communicators: 128
INFO: Function: int main(int, char **) Line: 63: NET/OFI Received 4 network devices
TRACE: Function: void print_dev_props(int, ncclNetProperties_t *) Line: 79: NET/OFI ****************** Device 0 Properties ******************
TRACE: Function: void print_dev_props(int, ncclNetProperties_t *) Line: 80: NET/OFI cxi0: PCIe Path: /sys/devices/pci0000:c4/0000:c4:01.1/0000:c5:00.0
TRACE: Function: void print_dev_props(int, ncclNetProperties_t *) Line: 81: NET/OFI cxi0: Plugin Support: 3
TRACE: Function: void print_dev_props(int, ncclNetProperties_t *) Line: 82: NET/OFI cxi0: Device GUID: 0
TRACE: Function: void print_dev_props(int, ncclNetProperties_t *) Line: 83: NET/OFI cxi0: Device Speed: 200000000
TRACE: Function: void print_dev_props(int, ncclNetProperties_t *) Line: 84: NET/OFI cxi0: Device Port: 1
TRACE: Function: void print_dev_props(int, ncclNetProperties_t *) Line: 85: NET/OFI cxi0: Device Maximum Communicators: 128
TRACE: Function: void print_dev_props(int, ncclNetProperties_t *) Line: 87: NET/OFI cxi1: Device Maximum Grouped Receives: 1
TRACE: Function: void print_dev_props(int, ncclNetProperties_t *) Line: 79: NET/OFI ****************** Device 2 Properties ******************
TRACE: Function: void print_dev_props(int, ncclNetProperties_t *) Line: 80: NET/OFI cxi2: PCIe Path: /sys/devices/pci0000:d4/0000:d4:01.1/0000:d5:00.0
TRACE: Function: void print_dev_props(int, ncclNetProperties_t *) Line: 81: NET/OFI cxi2: Plugin Support: 3
TRACE: Function: void print_dev_props(int, ncclNetProperties_t *) Line: 82: NET/OFI cxi2: Device GUID: 2
TRACE: Function: void print_dev_props(int, ncclNetProperties_t *) Line: 83: NET/OFI cxi2: Device Speed: 200000000
TRACE: Function: void print_dev_props(int, ncclNetProperties_t *) Line: 84: NET/OFI cxi2: Device Port: 1
TRACE: Function: void print_dev_props(int, ncclNetProperties_t *) Line: 85: NET/OFI cxi2: Device Maximum Communicators: 128
TRACE: Function: void print_dev_props(int, ncclNetProperties_t *) Line: 87: NET/OFI cxi2: Device Maximum Grouped Receives: 1
TRACE: Function: void print_dev_props(int, ncclNetProperties_t *) Line: 87: NET/OFI cxi1: Device Maximum Grouped Receives: 1
TRACE: Function: void print_dev_props(int, ncclNetProperties_t *) Line: 79: NET/OFI ****************** Device 2 Properties ******************
TRACE: Function: void print_dev_props(int, ncclNetProperties_t *) Line: 80: NET/OFI cxi2: PCIe Path: /sys/devices/pci0000:d4/0000:d4:01.1/0000:d5:00.0
TRACE: Function: void print_dev_props(int, ncclNetProperties_t *) Line: 81: NET/OFI cxi2: Plugin Support: 3
TRACE: Function: void print_dev_props(int, ncclNetProperties_t *) Line: 82: NET/OFI cxi2: Device GUID: 2
TRACE: Function: void print_dev_props(int, ncclNetProperties_t *) Line: 83: NET/OFI cxi2: Device Speed: 200000000
TRACE: Function: void print_dev_props(int, ncclNetProperties_t *) Line: 84: NET/OFI cxi2: Device Port: 1
TRACE: Function: void print_dev_props(int, ncclNetProperties_t *) Line: 85: NET/OFI cxi2: Device Maximum Communicators: 128
TRACE: Function: void print_dev_props(int, ncclNetProperties_t *) Line: 87: NET/OFI cxi0: Device Maximum Grouped Receives: 1
TRACE: Function: void print_dev_props(int, ncclNetProperties_t *) Line: 79: NET/OFI ****************** Device 1 Properties ******************
TRACE: Function: void print_dev_props(int, ncclNetProperties_t *) Line: 80: NET/OFI cxi1: PCIe Path: /sys/devices/pci0000:cc/0000:cc:01.1/0000:cd:00.0
TRACE: Function: void print_dev_props(int, ncclNetProperties_t *) Line: 81: NET/OFI cxi1: Plugin Support: 3
TRACE: Function: void print_dev_props(int, ncclNetProperties_t *) Line: 82: NET/OFI cxi1: Device GUID: 1
TRACE: Function: void print_dev_props(int, ncclNetProperties_t *) Line: 83: NET/OFI cxi1: Device Speed: 200000000
TRACE: Function: void print_dev_props(int, ncclNetProperties_t *) Line: 84: NET/OFI cxi1: Device Port: 1
TRACE: Function: void print_dev_props(int, ncclNetProperties_t *) Line: 85: NET/OFI cxi1: Device Maximum Communicators: 128
TRACE: Function: void print_dev_props(int, ncclNetProperties_t *) Line: 87: NET/OFI cxi2: Device Maximum Grouped Receives: 1
TRACE: Function: int main(int, char **) Line: 48: NET/OFI Using CUDA device 3 for memory allocation
INFO: Function: ncclResult_t ofi_init(ncclDebugLogger_t) Line: 1120: NET/OFI Using aws-ofi-rccl 1.4.0
INFO: Function: ncclResult_t ofi_init(ncclDebugLogger_t) Line: 1163: NET/OFI Setting FI_EFA_FORK_SAFE environment variable to 1
TRACE: Function: void filter_cxi_info_list() Line: 433: NET/OFI Removing multiple CXI info for same domain
INFO: Function: ncclResult_t ofi_init(ncclDebugLogger_t) Line: 1200: NET/OFI Selected Provider is cxi
TRACE: Function: ncclResult_t ofi_init(ncclDebugLogger_t) Line: 1209: NET/OFI Provider cxi does not require registration of local memory buffers
TRACE: Function: ncclResult_t ofi_init(ncclDebugLogger_t) Line: 1219: NET/OFI Provider cxi does not require registration of device buffers
INFO: Function: int main(int, char **) Line: 59: NET/OFI Process rank 3 started. NCCLNet device used on frontier00479 is AWS Libfabric.
TRACE: Function: void print_dev_props(int, ncclNetProperties_t *) Line: 87: NET/OFI cxi2: Device Maximum Grouped Receives: 1
TRACE: Function: void print_dev_props(int, ncclNetProperties_t *) Line: 87: NET/OFI cxi1: Device Maximum Grouped Receives: 1
TRACE: Function: void print_dev_props(int, ncclNetProperties_t *) Line: 79: NET/OFI ****************** Device 2 Properties ******************
TRACE: Function: void print_dev_props(int, ncclNetProperties_t *) Line: 80: NET/OFI cxi2: PCIe Path: /sys/devices/pci0000:d4/0000:d4:01.1/0000:d5:00.0
TRACE: Function: void print_dev_props(int, ncclNetProperties_t *) Line: 81: NET/OFI cxi2: Plugin Support: 3
TRACE: Function: void print_dev_props(int, ncclNetProperties_t *) Line: 82: NET/OFI cxi2: Device GUID: 2
TRACE: Function: void print_dev_props(int, ncclNetProperties_t *) Line: 83: NET/OFI cxi2: Device Speed: 200000000
TRACE: Function: void print_dev_props(int, ncclNetProperties_t *) Line: 84: NET/OFI cxi2: Device Port: 1
TRACE: Function: void print_dev_props(int, ncclNetProperties_t *) Line: 85: NET/OFI cxi2: Device Maximum Communicators: 128
TRACE: Function: int main(int, char **) Line: 48: NET/OFI Using CUDA device 7 for memory allocation
INFO: Function: ncclResult_t ofi_init(ncclDebugLogger_t) Line: 1120: NET/OFI Using aws-ofi-rccl 1.4.0
INFO: Function: ncclResult_t ofi_init(ncclDebugLogger_t) Line: 1163: NET/OFI Setting FI_EFA_FORK_SAFE environment variable to 1
TRACE: Function: void filter_cxi_info_list() Line: 433: NET/OFI Removing multiple CXI info for same domain
INFO: Function: ncclResult_t ofi_init(ncclDebugLogger_t) Line: 1200: NET/OFI Selected Provider is cxi
TRACE: Function: ncclResult_t ofi_init(ncclDebugLogger_t) Line: 1209: NET/OFI Provider cxi does not require registration of local memory buffers
TRACE: Function: ncclResult_t ofi_init(ncclDebugLogger_t) Line: 1219: NET/OFI Provider cxi does not require registration of device buffers
INFO: Function: int main(int, char **) Line: 59: NET/OFI Process rank 31 started. NCCLNet device used on frontier02048 is AWS Libfabric.
INFO: Function: int main(int, char **) Line: 63: NET/OFI Received 4 network devices
TRACE: Function: void print_dev_props(int, ncclNetProperties_t *) Line: 79: NET/OFI ****************** Device 0 Properties ******************
TRACE: Function: void print_dev_props(int, ncclNetProperties_t *) Line: 80: NET/OFI cxi0: PCIe Path: /sys/devices/pci0000:c4/0000:c4:01.1/0000:c5:00.0
TRACE: Function: void print_dev_props(int, ncclNetProperties_t *) Line: 81: NET/OFI cxi0: Plugin Support: 3
TRACE: Function: void print_dev_props(int, ncclNetProperties_t *) Line: 82: NET/OFI cxi0: Device GUID: 0
TRACE: Function: void print_dev_props(int, ncclNetProperties_t *) Line: 83: NET/OFI cxi0: Device Speed: 200000000
TRACE: Function: void print_dev_props(int, ncclNetProperties_t *) Line: 84: NET/OFI cxi0: Device Port: 1
TRACE: Function: void print_dev_props(int, ncclNetProperties_t *) Line: 85: NET/OFI cxi0: Device Maximum Communicators: 128
TRACE: Function: void print_dev_props(int, ncclNetProperties_t *) Line: 79: NET/OFI ****************** Device 3 Properties ******************
TRACE: Function: void print_dev_props(int, ncclNetProperties_t *) Line: 80: NET/OFI cxi3: PCIe Path: /sys/devices/pci0000:dc/0000:dc:01.1/0000:dd:00.0
TRACE: Function: void print_dev_props(int, ncclNetProperties_t *) Line: 81: NET/OFI cxi3: Plugin Support: 3
TRACE: Function: void print_dev_props(int, ncclNetProperties_t *) Line: 82: NET/OFI cxi3: Device GUID: 3
TRACE: Function: void print_dev_props(int, ncclNetProperties_t *) Line: 83: NET/OFI cxi3: Device Speed: 200000000
TRACE: Function: void print_dev_props(int, ncclNetProperties_t *) Line: 84: NET/OFI cxi3: Device Port: 1
TRACE: Function: void print_dev_props(int, ncclNetProperties_t *) Line: 85: NET/OFI cxi3: Device Maximum Communicators: 128
TRACE: Function: void print_dev_props(int, ncclNetProperties_t *) Line: 87: NET/OFI cxi3: Device Maximum Grouped Receives: 1
TRACE: Function: void print_dev_props(int, ncclNetProperties_t *) Line: 87: NET/OFI cxi2: Device Maximum Grouped Receives: 1
INFO: Function: int main(int, char **) Line: 63: NET/OFI Received 4 network devices
TRACE: Function: void print_dev_props(int, ncclNetProperties_t *) Line: 79: NET/OFI ****************** Device 0 Properties ******************
TRACE: Function: void print_dev_props(int, ncclNetProperties_t *) Line: 80: NET/OFI cxi0: PCIe Path: /sys/devices/pci0000:c4/0000:c4:01.1/0000:c5:00.0
TRACE: Function: void print_dev_props(int, ncclNetProperties_t *) Line: 81: NET/OFI cxi0: Plugin Support: 3
TRACE: Function: void print_dev_props(int, ncclNetProperties_t *) Line: 82: NET/OFI cxi0: Device GUID: 0
TRACE: Function: void print_dev_props(int, ncclNetProperties_t *) Line: 83: NET/OFI cxi0: Device Speed: 200000000
TRACE: Function: void print_dev_props(int, ncclNetProperties_t *) Line: 84: NET/OFI cxi0: Device Port: 1
TRACE: Function: void print_dev_props(int, ncclNetProperties_t *) Line: 85: NET/OFI cxi0: Device Maximum Communicators: 128
TRACE: Function: void print_dev_props(int, ncclNetProperties_t *) Line: 87: NET/OFI cxi0: Device Maximum Grouped Receives: 1
TRACE: Function: void print_dev_props(int, ncclNetProperties_t *) Line: 79: NET/OFI ****************** Device 1 Properties ******************
TRACE: Function: void print_dev_props(int, ncclNetProperties_t *) Line: 80: NET/OFI cxi1: PCIe Path: /sys/devices/pci0000:cc/0000:cc:01.1/0000:cd:00.0
TRACE: Function: void print_dev_props(int, ncclNetProperties_t *) Line: 81: NET/OFI cxi1: Plugin Support: 3
TRACE: Function: void print_dev_props(int, ncclNetProperties_t *) Line: 82: NET/OFI cxi1: Device GUID: 1
TRACE: Function: void print_dev_props(int, ncclNetProperties_t *) Line: 83: NET/OFI cxi1: Device Speed: 200000000
TRACE: Function: void print_dev_props(int, ncclNetProperties_t *) Line: 84: NET/OFI cxi1: Device Port: 1
TRACE: Function: void print_dev_props(int, ncclNetProperties_t *) Line: 85: NET/OFI cxi1: Device Maximum Communicators: 128
INFO: Function: int main(int, char **) Line: 95: NET/OFI Rank 11: local_rank=3, cuda_dev=3, net_dev=1, hostname=frontier00640
INFO: Function: int main(int, char **) Line: 99: NET/OFI Network supports communication using CUDA buffers. Dev: 1
INFO: Function: int main(int, char **) Line: 117: NET/OFI Rank 11: Creating listener for rank 0 on dev 1
TRACE: Function: ncclResult_t create_nccl_ofi_comp_for_dev(int, struct fi_info *) Line: 922: NET/OFI OFI component #1 is created
INFO: Function: int main(int, char **) Line: 117: NET/OFI Rank 11: Creating listener for rank 1 on dev 1
INFO: Function: int main(int, char **) Line: 117: NET/OFI Rank 11: Creating listener for rank 2 on dev 1
INFO: Function: int main(int, char **) Line: 117: NET/OFI Rank 11: Creating listener for rank 3 on dev 1
INFO: Function: int main(int, char **) Line: 117: NET/OFI Rank 11: Creating listener for rank 4 on dev 1
INFO: Function: int main(int, char **) Line: 117: NET/OFI Rank 11: Creating listener for rank 5 on dev 1
TRACE: Function: int main(int, char **) Line: 48: NET/OFI Using CUDA device 2 for memory allocation
INFO: Function: ncclResult_t ofi_init(ncclDebugLogger_t) Line: 1120: NET/OFI Using aws-ofi-rccl 1.4.0
INFO: Function: ncclResult_t ofi_init(ncclDebugLogger_t) Line: 1163: NET/OFI Setting FI_EFA_FORK_SAFE environment variable to 1
TRACE: Function: void filter_cxi_info_list() Line: 433: NET/OFI Removing multiple CXI info for same domain
INFO: Function: ncclResult_t ofi_init(ncclDebugLogger_t) Line: 1200: NET/OFI Selected Provider is cxi
TRACE: Function: ncclResult_t ofi_init(ncclDebugLogger_t) Line: 1209: NET/OFI Provider cxi does not require registration of local memory buffers
TRACE: Function: ncclResult_t ofi_init(ncclDebugLogger_t) Line: 1219: NET/OFI Provider cxi does not require registration of device buffers
INFO: Function: int main(int, char **) Line: 59: NET/OFI Process rank 18 started. NCCLNet device used on frontier01536 is AWS Libfabric.
TRACE: Function: void print_dev_props(int, ncclNetProperties_t *) Line: 87: NET/OFI cxi0: Device Maximum Grouped Receives: 1
TRACE: Function: void print_dev_props(int, ncclNetProperties_t *) Line: 79: NET/OFI ****************** Device 1 Properties ******************
TRACE: Function: void print_dev_props(int, ncclNetProperties_t *) Line: 80: NET/OFI cxi1: PCIe Path: /sys/devices/pci0000:cc/0000:cc:01.1/0000:cd:00.0
TRACE: Function: void print_dev_props(int, ncclNetProperties_t *) Line: 81: NET/OFI cxi1: Plugin Support: 3
TRACE: Function: void print_dev_props(int, ncclNetProperties_t *) Line: 82: NET/OFI cxi1: Device GUID: 1
TRACE: Function: void print_dev_props(int, ncclNetProperties_t *) Line: 83: NET/OFI cxi1: Device Speed: 200000000
TRACE: Function: void print_dev_props(int, ncclNetProperties_t *) Line: 84: NET/OFI cxi1: Device Port: 1
TRACE: Function: void print_dev_props(int, ncclNetProperties_t *) Line: 85: NET/OFI cxi1: Device Maximum Communicators: 128
TRACE: Function: void print_dev_props(int, ncclNetProperties_t *) Line: 87: NET/OFI cxi1: Device Maximum Grouped Receives: 1
TRACE: Function: void print_dev_props(int, ncclNetProperties_t *) Line: 79: NET/OFI ****************** Device 2 Properties ******************
TRACE: Function: void print_dev_props(int, ncclNetProperties_t *) Line: 80: NET/OFI cxi2: PCIe Path: /sys/devices/pci0000:d4/0000:d4:01.1/0000:d5:00.0
TRACE: Function: void print_dev_props(int, ncclNetProperties_t *) Line: 81: NET/OFI cxi2: Plugin Support: 3
TRACE: Function: void print_dev_props(int, ncclNetProperties_t *) Line: 82: NET/OFI cxi2: Device GUID: 2
TRACE: Function: void print_dev_props(int, ncclNetProperties_t *) Line: 83: NET/OFI cxi2: Device Speed: 200000000
TRACE: Function: void print_dev_props(int, ncclNetProperties_t *) Line: 84: NET/OFI cxi2: Device Port: 1
TRACE: Function: void print_dev_props(int, ncclNetProperties_t *) Line: 85: NET/OFI cxi2: Device Maximum Communicators: 128
INFO: Function: int main(int, char **) Line: 117: NET/OFI Rank 11: Creating listener for rank 6 on dev 1
INFO: Function: int main(int, char **) Line: 117: NET/OFI Rank 11: Creating listener for rank 7 on dev 1
INFO: Function: int main(int, char **) Line: 117: NET/OFI Rank 11: Creating listener for rank 8 on dev 1
INFO: Function: int main(int, char **) Line: 117: NET/OFI Rank 11: Creating listener for rank 9 on dev 1
INFO: Function: int main(int, char **) Line: 117: NET/OFI Rank 11: Creating listener for rank 10 on dev 1
INFO: Function: int main(int, char **) Line: 117: NET/OFI Rank 11: Creating listener for rank 12 on dev 1
INFO: Function: int main(int, char **) Line: 117: NET/OFI Rank 11: Creating listener for rank 13 on dev 1
INFO: Function: int main(int, char **) Line: 117: NET/OFI Rank 11: Creating listener for rank 14 on dev 1
INFO: Function: int main(int, char **) Line: 117: NET/OFI Rank 11: Creating listener for rank 15 on dev 1
INFO: Function: int main(int, char **) Line: 63: NET/OFI Received 4 network devices
TRACE: Function: void print_dev_props(int, ncclNetProperties_t *) Line: 79: NET/OFI ****************** Device 0 Properties ******************
TRACE: Function: void print_dev_props(int, ncclNetProperties_t *) Line: 80: NET/OFI cxi0: PCIe Path: /sys/devices/pci0000:c4/0000:c4:01.1/0000:c5:00.0
TRACE: Function: void print_dev_props(int, ncclNetProperties_t *) Line: 81: NET/OFI cxi0: Plugin Support: 3
TRACE: Function: void print_dev_props(int, ncclNetProperties_t *) Line: 82: NET/OFI cxi0: Device GUID: 0
TRACE: Function: void print_dev_props(int, ncclNetProperties_t *) Line: 83: NET/OFI cxi0: Device Speed: 200000000
TRACE: Function: void print_dev_props(int, ncclNetProperties_t *) Line: 84: NET/OFI cxi0: Device Port: 1
TRACE: Function: void print_dev_props(int, ncclNetProperties_t *) Line: 85: NET/OFI cxi0: Device Maximum Communicators: 128
TRACE: Function: void print_dev_props(int, ncclNetProperties_t *) Line: 87: NET/OFI cxi1: Device Maximum Grouped Receives: 1
TRACE: Function: void print_dev_props(int, ncclNetProperties_t *) Line: 79: NET/OFI ****************** Device 2 Properties ******************
TRACE: Function: void print_dev_props(int, ncclNetProperties_t *) Line: 80: NET/OFI cxi2: PCIe Path: /sys/devices/pci0000:d4/0000:d4:01.1/0000:d5:00.0
TRACE: Function: void print_dev_props(int, ncclNetProperties_t *) Line: 81: NET/OFI cxi2: Plugin Support: 3
TRACE: Function: void print_dev_props(int, ncclNetProperties_t *) Line: 82: NET/OFI cxi2: Device GUID: 2
TRACE: Function: void print_dev_props(int, ncclNetProperties_t *) Line: 83: NET/OFI cxi2: Device Speed: 200000000
TRACE: Function: void print_dev_props(int, ncclNetProperties_t *) Line: 84: NET/OFI cxi2: Device Port: 1
TRACE: Function: void print_dev_props(int, ncclNetProperties_t *) Line: 85: NET/OFI cxi2: Device Maximum Communicators: 128
TRACE: Function: void print_dev_props(int, ncclNetProperties_t *) Line: 87: NET/OFI cxi2: Device Maximum Grouped Receives: 1
INFO: Function: int main(int, char **) Line: 117: NET/OFI Rank 11: Creating listener for rank 16 on dev 1
INFO: Function: int main(int, char **) Line: 117: NET/OFI Rank 11: Creating listener for rank 17 on dev 1
INFO: Function: int main(int, char **) Line: 117: NET/OFI Rank 11: Creating listener for rank 18 on dev 1
INFO: Function: int main(int, char **) Line: 117: NET/OFI Rank 11: Creating listener for rank 19 on dev 1
INFO: Function: int main(int, char **) Line: 117: NET/OFI Rank 11: Creating listener for rank 20 on dev 1
INFO: Function: int main(int, char **) Line: 117: NET/OFI Rank 11: Creating listener for rank 21 on dev 1
INFO: Function: int main(int, char **) Line: 117: NET/OFI Rank 11: Creating listener for rank 22 on dev 1
INFO: Function: int main(int, char **) Line: 117: NET/OFI Rank 11: Creating listener for rank 23 on dev 1
INFO: Function: int main(int, char **) Line: 117: NET/OFI Rank 11: Creating listener for rank 24 on dev 1
TRACE: Function: void print_dev_props(int, ncclNetProperties_t *) Line: 87: NET/OFI cxi0: Device Maximum Grouped Receives: 1
TRACE: Function: void print_dev_props(int, ncclNetProperties_t *) Line: 79: NET/OFI ****************** Device 1 Properties ******************
TRACE: Function: void print_dev_props(int, ncclNetProperties_t *) Line: 80: NET/OFI cxi1: PCIe Path: /sys/devices/pci0000:cc/0000:cc:01.1/0000:cd:00.0
TRACE: Function: void print_dev_props(int, ncclNetProperties_t *) Line: 81: NET/OFI cxi1: Plugin Support: 3
TRACE: Function: void print_dev_props(int, ncclNetProperties_t *) Line: 82: NET/OFI cxi1: Device GUID: 1
TRACE: Function: void print_dev_props(int, ncclNetProperties_t *) Line: 83: NET/OFI cxi1: Device Speed: 200000000
TRACE: Function: void print_dev_props(int, ncclNetProperties_t *) Line: 84: NET/OFI cxi1: Device Port: 1
TRACE: Function: void print_dev_props(int, ncclNetProperties_t *) Line: 85: NET/OFI cxi1: Device Maximum Communicators: 128
TRACE: Function: void print_dev_props(int, ncclNetProperties_t *) Line: 87: NET/OFI cxi2: Device Maximum Grouped Receives: 1
TRACE: Function: int main(int, char **) Line: 48: NET/OFI Using CUDA device 6 for memory allocation
INFO: Function: ncclResult_t ofi_init(ncclDebugLogger_t) Line: 1120: NET/OFI Using aws-ofi-rccl 1.4.0
INFO: Function: ncclResult_t ofi_init(ncclDebugLogger_t) Line: 1163: NET/OFI Setting FI_EFA_FORK_SAFE environment variable to 1
TRACE: Function: void filter_cxi_info_list() Line: 433: NET/OFI Removing multiple CXI info for same domain
INFO: Function: ncclResult_t ofi_init(ncclDebugLogger_t) Line: 1200: NET/OFI Selected Provider is cxi
TRACE: Function: ncclResult_t ofi_init(ncclDebugLogger_t) Line: 1209: NET/OFI Provider cxi does not require registration of local memory buffers
TRACE: Function: ncclResult_t ofi_init(ncclDebugLogger_t) Line: 1219: NET/OFI Provider cxi does not require registration of device buffers
INFO: Function: int main(int, char **) Line: 59: NET/OFI Process rank 6 started. NCCLNet device used on frontier00479 is AWS Libfabric.
INFO: Function: int main(int, char **) Line: 117: NET/OFI Rank 11: Creating listener for rank 25 on dev 1
INFO: Function: int main(int, char **) Line: 117: NET/OFI Rank 11: Creating listener for rank 26 on dev 1
TRACE: Function: void print_dev_props(int, ncclNetProperties_t *) Line: 87: NET/OFI cxi1: Device Maximum Grouped Receives: 1
TRACE: Function: void print_dev_props(int, ncclNetProperties_t *) Line: 79: NET/OFI ****************** Device 2 Properties ******************
TRACE: Function: void print_dev_props(int, ncclNetProperties_t *) Line: 80: NET/OFI cxi2: PCIe Path: /sys/devices/pci0000:d4/0000:d4:01.1/0000:d5:00.0
TRACE: Function: void print_dev_props(int, ncclNetProperties_t *) Line: 81: NET/OFI cxi2: Plugin Support: 3
TRACE: Function: void print_dev_props(int, ncclNetProperties_t *) Line: 82: NET/OFI cxi2: Device GUID: 2
TRACE: Function: void print_dev_props(int, ncclNetProperties_t *) Line: 83: NET/OFI cxi2: Device Speed: 200000000
TRACE: Function: void print_dev_props(int, ncclNetProperties_t *) Line: 84: NET/OFI cxi2: Device Port: 1
TRACE: Function: void print_dev_props(int, ncclNetProperties_t *) Line: 85: NET/OFI cxi2: Device Maximum Communicators: 128
TRACE: Function: void print_dev_props(int, ncclNetProperties_t *) Line: 79: NET/OFI ****************** Device 3 Properties ******************
TRACE: Function: void print_dev_props(int, ncclNetProperties_t *) Line: 80: NET/OFI cxi3: PCIe Path: /sys/devices/pci0000:dc/0000:dc:01.1/0000:dd:00.0
TRACE: Function: void print_dev_props(int, ncclNetProperties_t *) Line: 81: NET/OFI cxi3: Plugin Support: 3
TRACE: Function: void print_dev_props(int, ncclNetProperties_t *) Line: 82: NET/OFI cxi3: Device GUID: 3
TRACE: Function: void print_dev_props(int, ncclNetProperties_t *) Line: 83: NET/OFI cxi3: Device Speed: 200000000
TRACE: Function: void print_dev_props(int, ncclNetProperties_t *) Line: 84: NET/OFI cxi3: Device Port: 1
TRACE: Function: void print_dev_props(int, ncclNetProperties_t *) Line: 85: NET/OFI cxi3: Device Maximum Communicators: 128
TRACE: Function: void print_dev_props(int, ncclNetProperties_t *) Line: 87: NET/OFI cxi3: Device Maximum Grouped Receives: 1
INFO: Function: int main(int, char **) Line: 63: NET/OFI Received 4 network devices
TRACE: Function: void print_dev_props(int, ncclNetProperties_t *) Line: 79: NET/OFI ****************** Device 0 Properties ******************
TRACE: Function: void print_dev_props(int, ncclNetProperties_t *) Line: 80: NET/OFI cxi0: PCIe Path: /sys/devices/pci0000:c4/0000:c4:01.1/0000:c5:00.0
TRACE: Function: void print_dev_props(int, ncclNetProperties_t *) Line: 81: NET/OFI cxi0: Plugin Support: 3
TRACE: Function: void print_dev_props(int, ncclNetProperties_t *) Line: 82: NET/OFI cxi0: Device GUID: 0
TRACE: Function: void print_dev_props(int, ncclNetProperties_t *) Line: 83: NET/OFI cxi0: Device Speed: 200000000
TRACE: Function: void print_dev_props(int, ncclNetProperties_t *) Line: 84: NET/OFI cxi0: Device Port: 1
TRACE: Function: void print_dev_props(int, ncclNetProperties_t *) Line: 85: NET/OFI cxi0: Device Maximum Communicators: 128
INFO: Function: int main(int, char **) Line: 117: NET/OFI Rank 11: Creating listener for rank 27 on dev 1
TRACE: Function: void print_dev_props(int, ncclNetProperties_t *) Line: 87: NET/OFI cxi2: Device Maximum Grouped Receives: 1
INFO: Function: int main(int, char **) Line: 95: NET/OFI Rank 27: local_rank=3, cuda_dev=3, net_dev=1, hostname=frontier02048
INFO: Function: int main(int, char **) Line: 99: NET/OFI Network supports communication using CUDA buffers. Dev: 1
INFO: Function: int main(int, char **) Line: 117: NET/OFI Rank 27: Creating listener for rank 0 on dev 1
TRACE: Function: ncclResult_t create_nccl_ofi_comp_for_dev(int, struct fi_info *) Line: 922: NET/OFI OFI component #1 is created
INFO: Function: int main(int, char **) Line: 117: NET/OFI Rank 27: Creating listener for rank 1 on dev 1
INFO: Function: int main(int, char **) Line: 117: NET/OFI Rank 27: Creating listener for rank 2 on dev 1
INFO: Function: int main(int, char **) Line: 117: NET/OFI Rank 27: Creating listener for rank 3 on dev 1
INFO: Function: int main(int, char **) Line: 117: NET/OFI Rank 27: Creating listener for rank 4 on dev 1
INFO: Function: int main(int, char **) Line: 117: NET/OFI Rank 27: Creating listener for rank 5 on dev 1
TRACE: Function: void print_dev_props(int, ncclNetProperties_t *) Line: 87: NET/OFI cxi0: Device Maximum Grouped Receives: 1
TRACE: Function: void print_dev_props(int, ncclNetProperties_t *) Line: 79: NET/OFI ****************** Device 1 Properties ******************
TRACE: Function: void print_dev_props(int, ncclNetProperties_t *) Line: 80: NET/OFI cxi1: PCIe Path: /sys/devices/pci0000:cc/0000:cc:01.1/0000:cd:00.0
TRACE: Function: void print_dev_props(int, ncclNetProperties_t *) Line: 81: NET/OFI cxi1: Plugin Support: 3
TRACE: Function: void print_dev_props(int, ncclNetProperties_t *) Line: 82: NET/OFI cxi1: Device GUID: 1
TRACE: Function: void print_dev_props(int, ncclNetProperties_t *) Line: 83: NET/OFI cxi1: Device Speed: 200000000
TRACE: Function: void print_dev_props(int, ncclNetProperties_t *) Line: 84: NET/OFI cxi1: Device Port: 1
TRACE: Function: void print_dev_props(int, ncclNetProperties_t *) Line: 85: NET/OFI cxi1: Device Maximum Communicators: 128
TRACE: Function: void print_dev_props(int, ncclNetProperties_t *) Line: 79: NET/OFI ****************** Device 3 Properties ******************
TRACE: Function: void print_dev_props(int, ncclNetProperties_t *) Line: 80: NET/OFI cxi3: PCIe Path: /sys/devices/pci0000:dc/0000:dc:01.1/0000:dd:00.0
TRACE: Function: void print_dev_props(int, ncclNetProperties_t *) Line: 81: NET/OFI cxi3: Plugin Support: 3
TRACE: Function: void print_dev_props(int, ncclNetProperties_t *) Line: 82: NET/OFI cxi3: Device GUID: 3
TRACE: Function: void print_dev_props(int, ncclNetProperties_t *) Line: 83: NET/OFI cxi3: Device Speed: 200000000
TRACE: Function: void print_dev_props(int, ncclNetProperties_t *) Line: 84: NET/OFI cxi3: Device Port: 1
TRACE: Function: void print_dev_props(int, ncclNetProperties_t *) Line: 85: NET/OFI cxi3: Device Maximum Communicators: 128
TRACE: Function: void print_dev_props(int, ncclNetProperties_t *) Line: 87: NET/OFI cxi3: Device Maximum Grouped Receives: 1
TRACE: Function: int main(int, char **) Line: 48: NET/OFI Using CUDA device 1 for memory allocation
INFO: Function: ncclResult_t ofi_init(ncclDebugLogger_t) Line: 1120: NET/OFI Using aws-ofi-rccl 1.4.0
INFO: Function: ncclResult_t ofi_init(ncclDebugLogger_t) Line: 1163: NET/OFI Setting FI_EFA_FORK_SAFE environment variable to 1
TRACE: Function: void filter_cxi_info_list() Line: 433: NET/OFI Removing multiple CXI info for same domain
INFO: Function: ncclResult_t ofi_init(ncclDebugLogger_t) Line: 1200: NET/OFI Selected Provider is cxi
TRACE: Function: ncclResult_t ofi_init(ncclDebugLogger_t) Line: 1209: NET/OFI Provider cxi does not require registration of local memory buffers
TRACE: Function: ncclResult_t ofi_init(ncclDebugLogger_t) Line: 1219: NET/OFI Provider cxi does not require registration of device buffers
INFO: Function: int main(int, char **) Line: 59: NET/OFI Process rank 17 started. NCCLNet device used on frontier01536 is AWS Libfabric.
INFO: Function: int main(int, char **) Line: 117: NET/OFI Rank 27: Creating listener for rank 6 on dev 1
INFO: Function: int main(int, char **) Line: 117: NET/OFI Rank 27: Creating listener for rank 7 on dev 1
INFO: Function: int main(int, char **) Line: 117: NET/OFI Rank 27: Creating listener for rank 8 on dev 1
INFO: Function: int main(int, char **) Line: 117: NET/OFI Rank 27: Creating listener for rank 9 on dev 1
INFO: Function: int main(int, char **) Line: 117: NET/OFI Rank 27: Creating listener for rank 10 on dev 1
INFO: Function: int main(int, char **) Line: 117: NET/OFI Rank 27: Creating listener for rank 11 on dev 1
INFO: Function: int main(int, char **) Line: 117: NET/OFI Rank 27: Creating listener for rank 12 on dev 1
INFO: Function: int main(int, char **) Line: 117: NET/OFI Rank 27: Creating listener for rank 13 on dev 1
INFO: Function: int main(int, char **) Line: 117: NET/OFI Rank 27: Creating listener for rank 14 on dev 1
TRACE: Function: void print_dev_props(int, ncclNetProperties_t *) Line: 87: NET/OFI cxi1: Device Maximum Grouped Receives: 1
TRACE: Function: void print_dev_props(int, ncclNetProperties_t *) Line: 79: NET/OFI ****************** Device 2 Properties ******************
TRACE: Function: void print_dev_props(int, ncclNetProperties_t *) Line: 80: NET/OFI cxi2: PCIe Path: /sys/devices/pci0000:d4/0000:d4:01.1/0000:d5:00.0
TRACE: Function: void print_dev_props(int, ncclNetProperties_t *) Line: 81: NET/OFI cxi2: Plugin Support: 3
TRACE: Function: void print_dev_props(int, ncclNetProperties_t *) Line: 82: NET/OFI cxi2: Device GUID: 2
TRACE: Function: void print_dev_props(int, ncclNetProperties_t *) Line: 83: NET/OFI cxi2: Device Speed: 200000000
TRACE: Function: void print_dev_props(int, ncclNetProperties_t *) Line: 84: NET/OFI cxi2: Device Port: 1
TRACE: Function: void print_dev_props(int, ncclNetProperties_t *) Line: 85: NET/OFI cxi2: Device Maximum Communicators: 128
INFO: Function: int main(int, char **) Line: 95: NET/OFI Rank 15: local_rank=7, cuda_dev=7, net_dev=3, hostname=frontier00640
INFO: Function: int main(int, char **) Line: 99: NET/OFI Network supports communication using CUDA buffers. Dev: 3
INFO: Function: int main(int, char **) Line: 117: NET/OFI Rank 15: Creating listener for rank 0 on dev 3
TRACE: Function: ncclResult_t create_nccl_ofi_comp_for_dev(int, struct fi_info *) Line: 922: NET/OFI OFI component #3 is created
INFO: Function: int main(int, char **) Line: 117: NET/OFI Rank 15: Creating listener for rank 1 on dev 3
INFO: Function: int main(int, char **) Line: 117: NET/OFI Rank 15: Creating listener for rank 2 on dev 3
INFO: Function: int main(int, char **) Line: 117: NET/OFI Rank 15: Creating listener for rank 3 on dev 3
INFO: Function: int main(int, char **) Line: 117: NET/OFI Rank 15: Creating listener for rank 4 on dev 3
INFO: Function: int main(int, char **) Line: 117: NET/OFI Rank 15: Creating listener for rank 5 on dev 3
INFO: Function: int main(int, char **) Line: 63: NET/OFI Received 4 network devices
TRACE: Function: void print_dev_props(int, ncclNetProperties_t *) Line: 79: NET/OFI ****************** Device 0 Properties ******************
TRACE: Function: void print_dev_props(int, ncclNetProperties_t *) Line: 80: NET/OFI cxi0: PCIe Path: /sys/devices/pci0000:c4/0000:c4:01.1/0000:c5:00.0
TRACE: Function: void print_dev_props(int, ncclNetProperties_t *) Line: 81: NET/OFI cxi0: Plugin Support: 3
TRACE: Function: void print_dev_props(int, ncclNetProperties_t *) Line: 82: NET/OFI cxi0: Device GUID: 0
TRACE: Function: void print_dev_props(int, ncclNetProperties_t *) Line: 83: NET/OFI cxi0: Device Speed: 200000000
TRACE: Function: void print_dev_props(int, ncclNetProperties_t *) Line: 84: NET/OFI cxi0: Device Port: 1
TRACE: Function: void print_dev_props(int, ncclNetProperties_t *) Line: 85: NET/OFI cxi0: Device Maximum Communicators: 128
INFO: Function: int main(int, char **) Line: 117: NET/OFI Rank 27: Creating listener for rank 15 on dev 1
INFO: Function: int main(int, char **) Line: 117: NET/OFI Rank 27: Creating listener for rank 16 on dev 1
INFO: Function: int main(int, char **) Line: 117: NET/OFI Rank 27: Creating listener for rank 17 on dev 1
INFO: Function: int main(int, char **) Line: 117: NET/OFI Rank 27: Creating listener for rank 18 on dev 1
INFO: Function: int main(int, char **) Line: 117: NET/OFI Rank 27: Creating listener for rank 19 on dev 1
INFO: Function: int main(int, char **) Line: 117: NET/OFI Rank 27: Creating listener for rank 20 on dev 1
INFO: Function: int main(int, char **) Line: 117: NET/OFI Rank 27: Creating listener for rank 21 on dev 1
INFO: Function: int main(int, char **) Line: 117: NET/OFI Rank 27: Creating listener for rank 22 on dev 1
INFO: Function: int main(int, char **) Line: 117: NET/OFI Rank 27: Creating listener for rank 23 on dev 1
TRACE: Function: void print_dev_props(int, ncclNetProperties_t *) Line: 87: NET/OFI cxi2: Device Maximum Grouped Receives: 1
INFO: Function: int main(int, char **) Line: 117: NET/OFI Rank 15: Creating listener for rank 6 on dev 3
INFO: Function: int main(int, char **) Line: 117: NET/OFI Rank 15: Creating listener for rank 7 on dev 3
INFO: Function: int main(int, char **) Line: 117: NET/OFI Rank 15: Creating listener for rank 8 on dev 3
INFO: Function: int main(int, char **) Line: 117: NET/OFI Rank 15: Creating listener for rank 9 on dev 3
INFO: Function: int main(int, char **) Line: 117: NET/OFI Rank 15: Creating listener for rank 10 on dev 3
INFO: Function: int main(int, char **) Line: 117: NET/OFI Rank 15: Creating listener for rank 11 on dev 3
INFO: Function: int main(int, char **) Line: 117: NET/OFI Rank 15: Creating listener for rank 12 on dev 3
INFO: Function: int main(int, char **) Line: 117: NET/OFI Rank 15: Creating listener for rank 13 on dev 3
INFO: Function: int main(int, char **) Line: 117: NET/OFI Rank 15: Creating listener for rank 14 on dev 3
TRACE: Function: void print_dev_props(int, ncclNetProperties_t *) Line: 87: NET/OFI cxi0: Device Maximum Grouped Receives: 1
TRACE: Function: void print_dev_props(int, ncclNetProperties_t *) Line: 79: NET/OFI ****************** Device 1 Properties ******************
TRACE: Function: void print_dev_props(int, ncclNetProperties_t *) Line: 80: NET/OFI cxi1: PCIe Path: /sys/devices/pci0000:cc/0000:cc:01.1/0000:cd:00.0
TRACE: Function: void print_dev_props(int, ncclNetProperties_t *) Line: 81: NET/OFI cxi1: Plugin Support: 3
TRACE: Function: void print_dev_props(int, ncclNetProperties_t *) Line: 82: NET/OFI cxi1: Device GUID: 1
TRACE: Function: void print_dev_props(int, ncclNetProperties_t *) Line: 83: NET/OFI cxi1: Device Speed: 200000000
TRACE: Function: void print_dev_props(int, ncclNetProperties_t *) Line: 84: NET/OFI cxi1: Device Port: 1
TRACE: Function: void print_dev_props(int, ncclNetProperties_t *) Line: 85: NET/OFI cxi1: Device Maximum Communicators: 128
INFO: Function: int main(int, char **) Line: 117: NET/OFI Rank 27: Creating listener for rank 24 on dev 1
INFO: Function: int main(int, char **) Line: 117: NET/OFI Rank 27: Creating listener for rank 25 on dev 1
TRACE: Function: void print_dev_props(int, ncclNetProperties_t *) Line: 79: NET/OFI ****************** Device 3 Properties ******************
TRACE: Function: void print_dev_props(int, ncclNetProperties_t *) Line: 80: NET/OFI cxi3: PCIe Path: /sys/devices/pci0000:dc/0000:dc:01.1/0000:dd:00.0
TRACE: Function: void print_dev_props(int, ncclNetProperties_t *) Line: 81: NET/OFI cxi3: Plugin Support: 3
TRACE: Function: void print_dev_props(int, ncclNetProperties_t *) Line: 82: NET/OFI cxi3: Device GUID: 3
TRACE: Function: void print_dev_props(int, ncclNetProperties_t *) Line: 83: NET/OFI cxi3: Device Speed: 200000000
TRACE: Function: void print_dev_props(int, ncclNetProperties_t *) Line: 84: NET/OFI cxi3: Device Port: 1
TRACE: Function: void print_dev_props(int, ncclNetProperties_t *) Line: 85: NET/OFI cxi3: Device Maximum Communicators: 128
TRACE: Function: void print_dev_props(int, ncclNetProperties_t *) Line: 87: NET/OFI cxi3: Device Maximum Grouped Receives: 1
INFO: Function: int main(int, char **) Line: 117: NET/OFI Rank 15: Creating listener for rank 16 on dev 3
INFO: Function: int main(int, char **) Line: 117: NET/OFI Rank 15: Creating listener for rank 17 on dev 3
INFO: Function: int main(int, char **) Line: 117: NET/OFI Rank 15: Creating listener for rank 18 on dev 3
INFO: Function: int main(int, char **) Line: 117: NET/OFI Rank 15: Creating listener for rank 19 on dev 3
INFO: Function: int main(int, char **) Line: 117: NET/OFI Rank 15: Creating listener for rank 20 on dev 3
INFO: Function: int main(int, char **) Line: 117: NET/OFI Rank 15: Creating listener for rank 21 on dev 3
INFO: Function: int main(int, char **) Line: 117: NET/OFI Rank 15: Creating listener for rank 22 on dev 3
INFO: Function: int main(int, char **) Line: 117: NET/OFI Rank 15: Creating listener for rank 23 on dev 3
INFO: Function: int main(int, char **) Line: 117: NET/OFI Rank 15: Creating listener for rank 24 on dev 3
TRACE: Function: void print_dev_props(int, ncclNetProperties_t *) Line: 87: NET/OFI cxi1: Device Maximum Grouped Receives: 1
TRACE: Function: void print_dev_props(int, ncclNetProperties_t *) Line: 79: NET/OFI ****************** Device 2 Properties ******************
TRACE: Function: void print_dev_props(int, ncclNetProperties_t *) Line: 80: NET/OFI cxi2: PCIe Path: /sys/devices/pci0000:d4/0000:d4:01.1/0000:d5:00.0
TRACE: Function: void print_dev_props(int, ncclNetProperties_t *) Line: 81: NET/OFI cxi2: Plugin Support: 3
TRACE: Function: void print_dev_props(int, ncclNetProperties_t *) Line: 82: NET/OFI cxi2: Device GUID: 2
TRACE: Function: void print_dev_props(int, ncclNetProperties_t *) Line: 83: NET/OFI cxi2: Device Speed: 200000000
TRACE: Function: void print_dev_props(int, ncclNetProperties_t *) Line: 84: NET/OFI cxi2: Device Port: 1
TRACE: Function: void print_dev_props(int, ncclNetProperties_t *) Line: 85: NET/OFI cxi2: Device Maximum Communicators: 128
INFO: Function: int main(int, char **) Line: 117: NET/OFI Rank 27: Creating listener for rank 26 on dev 1
INFO: Function: int main(int, char **) Line: 95: NET/OFI Rank 2: local_rank=2, cuda_dev=2, net_dev=1, hostname=frontier00479
INFO: Function: int main(int, char **) Line: 99: NET/OFI Network supports communication using CUDA buffers. Dev: 1
INFO: Function: int main(int, char **) Line: 117: NET/OFI Rank 2: Creating listener for rank 0 on dev 1
TRACE: Function: ncclResult_t create_nccl_ofi_comp_for_dev(int, struct fi_info *) Line: 922: NET/OFI OFI component #1 is created
INFO: Function: int main(int, char **) Line: 117: NET/OFI Rank 2: Creating listener for rank 1 on dev 1
INFO: Function: int main(int, char **) Line: 117: NET/OFI Rank 2: Creating listener for rank 3 on dev 1
INFO: Function: int main(int, char **) Line: 117: NET/OFI Rank 2: Creating listener for rank 4 on dev 1
INFO: Function: int main(int, char **) Line: 117: NET/OFI Rank 2: Creating listener for rank 5 on dev 1
INFO: Function: int main(int, char **) Line: 117: NET/OFI Rank 2: Creating listener for rank 6 on dev 1
INFO: Function: int main(int, char **) Line: 117: NET/OFI Rank 15: Creating listener for rank 25 on dev 3
INFO: Function: int main(int, char **) Line: 117: NET/OFI Rank 15: Creating listener for rank 26 on dev 3
TRACE: Function: void print_dev_props(int, ncclNetProperties_t *) Line: 87: NET/OFI cxi2: Device Maximum Grouped Receives: 1
TRACE: Function: void print_dev_props(int, ncclNetProperties_t *) Line: 79: NET/OFI ****************** Device 3 Properties ******************
TRACE: Function: void print_dev_props(int, ncclNetProperties_t *) Line: 80: NET/OFI cxi3: PCIe Path: /sys/devices/pci0000:dc/0000:dc:01.1/0000:dd:00.0
TRACE: Function: void print_dev_props(int, ncclNetProperties_t *) Line: 81: NET/OFI cxi3: Plugin Support: 3
TRACE: Function: void print_dev_props(int, ncclNetProperties_t *) Line: 82: NET/OFI cxi3: Device GUID: 3
TRACE: Function: void print_dev_props(int, ncclNetProperties_t *) Line: 83: NET/OFI cxi3: Device Speed: 200000000
TRACE: Function: void print_dev_props(int, ncclNetProperties_t *) Line: 84: NET/OFI cxi3: Device Port: 1
TRACE: Function: void print_dev_props(int, ncclNetProperties_t *) Line: 85: NET/OFI cxi3: Device Maximum Communicators: 128
TRACE: Function: void print_dev_props(int, ncclNetProperties_t *) Line: 87: NET/OFI cxi3: Device Maximum Grouped Receives: 1
INFO: Function: int main(int, char **) Line: 117: NET/OFI Rank 2: Creating listener for rank 7 on dev 1
INFO: Function: int main(int, char **) Line: 117: NET/OFI Rank 2: Creating listener for rank 8 on dev 1
INFO: Function: int main(int, char **) Line: 117: NET/OFI Rank 2: Creating listener for rank 9 on dev 1
INFO: Function: int main(int, char **) Line: 117: NET/OFI Rank 2: Creating listener for rank 10 on dev 1
INFO: Function: int main(int, char **) Line: 117: NET/OFI Rank 2: Creating listener for rank 11 on dev 1
INFO: Function: int main(int, char **) Line: 117: NET/OFI Rank 2: Creating listener for rank 12 on dev 1
INFO: Function: int main(int, char **) Line: 117: NET/OFI Rank 2: Creating listener for rank 13 on dev 1
INFO: Function: int main(int, char **) Line: 117: NET/OFI Rank 2: Creating listener for rank 14 on dev 1
INFO: Function: int main(int, char **) Line: 117: NET/OFI Rank 2: Creating listener for rank 15 on dev 1
INFO: Function: int main(int, char **) Line: 117: NET/OFI Rank 15: Creating listener for rank 27 on dev 3
TRACE: Function: void print_dev_props(int, ncclNetProperties_t *) Line: 79: NET/OFI ****************** Device 3 Properties ******************
TRACE: Function: void print_dev_props(int, ncclNetProperties_t *) Line: 80: NET/OFI cxi3: PCIe Path: /sys/devices/pci0000:dc/0000:dc:01.1/0000:dd:00.0
TRACE: Function: void print_dev_props(int, ncclNetProperties_t *) Line: 81: NET/OFI cxi3: Plugin Support: 3
TRACE: Function: void print_dev_props(int, ncclNetProperties_t *) Line: 82: NET/OFI cxi3: Device GUID: 3
TRACE: Function: void print_dev_props(int, ncclNetProperties_t *) Line: 83: NET/OFI cxi3: Device Speed: 200000000
TRACE: Function: void print_dev_props(int, ncclNetProperties_t *) Line: 84: NET/OFI cxi3: Device Port: 1
TRACE: Function: void print_dev_props(int, ncclNetProperties_t *) Line: 85: NET/OFI cxi3: Device Maximum Communicators: 128
TRACE: Function: void print_dev_props(int, ncclNetProperties_t *) Line: 87: NET/OFI cxi3: Device Maximum Grouped Receives: 1
INFO: Function: int main(int, char **) Line: 95: NET/OFI Rank 26: local_rank=2, cuda_dev=2, net_dev=1, hostname=frontier02048
INFO: Function: int main(int, char **) Line: 99: NET/OFI Network supports communication using CUDA buffers. Dev: 1
INFO: Function: int main(int, char **) Line: 117: NET/OFI Rank 26: Creating listener for rank 0 on dev 1
TRACE: Function: ncclResult_t create_nccl_ofi_comp_for_dev(int, struct fi_info *) Line: 922: NET/OFI OFI component #1 is created
INFO: Function: int main(int, char **) Line: 117: NET/OFI Rank 26: Creating listener for rank 1 on dev 1
INFO: Function: int main(int, char **) Line: 117: NET/OFI Rank 26: Creating listener for rank 2 on dev 1
INFO: Function: int main(int, char **) Line: 117: NET/OFI Rank 26: Creating listener for rank 3 on dev 1
INFO: Function: int main(int, char **) Line: 117: NET/OFI Rank 26: Creating listener for rank 4 on dev 1
INFO: Function: int main(int, char **) Line: 117: NET/OFI Rank 26: Creating listener for rank 5 on dev 1
INFO: Function: int main(int, char **) Line: 117: NET/OFI Rank 2: Creating listener for rank 16 on dev 1
INFO: Function: int main(int, char **) Line: 117: NET/OFI Rank 2: Creating listener for rank 17 on dev 1
INFO: Function: int main(int, char **) Line: 117: NET/OFI Rank 2: Creating listener for rank 18 on dev 1
INFO: Function: int main(int, char **) Line: 117: NET/OFI Rank 2: Creating listener for rank 19 on dev 1
INFO: Function: int main(int, char **) Line: 117: NET/OFI Rank 2: Creating listener for rank 20 on dev 1
INFO: Function: int main(int, char **) Line: 117: NET/OFI Rank 2: Creating listener for rank 21 on dev 1
INFO: Function: int main(int, char **) Line: 117: NET/OFI Rank 2: Creating listener for rank 22 on dev 1
INFO: Function: int main(int, char **) Line: 117: NET/OFI Rank 2: Creating listener for rank 23 on dev 1
INFO: Function: int main(int, char **) Line: 117: NET/OFI Rank 2: Creating listener for rank 24 on dev 1
TRACE: Function: void print_dev_props(int, ncclNetProperties_t *) Line: 79: NET/OFI ****************** Device 3 Properties ******************
TRACE: Function: void print_dev_props(int, ncclNetProperties_t *) Line: 80: NET/OFI cxi3: PCIe Path: /sys/devices/pci0000:dc/0000:dc:01.1/0000:dd:00.0
TRACE: Function: void print_dev_props(int, ncclNetProperties_t *) Line: 81: NET/OFI cxi3: Plugin Support: 3
TRACE: Function: void print_dev_props(int, ncclNetProperties_t *) Line: 82: NET/OFI cxi3: Device GUID: 3
TRACE: Function: void print_dev_props(int, ncclNetProperties_t *) Line: 83: NET/OFI cxi3: Device Speed: 200000000
TRACE: Function: void print_dev_props(int, ncclNetProperties_t *) Line: 84: NET/OFI cxi3: Device Port: 1
TRACE: Function: void print_dev_props(int, ncclNetProperties_t *) Line: 85: NET/OFI cxi3: Device Maximum Communicators: 128
TRACE: Function: void print_dev_props(int, ncclNetProperties_t *) Line: 87: NET/OFI cxi3: Device Maximum Grouped Receives: 1
INFO: Function: int main(int, char **) Line: 95: NET/OFI Rank 20: local_rank=4, cuda_dev=4, net_dev=2, hostname=frontier01536
INFO: Function: int main(int, char **) Line: 99: NET/OFI Network supports communication using CUDA buffers. Dev: 2
INFO: Function: int main(int, char **) Line: 117: NET/OFI Rank 20: Creating listener for rank 0 on dev 2
TRACE: Function: ncclResult_t create_nccl_ofi_comp_for_dev(int, struct fi_info *) Line: 922: NET/OFI OFI component #2 is created
INFO: Function: int main(int, char **) Line: 117: NET/OFI Rank 20: Creating listener for rank 1 on dev 2
INFO: Function: int main(int, char **) Line: 117: NET/OFI Rank 20: Creating listener for rank 2 on dev 2
INFO: Function: int main(int, char **) Line: 117: NET/OFI Rank 20: Creating listener for rank 3 on dev 2
INFO: Function: int main(int, char **) Line: 117: NET/OFI Rank 20: Creating listener for rank 4 on dev 2
INFO: Function: int main(int, char **) Line: 117: NET/OFI Rank 20: Creating listener for rank 5 on dev 2
INFO: Function: int main(int, char **) Line: 117: NET/OFI Rank 26: Creating listener for rank 6 on dev 1
INFO: Function: int main(int, char **) Line: 117: NET/OFI Rank 26: Creating listener for rank 7 on dev 1
INFO: Function: int main(int, char **) Line: 117: NET/OFI Rank 26: Creating listener for rank 8 on dev 1
INFO: Function: int main(int, char **) Line: 117: NET/OFI Rank 26: Creating listener for rank 9 on dev 1
INFO: Function: int main(int, char **) Line: 117: NET/OFI Rank 26: Creating listener for rank 10 on dev 1
INFO: Function: int main(int, char **) Line: 117: NET/OFI Rank 26: Creating listener for rank 11 on dev 1
INFO: Function: int main(int, char **) Line: 117: NET/OFI Rank 26: Creating listener for rank 12 on dev 1
INFO: Function: int main(int, char **) Line: 117: NET/OFI Rank 26: Creating listener for rank 13 on dev 1
INFO: Function: int main(int, char **) Line: 117: NET/OFI Rank 26: Creating listener for rank 14 on dev 1
INFO: Function: int main(int, char **) Line: 117: NET/OFI Rank 2: Creating listener for rank 25 on dev 1
INFO: Function: int main(int, char **) Line: 117: NET/OFI Rank 2: Creating listener for rank 26 on dev 1
INFO: Function: int main(int, char **) Line: 95: NET/OFI Rank 12: local_rank=4, cuda_dev=4, net_dev=2, hostname=frontier00640
INFO: Function: int main(int, char **) Line: 99: NET/OFI Network supports communication using CUDA buffers. Dev: 2
INFO: Function: int main(int, char **) Line: 117: NET/OFI Rank 12: Creating listener for rank 0 on dev 2
TRACE: Function: ncclResult_t create_nccl_ofi_comp_for_dev(int, struct fi_info *) Line: 922: NET/OFI OFI component #2 is created
INFO: Function: int main(int, char **) Line: 117: NET/OFI Rank 12: Creating listener for rank 1 on dev 2
INFO: Function: int main(int, char **) Line: 117: NET/OFI Rank 12: Creating listener for rank 2 on dev 2
INFO: Function: int main(int, char **) Line: 117: NET/OFI Rank 12: Creating listener for rank 3 on dev 2
INFO: Function: int main(int, char **) Line: 117: NET/OFI Rank 12: Creating listener for rank 4 on dev 2
INFO: Function: int main(int, char **) Line: 117: NET/OFI Rank 12: Creating listener for rank 5 on dev 2
INFO: Function: int main(int, char **) Line: 117: NET/OFI Rank 20: Creating listener for rank 6 on dev 2
INFO: Function: int main(int, char **) Line: 117: NET/OFI Rank 20: Creating listener for rank 7 on dev 2
INFO: Function: int main(int, char **) Line: 117: NET/OFI Rank 20: Creating listener for rank 8 on dev 2
INFO: Function: int main(int, char **) Line: 117: NET/OFI Rank 20: Creating listener for rank 9 on dev 2
INFO: Function: int main(int, char **) Line: 117: NET/OFI Rank 20: Creating listener for rank 10 on dev 2
INFO: Function: int main(int, char **) Line: 117: NET/OFI Rank 20: Creating listener for rank 11 on dev 2
INFO: Function: int main(int, char **) Line: 117: NET/OFI Rank 20: Creating listener for rank 12 on dev 2
INFO: Function: int main(int, char **) Line: 117: NET/OFI Rank 20: Creating listener for rank 13 on dev 2
INFO: Function: int main(int, char **) Line: 117: NET/OFI Rank 20: Creating listener for rank 14 on dev 2
INFO: Function: int main(int, char **) Line: 117: NET/OFI Rank 26: Creating listener for rank 15 on dev 1
INFO: Function: int main(int, char **) Line: 117: NET/OFI Rank 26: Creating listener for rank 16 on dev 1
INFO: Function: int main(int, char **) Line: 117: NET/OFI Rank 26: Creating listener for rank 17 on dev 1
INFO: Function: int main(int, char **) Line: 117: NET/OFI Rank 26: Creating listener for rank 18 on dev 1
INFO: Function: int main(int, char **) Line: 117: NET/OFI Rank 26: Creating listener for rank 19 on dev 1
INFO: Function: int main(int, char **) Line: 117: NET/OFI Rank 26: Creating listener for rank 20 on dev 1
INFO: Function: int main(int, char **) Line: 117: NET/OFI Rank 26: Creating listener for rank 21 on dev 1
INFO: Function: int main(int, char **) Line: 117: NET/OFI Rank 26: Creating listener for rank 22 on dev 1
INFO: Function: int main(int, char **) Line: 117: NET/OFI Rank 26: Creating listener for rank 23 on dev 1
INFO: Function: int main(int, char **) Line: 117: NET/OFI Rank 2: Creating listener for rank 27 on dev 1
INFO: Function: int main(int, char **) Line: 117: NET/OFI Rank 12: Creating listener for rank 6 on dev 2
INFO: Function: int main(int, char **) Line: 117: NET/OFI Rank 12: Creating listener for rank 7 on dev 2
INFO: Function: int main(int, char **) Line: 117: NET/OFI Rank 12: Creating listener for rank 8 on dev 2
INFO: Function: int main(int, char **) Line: 117: NET/OFI Rank 12: Creating listener for rank 9 on dev 2
INFO: Function: int main(int, char **) Line: 117: NET/OFI Rank 12: Creating listener for rank 10 on dev 2
INFO: Function: int main(int, char **) Line: 117: NET/OFI Rank 12: Creating listener for rank 11 on dev 2
INFO: Function: int main(int, char **) Line: 117: NET/OFI Rank 12: Creating listener for rank 13 on dev 2
INFO: Function: int main(int, char **) Line: 117: NET/OFI Rank 12: Creating listener for rank 14 on dev 2
INFO: Function: int main(int, char **) Line: 117: NET/OFI Rank 12: Creating listener for rank 15 on dev 2
INFO: Function: int main(int, char **) Line: 117: NET/OFI Rank 20: Creating listener for rank 15 on dev 2
INFO: Function: int main(int, char **) Line: 117: NET/OFI Rank 20: Creating listener for rank 16 on dev 2
INFO: Function: int main(int, char **) Line: 117: NET/OFI Rank 20: Creating listener for rank 17 on dev 2
INFO: Function: int main(int, char **) Line: 117: NET/OFI Rank 20: Creating listener for rank 18 on dev 2
INFO: Function: int main(int, char **) Line: 117: NET/OFI Rank 20: Creating listener for rank 19 on dev 2
INFO: Function: int main(int, char **) Line: 117: NET/OFI Rank 20: Creating listener for rank 21 on dev 2
INFO: Function: int main(int, char **) Line: 117: NET/OFI Rank 20: Creating listener for rank 22 on dev 2
INFO: Function: int main(int, char **) Line: 117: NET/OFI Rank 20: Creating listener for rank 23 on dev 2
INFO: Function: int main(int, char **) Line: 117: NET/OFI Rank 20: Creating listener for rank 24 on dev 2
INFO: Function: int main(int, char **) Line: 117: NET/OFI Rank 26: Creating listener for rank 24 on dev 1
INFO: Function: int main(int, char **) Line: 117: NET/OFI Rank 26: Creating listener for rank 25 on dev 1
TRACE: Function: void print_dev_props(int, ncclNetProperties_t *) Line: 79: NET/OFI ****************** Device 3 Properties ******************
TRACE: Function: void print_dev_props(int, ncclNetProperties_t *) Line: 80: NET/OFI cxi3: PCIe Path: /sys/devices/pci0000:dc/0000:dc:01.1/0000:dd:00.0
TRACE: Function: void print_dev_props(int, ncclNetProperties_t *) Line: 81: NET/OFI cxi3: Plugin Support: 3
TRACE: Function: void print_dev_props(int, ncclNetProperties_t *) Line: 82: NET/OFI cxi3: Device GUID: 3
TRACE: Function: void print_dev_props(int, ncclNetProperties_t *) Line: 83: NET/OFI cxi3: Device Speed: 200000000
TRACE: Function: void print_dev_props(int, ncclNetProperties_t *) Line: 84: NET/OFI cxi3: Device Port: 1
TRACE: Function: void print_dev_props(int, ncclNetProperties_t *) Line: 85: NET/OFI cxi3: Device Maximum Communicators: 128
TRACE: Function: void print_dev_props(int, ncclNetProperties_t *) Line: 87: NET/OFI cxi3: Device Maximum Grouped Receives: 1
INFO: Function: int main(int, char **) Line: 117: NET/OFI Rank 12: Creating listener for rank 16 on dev 2
INFO: Function: int main(int, char **) Line: 117: NET/OFI Rank 12: Creating listener for rank 17 on dev 2
INFO: Function: int main(int, char **) Line: 117: NET/OFI Rank 12: Creating listener for rank 18 on dev 2
INFO: Function: int main(int, char **) Line: 117: NET/OFI Rank 12: Creating listener for rank 19 on dev 2
INFO: Function: int main(int, char **) Line: 117: NET/OFI Rank 12: Creating listener for rank 20 on dev 2
INFO: Function: int main(int, char **) Line: 117: NET/OFI Rank 12: Creating listener for rank 21 on dev 2
INFO: Function: int main(int, char **) Line: 117: NET/OFI Rank 12: Creating listener for rank 22 on dev 2
INFO: Function: int main(int, char **) Line: 117: NET/OFI Rank 12: Creating listener for rank 23 on dev 2
INFO: Function: int main(int, char **) Line: 117: NET/OFI Rank 12: Creating listener for rank 24 on dev 2
INFO: Function: int main(int, char **) Line: 117: NET/OFI Rank 20: Creating listener for rank 25 on dev 2
INFO: Function: int main(int, char **) Line: 117: NET/OFI Rank 20: Creating listener for rank 26 on dev 2
INFO: Function: int main(int, char **) Line: 117: NET/OFI Rank 26: Creating listener for rank 27 on dev 1
INFO: Function: int main(int, char **) Line: 95: NET/OFI Rank 6: local_rank=6, cuda_dev=6, net_dev=3, hostname=frontier00479
INFO: Function: int main(int, char **) Line: 99: NET/OFI Network supports communication using CUDA buffers. Dev: 3
INFO: Function: int main(int, char **) Line: 117: NET/OFI Rank 6: Creating listener for rank 0 on dev 3
TRACE: Function: ncclResult_t create_nccl_ofi_comp_for_dev(int, struct fi_info *) Line: 922: NET/OFI OFI component #3 is created
INFO: Function: int main(int, char **) Line: 117: NET/OFI Rank 6: Creating listener for rank 1 on dev 3
INFO: Function: int main(int, char **) Line: 117: NET/OFI Rank 6: Creating listener for rank 2 on dev 3
INFO: Function: int main(int, char **) Line: 117: NET/OFI Rank 6: Creating listener for rank 3 on dev 3
INFO: Function: int main(int, char **) Line: 117: NET/OFI Rank 6: Creating listener for rank 4 on dev 3
INFO: Function: int main(int, char **) Line: 117: NET/OFI Rank 6: Creating listener for rank 5 on dev 3
INFO: Function: int main(int, char **) Line: 117: NET/OFI Rank 12: Creating listener for rank 25 on dev 2
INFO: Function: int main(int, char **) Line: 117: NET/OFI Rank 12: Creating listener for rank 26 on dev 2
INFO: Function: int main(int, char **) Line: 117: NET/OFI Rank 20: Creating listener for rank 27 on dev 2
TRACE: Function: void print_dev_props(int, ncclNetProperties_t *) Line: 79: NET/OFI ****************** Device 3 Properties ******************
TRACE: Function: void print_dev_props(int, ncclNetProperties_t *) Line: 80: NET/OFI cxi3: PCIe Path: /sys/devices/pci0000:dc/0000:dc:01.1/0000:dd:00.0
TRACE: Function: void print_dev_props(int, ncclNetProperties_t *) Line: 81: NET/OFI cxi3: Plugin Support: 3
TRACE: Function: void print_dev_props(int, ncclNetProperties_t *) Line: 82: NET/OFI cxi3: Device GUID: 3
TRACE: Function: void print_dev_props(int, ncclNetProperties_t *) Line: 83: NET/OFI cxi3: Device Speed: 200000000
TRACE: Function: void print_dev_props(int, ncclNetProperties_t *) Line: 84: NET/OFI cxi3: Device Port: 1
TRACE: Function: void print_dev_props(int, ncclNetProperties_t *) Line: 85: NET/OFI cxi3: Device Maximum Communicators: 128
TRACE: Function: void print_dev_props(int, ncclNetProperties_t *) Line: 87: NET/OFI cxi3: Device Maximum Grouped Receives: 1
INFO: Function: int main(int, char **) Line: 117: NET/OFI Rank 6: Creating listener for rank 7 on dev 3
INFO: Function: int main(int, char **) Line: 117: NET/OFI Rank 6: Creating listener for rank 8 on dev 3
INFO: Function: int main(int, char **) Line: 117: NET/OFI Rank 6: Creating listener for rank 9 on dev 3
INFO: Function: int main(int, char **) Line: 117: NET/OFI Rank 6: Creating listener for rank 10 on dev 3
INFO: Function: int main(int, char **) Line: 117: NET/OFI Rank 6: Creating listener for rank 11 on dev 3
INFO: Function: int main(int, char **) Line: 117: NET/OFI Rank 6: Creating listener for rank 12 on dev 3
INFO: Function: int main(int, char **) Line: 117: NET/OFI Rank 6: Creating listener for rank 13 on dev 3
INFO: Function: int main(int, char **) Line: 117: NET/OFI Rank 6: Creating listener for rank 14 on dev 3
INFO: Function: int main(int, char **) Line: 117: NET/OFI Rank 6: Creating listener for rank 15 on dev 3
INFO: Function: int main(int, char **) Line: 117: NET/OFI Rank 12: Creating listener for rank 27 on dev 2
TRACE: Function: void print_dev_props(int, ncclNetProperties_t *) Line: 79: NET/OFI ****************** Device 3 Properties ******************
TRACE: Function: void print_dev_props(int, ncclNetProperties_t *) Line: 80: NET/OFI cxi3: PCIe Path: /sys/devices/pci0000:dc/0000:dc:01.1/0000:dd:00.0
TRACE: Function: void print_dev_props(int, ncclNetProperties_t *) Line: 81: NET/OFI cxi3: Plugin Support: 3
TRACE: Function: void print_dev_props(int, ncclNetProperties_t *) Line: 82: NET/OFI cxi3: Device GUID: 3
TRACE: Function: void print_dev_props(int, ncclNetProperties_t *) Line: 83: NET/OFI cxi3: Device Speed: 200000000
TRACE: Function: void print_dev_props(int, ncclNetProperties_t *) Line: 84: NET/OFI cxi3: Device Port: 1
TRACE: Function: void print_dev_props(int, ncclNetProperties_t *) Line: 85: NET/OFI cxi3: Device Maximum Communicators: 128
TRACE: Function: void print_dev_props(int, ncclNetProperties_t *) Line: 87: NET/OFI cxi3: Device Maximum Grouped Receives: 1
INFO: Function: int main(int, char **) Line: 95: NET/OFI Rank 28: local_rank=4, cuda_dev=4, net_dev=2, hostname=frontier02048
INFO: Function: int main(int, char **) Line: 99: NET/OFI Network supports communication using CUDA buffers. Dev: 2
INFO: Function: int main(int, char **) Line: 117: NET/OFI Rank 28: Creating listener for rank 0 on dev 2
TRACE: Function: ncclResult_t create_nccl_ofi_comp_for_dev(int, struct fi_info *) Line: 922: NET/OFI OFI component #2 is created
INFO: Function: int main(int, char **) Line: 117: NET/OFI Rank 28: Creating listener for rank 1 on dev 2
INFO: Function: int main(int, char **) Line: 117: NET/OFI Rank 28: Creating listener for rank 2 on dev 2
INFO: Function: int main(int, char **) Line: 117: NET/OFI Rank 28: Creating listener for rank 3 on dev 2
INFO: Function: int main(int, char **) Line: 117: NET/OFI Rank 28: Creating listener for rank 4 on dev 2
INFO: Function: int main(int, char **) Line: 117: NET/OFI Rank 28: Creating listener for rank 5 on dev 2
INFO: Function: int main(int, char **) Line: 117: NET/OFI Rank 6: Creating listener for rank 16 on dev 3
INFO: Function: int main(int, char **) Line: 117: NET/OFI Rank 6: Creating listener for rank 17 on dev 3
INFO: Function: int main(int, char **) Line: 117: NET/OFI Rank 6: Creating listener for rank 18 on dev 3
INFO: Function: int main(int, char **) Line: 117: NET/OFI Rank 6: Creating listener for rank 19 on dev 3
INFO: Function: int main(int, char **) Line: 117: NET/OFI Rank 6: Creating listener for rank 20 on dev 3
INFO: Function: int main(int, char **) Line: 117: NET/OFI Rank 6: Creating listener for rank 21 on dev 3
INFO: Function: int main(int, char **) Line: 117: NET/OFI Rank 6: Creating listener for rank 22 on dev 3
INFO: Function: int main(int, char **) Line: 117: NET/OFI Rank 6: Creating listener for rank 23 on dev 3
INFO: Function: int main(int, char **) Line: 117: NET/OFI Rank 6: Creating listener for rank 24 on dev 3
TRACE: Function: void print_dev_props(int, ncclNetProperties_t *) Line: 79: NET/OFI ****************** Device 3 Properties ******************
TRACE: Function: void print_dev_props(int, ncclNetProperties_t *) Line: 80: NET/OFI cxi3: PCIe Path: /sys/devices/pci0000:dc/0000:dc:01.1/0000:dd:00.0
TRACE: Function: void print_dev_props(int, ncclNetProperties_t *) Line: 81: NET/OFI cxi3: Plugin Support: 3
TRACE: Function: void print_dev_props(int, ncclNetProperties_t *) Line: 82: NET/OFI cxi3: Device GUID: 3
TRACE: Function: void print_dev_props(int, ncclNetProperties_t *) Line: 83: NET/OFI cxi3: Device Speed: 200000000
TRACE: Function: void print_dev_props(int, ncclNetProperties_t *) Line: 84: NET/OFI cxi3: Device Port: 1
TRACE: Function: void print_dev_props(int, ncclNetProperties_t *) Line: 85: NET/OFI cxi3: Device Maximum Communicators: 128
TRACE: Function: void print_dev_props(int, ncclNetProperties_t *) Line: 87: NET/OFI cxi3: Device Maximum Grouped Receives: 1
INFO: Function: int main(int, char **) Line: 95: NET/OFI Rank 21: local_rank=5, cuda_dev=5, net_dev=2, hostname=frontier01536
INFO: Function: int main(int, char **) Line: 99: NET/OFI Network supports communication using CUDA buffers. Dev: 2
INFO: Function: int main(int, char **) Line: 117: NET/OFI Rank 21: Creating listener for rank 0 on dev 2
TRACE: Function: ncclResult_t create_nccl_ofi_comp_for_dev(int, struct fi_info *) Line: 922: NET/OFI OFI component #2 is created
INFO: Function: int main(int, char **) Line: 117: NET/OFI Rank 21: Creating listener for rank 1 on dev 2
INFO: Function: int main(int, char **) Line: 117: NET/OFI Rank 21: Creating listener for rank 2 on dev 2
INFO: Function: int main(int, char **) Line: 117: NET/OFI Rank 21: Creating listener for rank 3 on dev 2
INFO: Function: int main(int, char **) Line: 117: NET/OFI Rank 21: Creating listener for rank 4 on dev 2
INFO: Function: int main(int, char **) Line: 117: NET/OFI Rank 21: Creating listener for rank 5 on dev 2
INFO: Function: int main(int, char **) Line: 117: NET/OFI Rank 28: Creating listener for rank 6 on dev 2
INFO: Function: int main(int, char **) Line: 117: NET/OFI Rank 28: Creating listener for rank 7 on dev 2
INFO: Function: int main(int, char **) Line: 117: NET/OFI Rank 28: Creating listener for rank 8 on dev 2
INFO: Function: int main(int, char **) Line: 117: NET/OFI Rank 28: Creating listener for rank 9 on dev 2
INFO: Function: int main(int, char **) Line: 117: NET/OFI Rank 28: Creating listener for rank 10 on dev 2
INFO: Function: int main(int, char **) Line: 117: NET/OFI Rank 28: Creating listener for rank 11 on dev 2
INFO: Function: int main(int, char **) Line: 117: NET/OFI Rank 28: Creating listener for rank 12 on dev 2
INFO: Function: int main(int, char **) Line: 117: NET/OFI Rank 28: Creating listener for rank 13 on dev 2
INFO: Function: int main(int, char **) Line: 117: NET/OFI Rank 28: Creating listener for rank 14 on dev 2
INFO: Function: int main(int, char **) Line: 117: NET/OFI Rank 6: Creating listener for rank 25 on dev 3
INFO: Function: int main(int, char **) Line: 117: NET/OFI Rank 6: Creating listener for rank 26 on dev 3
INFO: Function: int main(int, char **) Line: 95: NET/OFI Rank 8: local_rank=0, cuda_dev=0, net_dev=0, hostname=frontier00640
INFO: Function: int main(int, char **) Line: 99: NET/OFI Network supports communication using CUDA buffers. Dev: 0
INFO: Function: int main(int, char **) Line: 117: NET/OFI Rank 8: Creating listener for rank 0 on dev 0
TRACE: Function: ncclResult_t create_nccl_ofi_comp_for_dev(int, struct fi_info *) Line: 922: NET/OFI OFI component #0 is created
INFO: Function: int main(int, char **) Line: 117: NET/OFI Rank 8: Creating listener for rank 1 on dev 0
INFO: Function: int main(int, char **) Line: 117: NET/OFI Rank 8: Creating listener for rank 2 on dev 0
INFO: Function: int main(int, char **) Line: 117: NET/OFI Rank 8: Creating listener for rank 3 on dev 0
INFO: Function: int main(int, char **) Line: 117: NET/OFI Rank 8: Creating listener for rank 4 on dev 0
INFO: Function: int main(int, char **) Line: 117: NET/OFI Rank 8: Creating listener for rank 5 on dev 0
INFO: Function: int main(int, char **) Line: 117: NET/OFI Rank 21: Creating listener for rank 6 on dev 2
INFO: Function: int main(int, char **) Line: 117: NET/OFI Rank 21: Creating listener for rank 7 on dev 2
INFO: Function: int main(int, char **) Line: 117: NET/OFI Rank 21: Creating listener for rank 8 on dev 2
INFO: Function: int main(int, char **) Line: 117: NET/OFI Rank 21: Creating listener for rank 9 on dev 2
INFO: Function: int main(int, char **) Line: 117: NET/OFI Rank 21: Creating listener for rank 10 on dev 2
INFO: Function: int main(int, char **) Line: 117: NET/OFI Rank 21: Creating listener for rank 11 on dev 2
INFO: Function: int main(int, char **) Line: 117: NET/OFI Rank 21: Creating listener for rank 12 on dev 2
INFO: Function: int main(int, char **) Line: 117: NET/OFI Rank 21: Creating listener for rank 13 on dev 2
INFO: Function: int main(int, char **) Line: 117: NET/OFI Rank 21: Creating listener for rank 14 on dev 2
INFO: Function: int main(int, char **) Line: 117: NET/OFI Rank 28: Creating listener for rank 15 on dev 2
INFO: Function: int main(int, char **) Line: 117: NET/OFI Rank 28: Creating listener for rank 16 on dev 2
INFO: Function: int main(int, char **) Line: 117: NET/OFI Rank 28: Creating listener for rank 17 on dev 2
INFO: Function: int main(int, char **) Line: 117: NET/OFI Rank 28: Creating listener for rank 18 on dev 2
INFO: Function: int main(int, char **) Line: 117: NET/OFI Rank 28: Creating listener for rank 19 on dev 2
INFO: Function: int main(int, char **) Line: 117: NET/OFI Rank 28: Creating listener for rank 20 on dev 2
INFO: Function: int main(int, char **) Line: 117: NET/OFI Rank 28: Creating listener for rank 21 on dev 2
INFO: Function: int main(int, char **) Line: 117: NET/OFI Rank 28: Creating listener for rank 22 on dev 2
INFO: Function: int main(int, char **) Line: 117: NET/OFI Rank 28: Creating listener for rank 23 on dev 2
INFO: Function: int main(int, char **) Line: 117: NET/OFI Rank 6: Creating listener for rank 27 on dev 3
INFO: Function: int main(int, char **) Line: 117: NET/OFI Rank 8: Creating listener for rank 6 on dev 0
INFO: Function: int main(int, char **) Line: 117: NET/OFI Rank 8: Creating listener for rank 7 on dev 0
INFO: Function: int main(int, char **) Line: 117: NET/OFI Rank 8: Creating listener for rank 9 on dev 0
INFO: Function: int main(int, char **) Line: 117: NET/OFI Rank 8: Creating listener for rank 10 on dev 0
INFO: Function: int main(int, char **) Line: 117: NET/OFI Rank 8: Creating listener for rank 11 on dev 0
INFO: Function: int main(int, char **) Line: 117: NET/OFI Rank 8: Creating listener for rank 12 on dev 0
INFO: Function: int main(int, char **) Line: 117: NET/OFI Rank 8: Creating listener for rank 13 on dev 0
INFO: Function: int main(int, char **) Line: 117: NET/OFI Rank 8: Creating listener for rank 14 on dev 0
INFO: Function: int main(int, char **) Line: 117: NET/OFI Rank 8: Creating listener for rank 15 on dev 0
INFO: Function: int main(int, char **) Line: 117: NET/OFI Rank 21: Creating listener for rank 15 on dev 2
INFO: Function: int main(int, char **) Line: 117: NET/OFI Rank 21: Creating listener for rank 16 on dev 2
INFO: Function: int main(int, char **) Line: 117: NET/OFI Rank 21: Creating listener for rank 17 on dev 2
INFO: Function: int main(int, char **) Line: 117: NET/OFI Rank 21: Creating listener for rank 18 on dev 2
INFO: Function: int main(int, char **) Line: 117: NET/OFI Rank 21: Creating listener for rank 19 on dev 2
INFO: Function: int main(int, char **) Line: 117: NET/OFI Rank 21: Creating listener for rank 20 on dev 2
INFO: Function: int main(int, char **) Line: 117: NET/OFI Rank 21: Creating listener for rank 22 on dev 2
INFO: Function: int main(int, char **) Line: 117: NET/OFI Rank 21: Creating listener for rank 23 on dev 2
INFO: Function: int main(int, char **) Line: 117: NET/OFI Rank 21: Creating listener for rank 24 on dev 2
INFO: Function: int main(int, char **) Line: 117: NET/OFI Rank 28: Creating listener for rank 24 on dev 2
INFO: Function: int main(int, char **) Line: 117: NET/OFI Rank 28: Creating listener for rank 25 on dev 2
TRACE: Function: void print_dev_props(int, ncclNetProperties_t *) Line: 79: NET/OFI ****************** Device 3 Properties ******************
TRACE: Function: void print_dev_props(int, ncclNetProperties_t *) Line: 80: NET/OFI cxi3: PCIe Path: /sys/devices/pci0000:dc/0000:dc:01.1/0000:dd:00.0
TRACE: Function: void print_dev_props(int, ncclNetProperties_t *) Line: 81: NET/OFI cxi3: Plugin Support: 3
TRACE: Function: void print_dev_props(int, ncclNetProperties_t *) Line: 82: NET/OFI cxi3: Device GUID: 3
TRACE: Function: void print_dev_props(int, ncclNetProperties_t *) Line: 83: NET/OFI cxi3: Device Speed: 200000000
TRACE: Function: void print_dev_props(int, ncclNetProperties_t *) Line: 84: NET/OFI cxi3: Device Port: 1
TRACE: Function: void print_dev_props(int, ncclNetProperties_t *) Line: 85: NET/OFI cxi3: Device Maximum Communicators: 128
TRACE: Function: void print_dev_props(int, ncclNetProperties_t *) Line: 87: NET/OFI cxi3: Device Maximum Grouped Receives: 1
INFO: Function: int main(int, char **) Line: 117: NET/OFI Rank 8: Creating listener for rank 16 on dev 0
INFO: Function: int main(int, char **) Line: 117: NET/OFI Rank 8: Creating listener for rank 17 on dev 0
INFO: Function: int main(int, char **) Line: 117: NET/OFI Rank 8: Creating listener for rank 18 on dev 0
INFO: Function: int main(int, char **) Line: 117: NET/OFI Rank 8: Creating listener for rank 19 on dev 0
INFO: Function: int main(int, char **) Line: 117: NET/OFI Rank 8: Creating listener for rank 20 on dev 0
INFO: Function: int main(int, char **) Line: 117: NET/OFI Rank 8: Creating listener for rank 21 on dev 0
INFO: Function: int main(int, char **) Line: 117: NET/OFI Rank 8: Creating listener for rank 22 on dev 0
INFO: Function: int main(int, char **) Line: 117: NET/OFI Rank 8: Creating listener for rank 23 on dev 0
INFO: Function: int main(int, char **) Line: 117: NET/OFI Rank 8: Creating listener for rank 24 on dev 0
INFO: Function: int main(int, char **) Line: 117: NET/OFI Rank 21: Creating listener for rank 25 on dev 2
INFO: Function: int main(int, char **) Line: 117: NET/OFI Rank 21: Creating listener for rank 26 on dev 2
INFO: Function: int main(int, char **) Line: 117: NET/OFI Rank 28: Creating listener for rank 26 on dev 2
INFO: Function: int main(int, char **) Line: 95: NET/OFI Rank 0: local_rank=0, cuda_dev=0, net_dev=0, hostname=frontier00479
INFO: Function: int main(int, char **) Line: 99: NET/OFI Network supports communication using CUDA buffers. Dev: 0
INFO: Function: int main(int, char **) Line: 117: NET/OFI Rank 0: Creating listener for rank 1 on dev 0
TRACE: Function: ncclResult_t create_nccl_ofi_comp_for_dev(int, struct fi_info *) Line: 922: NET/OFI OFI component #0 is created
INFO: Function: int main(int, char **) Line: 117: NET/OFI Rank 0: Creating listener for rank 2 on dev 0
INFO: Function: int main(int, char **) Line: 117: NET/OFI Rank 0: Creating listener for rank 3 on dev 0
INFO: Function: int main(int, char **) Line: 117: NET/OFI Rank 0: Creating listener for rank 4 on dev 0
INFO: Function: int main(int, char **) Line: 117: NET/OFI Rank 0: Creating listener for rank 5 on dev 0
INFO: Function: int main(int, char **) Line: 117: NET/OFI Rank 0: Creating listener for rank 6 on dev 0
INFO: Function: int main(int, char **) Line: 117: NET/OFI Rank 8: Creating listener for rank 25 on dev 0
INFO: Function: int main(int, char **) Line: 117: NET/OFI Rank 8: Creating listener for rank 26 on dev 0
TRACE: Function: void print_dev_props(int, ncclNetProperties_t *) Line: 79: NET/OFI ****************** Device 3 Properties ******************
TRACE: Function: void print_dev_props(int, ncclNetProperties_t *) Line: 80: NET/OFI cxi3: PCIe Path: /sys/devices/pci0000:dc/0000:dc:01.1/0000:dd:00.0
TRACE: Function: void print_dev_props(int, ncclNetProperties_t *) Line: 81: NET/OFI cxi3: Plugin Support: 3
TRACE: Function: void print_dev_props(int, ncclNetProperties_t *) Line: 82: NET/OFI cxi3: Device GUID: 3
TRACE: Function: void print_dev_props(int, ncclNetProperties_t *) Line: 83: NET/OFI cxi3: Device Speed: 200000000
TRACE: Function: void print_dev_props(int, ncclNetProperties_t *) Line: 84: NET/OFI cxi3: Device Port: 1
TRACE: Function: void print_dev_props(int, ncclNetProperties_t *) Line: 85: NET/OFI cxi3: Device Maximum Communicators: 128
TRACE: Function: void print_dev_props(int, ncclNetProperties_t *) Line: 87: NET/OFI cxi3: Device Maximum Grouped Receives: 1
TRACE: Function: void print_dev_props(int, ncclNetProperties_t *) Line: 79: NET/OFI ****************** Device 3 Properties ******************
TRACE: Function: void print_dev_props(int, ncclNetProperties_t *) Line: 80: NET/OFI cxi3: PCIe Path: /sys/devices/pci0000:dc/0000:dc:01.1/0000:dd:00.0
TRACE: Function: void print_dev_props(int, ncclNetProperties_t *) Line: 81: NET/OFI cxi3: Plugin Support: 3
TRACE: Function: void print_dev_props(int, ncclNetProperties_t *) Line: 82: NET/OFI cxi3: Device GUID: 3
TRACE: Function: void print_dev_props(int, ncclNetProperties_t *) Line: 83: NET/OFI cxi3: Device Speed: 200000000
TRACE: Function: void print_dev_props(int, ncclNetProperties_t *) Line: 84: NET/OFI cxi3: Device Port: 1
TRACE: Function: void print_dev_props(int, ncclNetProperties_t *) Line: 85: NET/OFI cxi3: Device Maximum Communicators: 128
TRACE: Function: void print_dev_props(int, ncclNetProperties_t *) Line: 87: NET/OFI cxi3: Device Maximum Grouped Receives: 1
INFO: Function: int main(int, char **) Line: 117: NET/OFI Rank 0: Creating listener for rank 7 on dev 0
INFO: Function: int main(int, char **) Line: 117: NET/OFI Rank 0: Creating listener for rank 8 on dev 0
INFO: Function: int main(int, char **) Line: 117: NET/OFI Rank 0: Creating listener for rank 9 on dev 0
INFO: Function: int main(int, char **) Line: 117: NET/OFI Rank 0: Creating listener for rank 10 on dev 0
INFO: Function: int main(int, char **) Line: 117: NET/OFI Rank 0: Creating listener for rank 11 on dev 0
INFO: Function: int main(int, char **) Line: 117: NET/OFI Rank 0: Creating listener for rank 12 on dev 0
INFO: Function: int main(int, char **) Line: 117: NET/OFI Rank 0: Creating listener for rank 13 on dev 0
INFO: Function: int main(int, char **) Line: 117: NET/OFI Rank 0: Creating listener for rank 14 on dev 0
INFO: Function: int main(int, char **) Line: 117: NET/OFI Rank 0: Creating listener for rank 15 on dev 0
INFO: Function: int main(int, char **) Line: 117: NET/OFI Rank 8: Creating listener for rank 27 on dev 0
INFO: Function: int main(int, char **) Line: 95: NET/OFI Rank 16: local_rank=0, cuda_dev=0, net_dev=0, hostname=frontier01536
INFO: Function: int main(int, char **) Line: 99: NET/OFI Network supports communication using CUDA buffers. Dev: 0
INFO: Function: int main(int, char **) Line: 117: NET/OFI Rank 16: Creating listener for rank 0 on dev 0
TRACE: Function: ncclResult_t create_nccl_ofi_comp_for_dev(int, struct fi_info *) Line: 922: NET/OFI OFI component #0 is created
INFO: Function: int main(int, char **) Line: 117: NET/OFI Rank 16: Creating listener for rank 1 on dev 0
INFO: Function: int main(int, char **) Line: 117: NET/OFI Rank 16: Creating listener for rank 2 on dev 0
INFO: Function: int main(int, char **) Line: 117: NET/OFI Rank 16: Creating listener for rank 3 on dev 0
INFO: Function: int main(int, char **) Line: 117: NET/OFI Rank 16: Creating listener for rank 4 on dev 0
INFO: Function: int main(int, char **) Line: 117: NET/OFI Rank 16: Creating listener for rank 5 on dev 0
INFO: Function: int main(int, char **) Line: 95: NET/OFI Rank 30: local_rank=6, cuda_dev=6, net_dev=3, hostname=frontier02048
INFO: Function: int main(int, char **) Line: 99: NET/OFI Network supports communication using CUDA buffers. Dev: 3
INFO: Function: int main(int, char **) Line: 117: NET/OFI Rank 30: Creating listener for rank 0 on dev 3
TRACE: Function: ncclResult_t create_nccl_ofi_comp_for_dev(int, struct fi_info *) Line: 922: NET/OFI OFI component #3 is created
INFO: Function: int main(int, char **) Line: 117: NET/OFI Rank 30: Creating listener for rank 1 on dev 3
INFO: Function: int main(int, char **) Line: 117: NET/OFI Rank 30: Creating listener for rank 2 on dev 3
INFO: Function: int main(int, char **) Line: 117: NET/OFI Rank 30: Creating listener for rank 3 on dev 3
INFO: Function: int main(int, char **) Line: 117: NET/OFI Rank 30: Creating listener for rank 4 on dev 3
INFO: Function: int main(int, char **) Line: 117: NET/OFI Rank 30: Creating listener for rank 5 on dev 3
INFO: Function: int main(int, char **) Line: 117: NET/OFI Rank 0: Creating listener for rank 16 on dev 0
INFO: Function: int main(int, char **) Line: 117: NET/OFI Rank 0: Creating listener for rank 17 on dev 0
INFO: Function: int main(int, char **) Line: 117: NET/OFI Rank 0: Creating listener for rank 18 on dev 0
INFO: Function: int main(int, char **) Line: 117: NET/OFI Rank 0: Creating listener for rank 19 on dev 0
INFO: Function: int main(int, char **) Line: 117: NET/OFI Rank 0: Creating listener for rank 20 on dev 0
INFO: Function: int main(int, char **) Line: 117: NET/OFI Rank 0: Creating listener for rank 21 on dev 0
INFO: Function: int main(int, char **) Line: 117: NET/OFI Rank 0: Creating listener for rank 22 on dev 0
INFO: Function: int main(int, char **) Line: 117: NET/OFI Rank 0: Creating listener for rank 23 on dev 0
INFO: Function: int main(int, char **) Line: 117: NET/OFI Rank 0: Creating listener for rank 24 on dev 0
TRACE: Function: void print_dev_props(int, ncclNetProperties_t *) Line: 79: NET/OFI ****************** Device 3 Properties ******************
TRACE: Function: void print_dev_props(int, ncclNetProperties_t *) Line: 80: NET/OFI cxi3: PCIe Path: /sys/devices/pci0000:dc/0000:dc:01.1/0000:dd:00.0
TRACE: Function: void print_dev_props(int, ncclNetProperties_t *) Line: 81: NET/OFI cxi3: Plugin Support: 3
TRACE: Function: void print_dev_props(int, ncclNetProperties_t *) Line: 82: NET/OFI cxi3: Device GUID: 3
TRACE: Function: void print_dev_props(int, ncclNetProperties_t *) Line: 83: NET/OFI cxi3: Device Speed: 200000000
TRACE: Function: void print_dev_props(int, ncclNetProperties_t *) Line: 84: NET/OFI cxi3: Device Port: 1
TRACE: Function: void print_dev_props(int, ncclNetProperties_t *) Line: 85: NET/OFI cxi3: Device Maximum Communicators: 128
TRACE: Function: void print_dev_props(int, ncclNetProperties_t *) Line: 87: NET/OFI cxi3: Device Maximum Grouped Receives: 1
INFO: Function: int main(int, char **) Line: 117: NET/OFI Rank 16: Creating listener for rank 6 on dev 0
INFO: Function: int main(int, char **) Line: 117: NET/OFI Rank 16: Creating listener for rank 7 on dev 0
INFO: Function: int main(int, char **) Line: 117: NET/OFI Rank 16: Creating listener for rank 8 on dev 0
INFO: Function: int main(int, char **) Line: 117: NET/OFI Rank 16: Creating listener for rank 9 on dev 0
INFO: Function: int main(int, char **) Line: 117: NET/OFI Rank 16: Creating listener for rank 10 on dev 0
INFO: Function: int main(int, char **) Line: 117: NET/OFI Rank 16: Creating listener for rank 11 on dev 0
INFO: Function: int main(int, char **) Line: 117: NET/OFI Rank 16: Creating listener for rank 12 on dev 0
INFO: Function: int main(int, char **) Line: 117: NET/OFI Rank 16: Creating listener for rank 13 on dev 0
INFO: Function: int main(int, char **) Line: 117: NET/OFI Rank 16: Creating listener for rank 14 on dev 0
INFO: Function: int main(int, char **) Line: 117: NET/OFI Rank 30: Creating listener for rank 6 on dev 3
INFO: Function: int main(int, char **) Line: 117: NET/OFI Rank 30: Creating listener for rank 7 on dev 3
INFO: Function: int main(int, char **) Line: 117: NET/OFI Rank 30: Creating listener for rank 8 on dev 3
INFO: Function: int main(int, char **) Line: 117: NET/OFI Rank 30: Creating listener for rank 9 on dev 3
INFO: Function: int main(int, char **) Line: 117: NET/OFI Rank 30: Creating listener for rank 10 on dev 3
INFO: Function: int main(int, char **) Line: 117: NET/OFI Rank 30: Creating listener for rank 11 on dev 3
INFO: Function: int main(int, char **) Line: 117: NET/OFI Rank 30: Creating listener for rank 12 on dev 3
INFO: Function: int main(int, char **) Line: 117: NET/OFI Rank 30: Creating listener for rank 13 on dev 3
INFO: Function: int main(int, char **) Line: 117: NET/OFI Rank 30: Creating listener for rank 14 on dev 3
INFO: Function: int main(int, char **) Line: 117: NET/OFI Rank 0: Creating listener for rank 25 on dev 0
INFO: Function: int main(int, char **) Line: 117: NET/OFI Rank 0: Creating listener for rank 26 on dev 0
INFO: Function: int main(int, char **) Line: 95: NET/OFI Rank 10: local_rank=2, cuda_dev=2, net_dev=1, hostname=frontier00640
INFO: Function: int main(int, char **) Line: 99: NET/OFI Network supports communication using CUDA buffers. Dev: 1
INFO: Function: int main(int, char **) Line: 117: NET/OFI Rank 10: Creating listener for rank 0 on dev 1
TRACE: Function: ncclResult_t create_nccl_ofi_comp_for_dev(int, struct fi_info *) Line: 922: NET/OFI OFI component #1 is created
INFO: Function: int main(int, char **) Line: 117: NET/OFI Rank 10: Creating listener for rank 1 on dev 1
INFO: Function: int main(int, char **) Line: 117: NET/OFI Rank 10: Creating listener for rank 2 on dev 1
INFO: Function: int main(int, char **) Line: 117: NET/OFI Rank 10: Creating listener for rank 3 on dev 1
INFO: Function: int main(int, char **) Line: 117: NET/OFI Rank 10: Creating listener for rank 4 on dev 1
INFO: Function: int main(int, char **) Line: 117: NET/OFI Rank 10: Creating listener for rank 5 on dev 1
INFO: Function: int main(int, char **) Line: 117: NET/OFI Rank 16: Creating listener for rank 15 on dev 0
INFO: Function: int main(int, char **) Line: 117: NET/OFI Rank 16: Creating listener for rank 17 on dev 0
INFO: Function: int main(int, char **) Line: 117: NET/OFI Rank 16: Creating listener for rank 18 on dev 0
INFO: Function: int main(int, char **) Line: 117: NET/OFI Rank 16: Creating listener for rank 19 on dev 0
INFO: Function: int main(int, char **) Line: 117: NET/OFI Rank 16: Creating listener for rank 20 on dev 0
INFO: Function: int main(int, char **) Line: 117: NET/OFI Rank 16: Creating listener for rank 21 on dev 0
INFO: Function: int main(int, char **) Line: 117: NET/OFI Rank 16: Creating listener for rank 22 on dev 0
INFO: Function: int main(int, char **) Line: 117: NET/OFI Rank 16: Creating listener for rank 23 on dev 0
INFO: Function: int main(int, char **) Line: 117: NET/OFI Rank 16: Creating listener for rank 24 on dev 0
INFO: Function: int main(int, char **) Line: 117: NET/OFI Rank 30: Creating listener for rank 15 on dev 3
INFO: Function: int main(int, char **) Line: 117: NET/OFI Rank 30: Creating listener for rank 16 on dev 3
INFO: Function: int main(int, char **) Line: 117: NET/OFI Rank 30: Creating listener for rank 17 on dev 3
INFO: Function: int main(int, char **) Line: 117: NET/OFI Rank 30: Creating listener for rank 18 on dev 3
INFO: Function: int main(int, char **) Line: 117: NET/OFI Rank 30: Creating listener for rank 19 on dev 3
INFO: Function: int main(int, char **) Line: 117: NET/OFI Rank 30: Creating listener for rank 20 on dev 3
INFO: Function: int main(int, char **) Line: 117: NET/OFI Rank 30: Creating listener for rank 21 on dev 3
INFO: Function: int main(int, char **) Line: 117: NET/OFI Rank 30: Creating listener for rank 22 on dev 3
INFO: Function: int main(int, char **) Line: 117: NET/OFI Rank 30: Creating listener for rank 23 on dev 3
TRACE: Function: void print_dev_props(int, ncclNetProperties_t *) Line: 79: NET/OFI ****************** Device 3 Properties ******************
TRACE: Function: void print_dev_props(int, ncclNetProperties_t *) Line: 80: NET/OFI cxi3: PCIe Path: /sys/devices/pci0000:dc/0000:dc:01.1/0000:dd:00.0
TRACE: Function: void print_dev_props(int, ncclNetProperties_t *) Line: 81: NET/OFI cxi3: Plugin Support: 3
TRACE: Function: void print_dev_props(int, ncclNetProperties_t *) Line: 82: NET/OFI cxi3: Device GUID: 3
TRACE: Function: void print_dev_props(int, ncclNetProperties_t *) Line: 83: NET/OFI cxi3: Device Speed: 200000000
TRACE: Function: void print_dev_props(int, ncclNetProperties_t *) Line: 84: NET/OFI cxi3: Device Port: 1
TRACE: Function: void print_dev_props(int, ncclNetProperties_t *) Line: 85: NET/OFI cxi3: Device Maximum Communicators: 128
TRACE: Function: void print_dev_props(int, ncclNetProperties_t *) Line: 87: NET/OFI cxi3: Device Maximum Grouped Receives: 1
INFO: Function: int main(int, char **) Line: 117: NET/OFI Rank 10: Creating listener for rank 6 on dev 1
INFO: Function: int main(int, char **) Line: 117: NET/OFI Rank 10: Creating listener for rank 7 on dev 1
INFO: Function: int main(int, char **) Line: 117: NET/OFI Rank 10: Creating listener for rank 8 on dev 1
INFO: Function: int main(int, char **) Line: 117: NET/OFI Rank 10: Creating listener for rank 9 on dev 1
INFO: Function: int main(int, char **) Line: 117: NET/OFI Rank 10: Creating listener for rank 11 on dev 1
INFO: Function: int main(int, char **) Line: 117: NET/OFI Rank 10: Creating listener for rank 12 on dev 1
INFO: Function: int main(int, char **) Line: 117: NET/OFI Rank 10: Creating listener for rank 13 on dev 1
INFO: Function: int main(int, char **) Line: 117: NET/OFI Rank 10: Creating listener for rank 14 on dev 1
INFO: Function: int main(int, char **) Line: 117: NET/OFI Rank 10: Creating listener for rank 15 on dev 1
INFO: Function: int main(int, char **) Line: 117: NET/OFI Rank 16: Creating listener for rank 25 on dev 0
INFO: Function: int main(int, char **) Line: 117: NET/OFI Rank 16: Creating listener for rank 26 on dev 0
INFO: Function: int main(int, char **) Line: 117: NET/OFI Rank 30: Creating listener for rank 24 on dev 3
INFO: Function: int main(int, char **) Line: 117: NET/OFI Rank 30: Creating listener for rank 25 on dev 3
INFO: Function: int main(int, char **) Line: 95: NET/OFI Rank 4: local_rank=4, cuda_dev=4, net_dev=2, hostname=frontier00479
INFO: Function: int main(int, char **) Line: 99: NET/OFI Network supports communication using CUDA buffers. Dev: 2
INFO: Function: int main(int, char **) Line: 117: NET/OFI Rank 4: Creating listener for rank 0 on dev 2
TRACE: Function: ncclResult_t create_nccl_ofi_comp_for_dev(int, struct fi_info *) Line: 922: NET/OFI OFI component #2 is created
INFO: Function: int main(int, char **) Line: 117: NET/OFI Rank 4: Creating listener for rank 1 on dev 2
INFO: Function: int main(int, char **) Line: 117: NET/OFI Rank 4: Creating listener for rank 2 on dev 2
INFO: Function: int main(int, char **) Line: 117: NET/OFI Rank 4: Creating listener for rank 3 on dev 2
INFO: Function: int main(int, char **) Line: 117: NET/OFI Rank 4: Creating listener for rank 5 on dev 2
INFO: Function: int main(int, char **) Line: 117: NET/OFI Rank 4: Creating listener for rank 6 on dev 2
INFO: Function: int main(int, char **) Line: 117: NET/OFI Rank 10: Creating listener for rank 16 on dev 1
INFO: Function: int main(int, char **) Line: 117: NET/OFI Rank 10: Creating listener for rank 17 on dev 1
INFO: Function: int main(int, char **) Line: 117: NET/OFI Rank 10: Creating listener for rank 18 on dev 1
INFO: Function: int main(int, char **) Line: 117: NET/OFI Rank 10: Creating listener for rank 19 on dev 1
INFO: Function: int main(int, char **) Line: 117: NET/OFI Rank 10: Creating listener for rank 20 on dev 1
INFO: Function: int main(int, char **) Line: 117: NET/OFI Rank 10: Creating listener for rank 21 on dev 1
INFO: Function: int main(int, char **) Line: 117: NET/OFI Rank 10: Creating listener for rank 22 on dev 1
INFO: Function: int main(int, char **) Line: 117: NET/OFI Rank 10: Creating listener for rank 23 on dev 1
INFO: Function: int main(int, char **) Line: 117: NET/OFI Rank 10: Creating listener for rank 24 on dev 1
TRACE: Function: void print_dev_props(int, ncclNetProperties_t *) Line: 79: NET/OFI ****************** Device 3 Properties ******************
TRACE: Function: void print_dev_props(int, ncclNetProperties_t *) Line: 80: NET/OFI cxi3: PCIe Path: /sys/devices/pci0000:dc/0000:dc:01.1/0000:dd:00.0
TRACE: Function: void print_dev_props(int, ncclNetProperties_t *) Line: 81: NET/OFI cxi3: Plugin Support: 3
TRACE: Function: void print_dev_props(int, ncclNetProperties_t *) Line: 82: NET/OFI cxi3: Device GUID: 3
TRACE: Function: void print_dev_props(int, ncclNetProperties_t *) Line: 83: NET/OFI cxi3: Device Speed: 200000000
TRACE: Function: void print_dev_props(int, ncclNetProperties_t *) Line: 84: NET/OFI cxi3: Device Port: 1
TRACE: Function: void print_dev_props(int, ncclNetProperties_t *) Line: 85: NET/OFI cxi3: Device Maximum Communicators: 128
TRACE: Function: void print_dev_props(int, ncclNetProperties_t *) Line: 87: NET/OFI cxi3: Device Maximum Grouped Receives: 1
INFO: Function: int main(int, char **) Line: 117: NET/OFI Rank 30: Creating listener for rank 26 on dev 3
INFO: Function: int main(int, char **) Line: 117: NET/OFI Rank 4: Creating listener for rank 7 on dev 2
INFO: Function: int main(int, char **) Line: 117: NET/OFI Rank 4: Creating listener for rank 8 on dev 2
INFO: Function: int main(int, char **) Line: 117: NET/OFI Rank 4: Creating listener for rank 9 on dev 2
INFO: Function: int main(int, char **) Line: 117: NET/OFI Rank 4: Creating listener for rank 10 on dev 2
INFO: Function: int main(int, char **) Line: 117: NET/OFI Rank 4: Creating listener for rank 11 on dev 2
INFO: Function: int main(int, char **) Line: 117: NET/OFI Rank 4: Creating listener for rank 12 on dev 2
INFO: Function: int main(int, char **) Line: 117: NET/OFI Rank 4: Creating listener for rank 13 on dev 2
INFO: Function: int main(int, char **) Line: 117: NET/OFI Rank 4: Creating listener for rank 14 on dev 2
INFO: Function: int main(int, char **) Line: 117: NET/OFI Rank 4: Creating listener for rank 15 on dev 2
INFO: Function: int main(int, char **) Line: 117: NET/OFI Rank 10: Creating listener for rank 25 on dev 1
INFO: Function: int main(int, char **) Line: 117: NET/OFI Rank 10: Creating listener for rank 26 on dev 1
INFO: Function: int main(int, char **) Line: 95: NET/OFI Rank 19: local_rank=3, cuda_dev=3, net_dev=1, hostname=frontier01536
INFO: Function: int main(int, char **) Line: 99: NET/OFI Network supports communication using CUDA buffers. Dev: 1
INFO: Function: int main(int, char **) Line: 117: NET/OFI Rank 19: Creating listener for rank 0 on dev 1
TRACE: Function: ncclResult_t create_nccl_ofi_comp_for_dev(int, struct fi_info *) Line: 922: NET/OFI OFI component #1 is created
INFO: Function: int main(int, char **) Line: 117: NET/OFI Rank 19: Creating listener for rank 1 on dev 1
INFO: Function: int main(int, char **) Line: 117: NET/OFI Rank 19: Creating listener for rank 2 on dev 1
INFO: Function: int main(int, char **) Line: 117: NET/OFI Rank 19: Creating listener for rank 3 on dev 1
INFO: Function: int main(int, char **) Line: 117: NET/OFI Rank 19: Creating listener for rank 4 on dev 1
INFO: Function: int main(int, char **) Line: 117: NET/OFI Rank 19: Creating listener for rank 5 on dev 1
TRACE: Function: void print_dev_props(int, ncclNetProperties_t *) Line: 79: NET/OFI ****************** Device 3 Properties ******************
TRACE: Function: void print_dev_props(int, ncclNetProperties_t *) Line: 80: NET/OFI cxi3: PCIe Path: /sys/devices/pci0000:dc/0000:dc:01.1/0000:dd:00.0
TRACE: Function: void print_dev_props(int, ncclNetProperties_t *) Line: 81: NET/OFI cxi3: Plugin Support: 3
TRACE: Function: void print_dev_props(int, ncclNetProperties_t *) Line: 82: NET/OFI cxi3: Device GUID: 3
TRACE: Function: void print_dev_props(int, ncclNetProperties_t *) Line: 83: NET/OFI cxi3: Device Speed: 200000000
TRACE: Function: void print_dev_props(int, ncclNetProperties_t *) Line: 84: NET/OFI cxi3: Device Port: 1
TRACE: Function: void print_dev_props(int, ncclNetProperties_t *) Line: 85: NET/OFI cxi3: Device Maximum Communicators: 128
TRACE: Function: void print_dev_props(int, ncclNetProperties_t *) Line: 87: NET/OFI cxi3: Device Maximum Grouped Receives: 1
INFO: Function: int main(int, char **) Line: 117: NET/OFI Rank 4: Creating listener for rank 16 on dev 2
INFO: Function: int main(int, char **) Line: 117: NET/OFI Rank 4: Creating listener for rank 17 on dev 2
INFO: Function: int main(int, char **) Line: 117: NET/OFI Rank 4: Creating listener for rank 18 on dev 2
INFO: Function: int main(int, char **) Line: 117: NET/OFI Rank 4: Creating listener for rank 19 on dev 2
INFO: Function: int main(int, char **) Line: 117: NET/OFI Rank 4: Creating listener for rank 20 on dev 2
INFO: Function: int main(int, char **) Line: 117: NET/OFI Rank 4: Creating listener for rank 21 on dev 2
INFO: Function: int main(int, char **) Line: 117: NET/OFI Rank 4: Creating listener for rank 22 on dev 2
INFO: Function: int main(int, char **) Line: 117: NET/OFI Rank 4: Creating listener for rank 23 on dev 2
INFO: Function: int main(int, char **) Line: 117: NET/OFI Rank 4: Creating listener for rank 24 on dev 2
INFO: Function: int main(int, char **) Line: 117: NET/OFI Rank 10: Creating listener for rank 27 on dev 1
INFO: Function: int main(int, char **) Line: 117: NET/OFI Rank 19: Creating listener for rank 6 on dev 1
INFO: Function: int main(int, char **) Line: 117: NET/OFI Rank 19: Creating listener for rank 7 on dev 1
INFO: Function: int main(int, char **) Line: 117: NET/OFI Rank 19: Creating listener for rank 8 on dev 1
INFO: Function: int main(int, char **) Line: 117: NET/OFI Rank 19: Creating listener for rank 9 on dev 1
INFO: Function: int main(int, char **) Line: 117: NET/OFI Rank 19: Creating listener for rank 10 on dev 1
INFO: Function: int main(int, char **) Line: 117: NET/OFI Rank 19: Creating listener for rank 11 on dev 1
INFO: Function: int main(int, char **) Line: 117: NET/OFI Rank 19: Creating listener for rank 12 on dev 1
INFO: Function: int main(int, char **) Line: 117: NET/OFI Rank 19: Creating listener for rank 13 on dev 1
INFO: Function: int main(int, char **) Line: 117: NET/OFI Rank 19: Creating listener for rank 14 on dev 1
INFO: Function: int main(int, char **) Line: 95: NET/OFI Rank 29: local_rank=5, cuda_dev=5, net_dev=2, hostname=frontier02048
INFO: Function: int main(int, char **) Line: 99: NET/OFI Network supports communication using CUDA buffers. Dev: 2
INFO: Function: int main(int, char **) Line: 117: NET/OFI Rank 29: Creating listener for rank 0 on dev 2
TRACE: Function: ncclResult_t create_nccl_ofi_comp_for_dev(int, struct fi_info *) Line: 922: NET/OFI OFI component #2 is created
INFO: Function: int main(int, char **) Line: 117: NET/OFI Rank 29: Creating listener for rank 1 on dev 2
INFO: Function: int main(int, char **) Line: 117: NET/OFI Rank 29: Creating listener for rank 2 on dev 2
INFO: Function: int main(int, char **) Line: 117: NET/OFI Rank 29: Creating listener for rank 3 on dev 2
INFO: Function: int main(int, char **) Line: 117: NET/OFI Rank 29: Creating listener for rank 4 on dev 2
INFO: Function: int main(int, char **) Line: 117: NET/OFI Rank 29: Creating listener for rank 5 on dev 2
INFO: Function: int main(int, char **) Line: 117: NET/OFI Rank 4: Creating listener for rank 25 on dev 2
INFO: Function: int main(int, char **) Line: 117: NET/OFI Rank 4: Creating listener for rank 26 on dev 2
TRACE: Function: void print_dev_props(int, ncclNetProperties_t *) Line: 79: NET/OFI ****************** Device 3 Properties ******************
TRACE: Function: void print_dev_props(int, ncclNetProperties_t *) Line: 80: NET/OFI cxi3: PCIe Path: /sys/devices/pci0000:dc/0000:dc:01.1/0000:dd:00.0
TRACE: Function: void print_dev_props(int, ncclNetProperties_t *) Line: 81: NET/OFI cxi3: Plugin Support: 3
TRACE: Function: void print_dev_props(int, ncclNetProperties_t *) Line: 82: NET/OFI cxi3: Device GUID: 3
TRACE: Function: void print_dev_props(int, ncclNetProperties_t *) Line: 83: NET/OFI cxi3: Device Speed: 200000000
TRACE: Function: void print_dev_props(int, ncclNetProperties_t *) Line: 84: NET/OFI cxi3: Device Port: 1
TRACE: Function: void print_dev_props(int, ncclNetProperties_t *) Line: 85: NET/OFI cxi3: Device Maximum Communicators: 128
TRACE: Function: void print_dev_props(int, ncclNetProperties_t *) Line: 87: NET/OFI cxi3: Device Maximum Grouped Receives: 1
INFO: Function: int main(int, char **) Line: 117: NET/OFI Rank 19: Creating listener for rank 15 on dev 1
INFO: Function: int main(int, char **) Line: 117: NET/OFI Rank 19: Creating listener for rank 16 on dev 1
INFO: Function: int main(int, char **) Line: 117: NET/OFI Rank 19: Creating listener for rank 17 on dev 1
INFO: Function: int main(int, char **) Line: 117: NET/OFI Rank 19: Creating listener for rank 18 on dev 1
INFO: Function: int main(int, char **) Line: 117: NET/OFI Rank 19: Creating listener for rank 20 on dev 1
INFO: Function: int main(int, char **) Line: 117: NET/OFI Rank 19: Creating listener for rank 21 on dev 1
INFO: Function: int main(int, char **) Line: 117: NET/OFI Rank 19: Creating listener for rank 22 on dev 1
INFO: Function: int main(int, char **) Line: 117: NET/OFI Rank 19: Creating listener for rank 23 on dev 1
INFO: Function: int main(int, char **) Line: 117: NET/OFI Rank 19: Creating listener for rank 24 on dev 1
INFO: Function: int main(int, char **) Line: 117: NET/OFI Rank 29: Creating listener for rank 6 on dev 2
INFO: Function: int main(int, char **) Line: 117: NET/OFI Rank 29: Creating listener for rank 7 on dev 2
INFO: Function: int main(int, char **) Line: 117: NET/OFI Rank 29: Creating listener for rank 8 on dev 2
INFO: Function: int main(int, char **) Line: 117: NET/OFI Rank 29: Creating listener for rank 9 on dev 2
INFO: Function: int main(int, char **) Line: 117: NET/OFI Rank 29: Creating listener for rank 10 on dev 2
INFO: Function: int main(int, char **) Line: 117: NET/OFI Rank 29: Creating listener for rank 11 on dev 2
INFO: Function: int main(int, char **) Line: 117: NET/OFI Rank 29: Creating listener for rank 12 on dev 2
INFO: Function: int main(int, char **) Line: 117: NET/OFI Rank 29: Creating listener for rank 13 on dev 2
INFO: Function: int main(int, char **) Line: 117: NET/OFI Rank 29: Creating listener for rank 14 on dev 2
TRACE: Function: void print_dev_props(int, ncclNetProperties_t *) Line: 79: NET/OFI ****************** Device 3 Properties ******************
TRACE: Function: void print_dev_props(int, ncclNetProperties_t *) Line: 80: NET/OFI cxi3: PCIe Path: /sys/devices/pci0000:dc/0000:dc:01.1/0000:dd:00.0
TRACE: Function: void print_dev_props(int, ncclNetProperties_t *) Line: 81: NET/OFI cxi3: Plugin Support: 3
TRACE: Function: void print_dev_props(int, ncclNetProperties_t *) Line: 82: NET/OFI cxi3: Device GUID: 3
TRACE: Function: void print_dev_props(int, ncclNetProperties_t *) Line: 83: NET/OFI cxi3: Device Speed: 200000000
TRACE: Function: void print_dev_props(int, ncclNetProperties_t *) Line: 84: NET/OFI cxi3: Device Port: 1
TRACE: Function: void print_dev_props(int, ncclNetProperties_t *) Line: 85: NET/OFI cxi3: Device Maximum Communicators: 128
TRACE: Function: void print_dev_props(int, ncclNetProperties_t *) Line: 87: NET/OFI cxi3: Device Maximum Grouped Receives: 1
INFO: Function: int main(int, char **) Line: 95: NET/OFI Rank 13: local_rank=5, cuda_dev=5, net_dev=2, hostname=frontier00640
INFO: Function: int main(int, char **) Line: 99: NET/OFI Network supports communication using CUDA buffers. Dev: 2
INFO: Function: int main(int, char **) Line: 117: NET/OFI Rank 13: Creating listener for rank 0 on dev 2
TRACE: Function: ncclResult_t create_nccl_ofi_comp_for_dev(int, struct fi_info *) Line: 922: NET/OFI OFI component #2 is created
INFO: Function: int main(int, char **) Line: 117: NET/OFI Rank 13: Creating listener for rank 1 on dev 2
INFO: Function: int main(int, char **) Line: 117: NET/OFI Rank 13: Creating listener for rank 2 on dev 2
INFO: Function: int main(int, char **) Line: 117: NET/OFI Rank 13: Creating listener for rank 3 on dev 2
INFO: Function: int main(int, char **) Line: 117: NET/OFI Rank 13: Creating listener for rank 4 on dev 2
INFO: Function: int main(int, char **) Line: 117: NET/OFI Rank 13: Creating listener for rank 5 on dev 2
INFO: Function: int main(int, char **) Line: 117: NET/OFI Rank 19: Creating listener for rank 25 on dev 1
INFO: Function: int main(int, char **) Line: 117: NET/OFI Rank 19: Creating listener for rank 26 on dev 1
INFO: Function: int main(int, char **) Line: 117: NET/OFI Rank 29: Creating listener for rank 15 on dev 2
INFO: Function: int main(int, char **) Line: 117: NET/OFI Rank 29: Creating listener for rank 16 on dev 2
INFO: Function: int main(int, char **) Line: 117: NET/OFI Rank 29: Creating listener for rank 17 on dev 2
INFO: Function: int main(int, char **) Line: 117: NET/OFI Rank 29: Creating listener for rank 18 on dev 2
INFO: Function: int main(int, char **) Line: 117: NET/OFI Rank 29: Creating listener for rank 19 on dev 2
INFO: Function: int main(int, char **) Line: 117: NET/OFI Rank 29: Creating listener for rank 20 on dev 2
INFO: Function: int main(int, char **) Line: 117: NET/OFI Rank 29: Creating listener for rank 21 on dev 2
INFO: Function: int main(int, char **) Line: 117: NET/OFI Rank 29: Creating listener for rank 22 on dev 2
INFO: Function: int main(int, char **) Line: 117: NET/OFI Rank 29: Creating listener for rank 23 on dev 2
INFO: Function: int main(int, char **) Line: 95: NET/OFI Rank 5: local_rank=5, cuda_dev=5, net_dev=2, hostname=frontier00479
INFO: Function: int main(int, char **) Line: 99: NET/OFI Network supports communication using CUDA buffers. Dev: 2
INFO: Function: int main(int, char **) Line: 117: NET/OFI Rank 5: Creating listener for rank 0 on dev 2
TRACE: Function: ncclResult_t create_nccl_ofi_comp_for_dev(int, struct fi_info *) Line: 922: NET/OFI OFI component #2 is created
INFO: Function: int main(int, char **) Line: 117: NET/OFI Rank 5: Creating listener for rank 1 on dev 2
INFO: Function: int main(int, char **) Line: 117: NET/OFI Rank 5: Creating listener for rank 2 on dev 2
INFO: Function: int main(int, char **) Line: 117: NET/OFI Rank 5: Creating listener for rank 3 on dev 2
INFO: Function: int main(int, char **) Line: 117: NET/OFI Rank 5: Creating listener for rank 4 on dev 2
INFO: Function: int main(int, char **) Line: 117: NET/OFI Rank 5: Creating listener for rank 6 on dev 2
INFO: Function: int main(int, char **) Line: 117: NET/OFI Rank 13: Creating listener for rank 6 on dev 2
INFO: Function: int main(int, char **) Line: 117: NET/OFI Rank 13: Creating listener for rank 7 on dev 2
INFO: Function: int main(int, char **) Line: 117: NET/OFI Rank 13: Creating listener for rank 8 on dev 2
INFO: Function: int main(int, char **) Line: 117: NET/OFI Rank 13: Creating listener for rank 9 on dev 2
INFO: Function: int main(int, char **) Line: 117: NET/OFI Rank 13: Creating listener for rank 10 on dev 2
INFO: Function: int main(int, char **) Line: 117: NET/OFI Rank 13: Creating listener for rank 11 on dev 2
INFO: Function: int main(int, char **) Line: 117: NET/OFI Rank 13: Creating listener for rank 12 on dev 2
INFO: Function: int main(int, char **) Line: 117: NET/OFI Rank 13: Creating listener for rank 14 on dev 2
INFO: Function: int main(int, char **) Line: 117: NET/OFI Rank 13: Creating listener for rank 15 on dev 2
INFO: Function: int main(int, char **) Line: 117: NET/OFI Rank 21: Creating listener for rank 27 on dev 2
INFO: Function: int main(int, char **) Line: 117: NET/OFI Rank 29: Creating listener for rank 24 on dev 2
INFO: Function: int main(int, char **) Line: 117: NET/OFI Rank 29: Creating listener for rank 25 on dev 2
INFO: Function: int main(int, char **) Line: 117: NET/OFI Rank 5: Creating listener for rank 7 on dev 2
INFO: Function: int main(int, char **) Line: 117: NET/OFI Rank 5: Creating listener for rank 8 on dev 2
INFO: Function: int main(int, char **) Line: 117: NET/OFI Rank 5: Creating listener for rank 9 on dev 2
INFO: Function: int main(int, char **) Line: 117: NET/OFI Rank 5: Creating listener for rank 10 on dev 2
INFO: Function: int main(int, char **) Line: 117: NET/OFI Rank 5: Creating listener for rank 11 on dev 2
INFO: Function: int main(int, char **) Line: 117: NET/OFI Rank 5: Creating listener for rank 12 on dev 2
INFO: Function: int main(int, char **) Line: 117: NET/OFI Rank 5: Creating listener for rank 13 on dev 2
INFO: Function: int main(int, char **) Line: 117: NET/OFI Rank 5: Creating listener for rank 14 on dev 2
INFO: Function: int main(int, char **) Line: 117: NET/OFI Rank 5: Creating listener for rank 15 on dev 2
INFO: Function: int main(int, char **) Line: 117: NET/OFI Rank 13: Creating listener for rank 16 on dev 2
INFO: Function: int main(int, char **) Line: 117: NET/OFI Rank 13: Creating listener for rank 17 on dev 2
INFO: Function: int main(int, char **) Line: 117: NET/OFI Rank 13: Creating listener for rank 18 on dev 2
INFO: Function: int main(int, char **) Line: 117: NET/OFI Rank 13: Creating listener for rank 19 on dev 2
INFO: Function: int main(int, char **) Line: 117: NET/OFI Rank 13: Creating listener for rank 20 on dev 2
INFO: Function: int main(int, char **) Line: 117: NET/OFI Rank 13: Creating listener for rank 21 on dev 2
INFO: Function: int main(int, char **) Line: 117: NET/OFI Rank 13: Creating listener for rank 22 on dev 2
INFO: Function: int main(int, char **) Line: 117: NET/OFI Rank 13: Creating listener for rank 23 on dev 2
INFO: Function: int main(int, char **) Line: 117: NET/OFI Rank 13: Creating listener for rank 24 on dev 2
INFO: Function: int main(int, char **) Line: 117: NET/OFI Rank 16: Creating listener for rank 27 on dev 0
INFO: Function: int main(int, char **) Line: 117: NET/OFI Rank 29: Creating listener for rank 26 on dev 2
INFO: Function: int main(int, char **) Line: 117: NET/OFI Rank 5: Creating listener for rank 16 on dev 2
INFO: Function: int main(int, char **) Line: 117: NET/OFI Rank 5: Creating listener for rank 17 on dev 2
INFO: Function: int main(int, char **) Line: 117: NET/OFI Rank 5: Creating listener for rank 18 on dev 2
INFO: Function: int main(int, char **) Line: 117: NET/OFI Rank 5: Creating listener for rank 19 on dev 2
INFO: Function: int main(int, char **) Line: 117: NET/OFI Rank 5: Creating listener for rank 20 on dev 2
INFO: Function: int main(int, char **) Line: 117: NET/OFI Rank 5: Creating listener for rank 21 on dev 2
INFO: Function: int main(int, char **) Line: 117: NET/OFI Rank 5: Creating listener for rank 22 on dev 2
INFO: Function: int main(int, char **) Line: 117: NET/OFI Rank 5: Creating listener for rank 23 on dev 2
INFO: Function: int main(int, char **) Line: 117: NET/OFI Rank 5: Creating listener for rank 24 on dev 2
INFO: Function: int main(int, char **) Line: 117: NET/OFI Rank 13: Creating listener for rank 25 on dev 2
INFO: Function: int main(int, char **) Line: 117: NET/OFI Rank 13: Creating listener for rank 26 on dev 2
INFO: Function: int main(int, char **) Line: 117: NET/OFI Rank 19: Creating listener for rank 27 on dev 1
TRACE: Function: void print_dev_props(int, ncclNetProperties_t *) Line: 79: NET/OFI ****************** Device 3 Properties ******************
TRACE: Function: void print_dev_props(int, ncclNetProperties_t *) Line: 80: NET/OFI cxi3: PCIe Path: /sys/devices/pci0000:dc/0000:dc:01.1/0000:dd:00.0
TRACE: Function: void print_dev_props(int, ncclNetProperties_t *) Line: 81: NET/OFI cxi3: Plugin Support: 3
TRACE: Function: void print_dev_props(int, ncclNetProperties_t *) Line: 82: NET/OFI cxi3: Device GUID: 3
TRACE: Function: void print_dev_props(int, ncclNetProperties_t *) Line: 83: NET/OFI cxi3: Device Speed: 200000000
TRACE: Function: void print_dev_props(int, ncclNetProperties_t *) Line: 84: NET/OFI cxi3: Device Port: 1
TRACE: Function: void print_dev_props(int, ncclNetProperties_t *) Line: 85: NET/OFI cxi3: Device Maximum Communicators: 128
TRACE: Function: void print_dev_props(int, ncclNetProperties_t *) Line: 87: NET/OFI cxi3: Device Maximum Grouped Receives: 1
INFO: Function: int main(int, char **) Line: 117: NET/OFI Rank 5: Creating listener for rank 25 on dev 2
INFO: Function: int main(int, char **) Line: 117: NET/OFI Rank 5: Creating listener for rank 26 on dev 2
INFO: Function: int main(int, char **) Line: 117: NET/OFI Rank 13: Creating listener for rank 27 on dev 2
TRACE: Function: void print_dev_props(int, ncclNetProperties_t *) Line: 79: NET/OFI ****************** Device 3 Properties ******************
TRACE: Function: void print_dev_props(int, ncclNetProperties_t *) Line: 80: NET/OFI cxi3: PCIe Path: /sys/devices/pci0000:dc/0000:dc:01.1/0000:dd:00.0
TRACE: Function: void print_dev_props(int, ncclNetProperties_t *) Line: 81: NET/OFI cxi3: Plugin Support: 3
TRACE: Function: void print_dev_props(int, ncclNetProperties_t *) Line: 82: NET/OFI cxi3: Device GUID: 3
TRACE: Function: void print_dev_props(int, ncclNetProperties_t *) Line: 83: NET/OFI cxi3: Device Speed: 200000000
TRACE: Function: void print_dev_props(int, ncclNetProperties_t *) Line: 84: NET/OFI cxi3: Device Port: 1
TRACE: Function: void print_dev_props(int, ncclNetProperties_t *) Line: 85: NET/OFI cxi3: Device Maximum Communicators: 128
TRACE: Function: void print_dev_props(int, ncclNetProperties_t *) Line: 87: NET/OFI cxi3: Device Maximum Grouped Receives: 1
INFO: Function: int main(int, char **) Line: 95: NET/OFI Rank 25: local_rank=1, cuda_dev=1, net_dev=0, hostname=frontier02048
INFO: Function: int main(int, char **) Line: 99: NET/OFI Network supports communication using CUDA buffers. Dev: 0
INFO: Function: int main(int, char **) Line: 117: NET/OFI Rank 25: Creating listener for rank 0 on dev 0
TRACE: Function: ncclResult_t create_nccl_ofi_comp_for_dev(int, struct fi_info *) Line: 922: NET/OFI OFI component #0 is created
INFO: Function: int main(int, char **) Line: 117: NET/OFI Rank 25: Creating listener for rank 1 on dev 0
INFO: Function: int main(int, char **) Line: 117: NET/OFI Rank 25: Creating listener for rank 2 on dev 0
INFO: Function: int main(int, char **) Line: 117: NET/OFI Rank 25: Creating listener for rank 3 on dev 0
INFO: Function: int main(int, char **) Line: 117: NET/OFI Rank 25: Creating listener for rank 4 on dev 0
INFO: Function: int main(int, char **) Line: 117: NET/OFI Rank 25: Creating listener for rank 5 on dev 0
TRACE: Function: void print_dev_props(int, ncclNetProperties_t *) Line: 79: NET/OFI ****************** Device 3 Properties ******************
TRACE: Function: void print_dev_props(int, ncclNetProperties_t *) Line: 80: NET/OFI cxi3: PCIe Path: /sys/devices/pci0000:dc/0000:dc:01.1/0000:dd:00.0
TRACE: Function: void print_dev_props(int, ncclNetProperties_t *) Line: 81: NET/OFI cxi3: Plugin Support: 3
TRACE: Function: void print_dev_props(int, ncclNetProperties_t *) Line: 82: NET/OFI cxi3: Device GUID: 3
TRACE: Function: void print_dev_props(int, ncclNetProperties_t *) Line: 83: NET/OFI cxi3: Device Speed: 200000000
TRACE: Function: void print_dev_props(int, ncclNetProperties_t *) Line: 84: NET/OFI cxi3: Device Port: 1
TRACE: Function: void print_dev_props(int, ncclNetProperties_t *) Line: 85: NET/OFI cxi3: Device Maximum Communicators: 128
TRACE: Function: void print_dev_props(int, ncclNetProperties_t *) Line: 87: NET/OFI cxi3: Device Maximum Grouped Receives: 1
TRACE: Function: void print_dev_props(int, ncclNetProperties_t *) Line: 79: NET/OFI ****************** Device 3 Properties ******************
TRACE: Function: void print_dev_props(int, ncclNetProperties_t *) Line: 80: NET/OFI cxi3: PCIe Path: /sys/devices/pci0000:dc/0000:dc:01.1/0000:dd:00.0
TRACE: Function: void print_dev_props(int, ncclNetProperties_t *) Line: 81: NET/OFI cxi3: Plugin Support: 3
TRACE: Function: void print_dev_props(int, ncclNetProperties_t *) Line: 82: NET/OFI cxi3: Device GUID: 3
TRACE: Function: void print_dev_props(int, ncclNetProperties_t *) Line: 83: NET/OFI cxi3: Device Speed: 200000000
TRACE: Function: void print_dev_props(int, ncclNetProperties_t *) Line: 84: NET/OFI cxi3: Device Port: 1
TRACE: Function: void print_dev_props(int, ncclNetProperties_t *) Line: 85: NET/OFI cxi3: Device Maximum Communicators: 128
TRACE: Function: void print_dev_props(int, ncclNetProperties_t *) Line: 87: NET/OFI cxi3: Device Maximum Grouped Receives: 1
INFO: Function: int main(int, char **) Line: 95: NET/OFI Rank 18: local_rank=2, cuda_dev=2, net_dev=1, hostname=frontier01536
INFO: Function: int main(int, char **) Line: 99: NET/OFI Network supports communication using CUDA buffers. Dev: 1
INFO: Function: int main(int, char **) Line: 117: NET/OFI Rank 18: Creating listener for rank 0 on dev 1
TRACE: Function: ncclResult_t create_nccl_ofi_comp_for_dev(int, struct fi_info *) Line: 922: NET/OFI OFI component #1 is created
INFO: Function: int main(int, char **) Line: 117: NET/OFI Rank 18: Creating listener for rank 1 on dev 1
INFO: Function: int main(int, char **) Line: 117: NET/OFI Rank 18: Creating listener for rank 2 on dev 1
INFO: Function: int main(int, char **) Line: 117: NET/OFI Rank 18: Creating listener for rank 3 on dev 1
INFO: Function: int main(int, char **) Line: 117: NET/OFI Rank 18: Creating listener for rank 4 on dev 1
INFO: Function: int main(int, char **) Line: 117: NET/OFI Rank 18: Creating listener for rank 5 on dev 1
INFO: Function: int main(int, char **) Line: 117: NET/OFI Rank 25: Creating listener for rank 6 on dev 0
INFO: Function: int main(int, char **) Line: 117: NET/OFI Rank 25: Creating listener for rank 7 on dev 0
INFO: Function: int main(int, char **) Line: 117: NET/OFI Rank 25: Creating listener for rank 8 on dev 0
INFO: Function: int main(int, char **) Line: 117: NET/OFI Rank 25: Creating listener for rank 9 on dev 0
INFO: Function: int main(int, char **) Line: 117: NET/OFI Rank 25: Creating listener for rank 10 on dev 0
INFO: Function: int main(int, char **) Line: 117: NET/OFI Rank 25: Creating listener for rank 11 on dev 0
INFO: Function: int main(int, char **) Line: 117: NET/OFI Rank 25: Creating listener for rank 12 on dev 0
INFO: Function: int main(int, char **) Line: 117: NET/OFI Rank 25: Creating listener for rank 13 on dev 0
INFO: Function: int main(int, char **) Line: 117: NET/OFI Rank 25: Creating listener for rank 14 on dev 0
INFO: Function: int main(int, char **) Line: 95: NET/OFI Rank 7: local_rank=7, cuda_dev=7, net_dev=3, hostname=frontier00479
INFO: Function: int main(int, char **) Line: 99: NET/OFI Network supports communication using CUDA buffers. Dev: 3
INFO: Function: int main(int, char **) Line: 117: NET/OFI Rank 7: Creating listener for rank 0 on dev 3
TRACE: Function: ncclResult_t create_nccl_ofi_comp_for_dev(int, struct fi_info *) Line: 922: NET/OFI OFI component #3 is created
INFO: Function: int main(int, char **) Line: 117: NET/OFI Rank 7: Creating listener for rank 1 on dev 3
INFO: Function: int main(int, char **) Line: 117: NET/OFI Rank 7: Creating listener for rank 2 on dev 3
INFO: Function: int main(int, char **) Line: 117: NET/OFI Rank 7: Creating listener for rank 3 on dev 3
INFO: Function: int main(int, char **) Line: 117: NET/OFI Rank 7: Creating listener for rank 4 on dev 3
INFO: Function: int main(int, char **) Line: 117: NET/OFI Rank 7: Creating listener for rank 5 on dev 3
INFO: Function: int main(int, char **) Line: 95: NET/OFI Rank 9: local_rank=1, cuda_dev=1, net_dev=0, hostname=frontier00640
INFO: Function: int main(int, char **) Line: 99: NET/OFI Network supports communication using CUDA buffers. Dev: 0
INFO: Function: int main(int, char **) Line: 117: NET/OFI Rank 9: Creating listener for rank 0 on dev 0
TRACE: Function: ncclResult_t create_nccl_ofi_comp_for_dev(int, struct fi_info *) Line: 922: NET/OFI OFI component #0 is created
INFO: Function: int main(int, char **) Line: 117: NET/OFI Rank 9: Creating listener for rank 1 on dev 0
INFO: Function: int main(int, char **) Line: 117: NET/OFI Rank 9: Creating listener for rank 2 on dev 0
INFO: Function: int main(int, char **) Line: 117: NET/OFI Rank 9: Creating listener for rank 3 on dev 0
INFO: Function: int main(int, char **) Line: 117: NET/OFI Rank 9: Creating listener for rank 4 on dev 0
INFO: Function: int main(int, char **) Line: 117: NET/OFI Rank 9: Creating listener for rank 5 on dev 0
INFO: Function: int main(int, char **) Line: 117: NET/OFI Rank 18: Creating listener for rank 6 on dev 1
INFO: Function: int main(int, char **) Line: 117: NET/OFI Rank 18: Creating listener for rank 7 on dev 1
INFO: Function: int main(int, char **) Line: 117: NET/OFI Rank 18: Creating listener for rank 8 on dev 1
INFO: Function: int main(int, char **) Line: 117: NET/OFI Rank 18: Creating listener for rank 9 on dev 1
INFO: Function: int main(int, char **) Line: 117: NET/OFI Rank 18: Creating listener for rank 10 on dev 1
INFO: Function: int main(int, char **) Line: 117: NET/OFI Rank 18: Creating listener for rank 11 on dev 1
INFO: Function: int main(int, char **) Line: 117: NET/OFI Rank 18: Creating listener for rank 12 on dev 1
INFO: Function: int main(int, char **) Line: 117: NET/OFI Rank 18: Creating listener for rank 13 on dev 1
INFO: Function: int main(int, char **) Line: 117: NET/OFI Rank 18: Creating listener for rank 14 on dev 1
INFO: Function: int main(int, char **) Line: 117: NET/OFI Rank 25: Creating listener for rank 15 on dev 0
INFO: Function: int main(int, char **) Line: 117: NET/OFI Rank 25: Creating listener for rank 16 on dev 0
INFO: Function: int main(int, char **) Line: 117: NET/OFI Rank 25: Creating listener for rank 17 on dev 0
INFO: Function: int main(int, char **) Line: 117: NET/OFI Rank 25: Creating listener for rank 18 on dev 0
INFO: Function: int main(int, char **) Line: 117: NET/OFI Rank 25: Creating listener for rank 19 on dev 0
INFO: Function: int main(int, char **) Line: 117: NET/OFI Rank 25: Creating listener for rank 20 on dev 0
INFO: Function: int main(int, char **) Line: 117: NET/OFI Rank 25: Creating listener for rank 21 on dev 0
INFO: Function: int main(int, char **) Line: 117: NET/OFI Rank 25: Creating listener for rank 22 on dev 0
INFO: Function: int main(int, char **) Line: 117: NET/OFI Rank 25: Creating listener for rank 23 on dev 0
INFO: Function: int main(int, char **) Line: 117: NET/OFI Rank 7: Creating listener for rank 6 on dev 3
INFO: Function: int main(int, char **) Line: 117: NET/OFI Rank 7: Creating listener for rank 8 on dev 3
INFO: Function: int main(int, char **) Line: 117: NET/OFI Rank 7: Creating listener for rank 9 on dev 3
INFO: Function: int main(int, char **) Line: 117: NET/OFI Rank 7: Creating listener for rank 10 on dev 3
INFO: Function: int main(int, char **) Line: 117: NET/OFI Rank 7: Creating listener for rank 11 on dev 3
INFO: Function: int main(int, char **) Line: 117: NET/OFI Rank 7: Creating listener for rank 12 on dev 3
INFO: Function: int main(int, char **) Line: 117: NET/OFI Rank 7: Creating listener for rank 13 on dev 3
INFO: Function: int main(int, char **) Line: 117: NET/OFI Rank 7: Creating listener for rank 14 on dev 3
INFO: Function: int main(int, char **) Line: 117: NET/OFI Rank 7: Creating listener for rank 15 on dev 3
INFO: Function: int main(int, char **) Line: 117: NET/OFI Rank 9: Creating listener for rank 6 on dev 0
INFO: Function: int main(int, char **) Line: 117: NET/OFI Rank 9: Creating listener for rank 7 on dev 0
INFO: Function: int main(int, char **) Line: 117: NET/OFI Rank 9: Creating listener for rank 8 on dev 0
INFO: Function: int main(int, char **) Line: 117: NET/OFI Rank 9: Creating listener for rank 10 on dev 0
INFO: Function: int main(int, char **) Line: 117: NET/OFI Rank 9: Creating listener for rank 11 on dev 0
INFO: Function: int main(int, char **) Line: 117: NET/OFI Rank 9: Creating listener for rank 12 on dev 0
INFO: Function: int main(int, char **) Line: 117: NET/OFI Rank 9: Creating listener for rank 13 on dev 0
INFO: Function: int main(int, char **) Line: 117: NET/OFI Rank 9: Creating listener for rank 14 on dev 0
INFO: Function: int main(int, char **) Line: 117: NET/OFI Rank 9: Creating listener for rank 15 on dev 0
INFO: Function: int main(int, char **) Line: 117: NET/OFI Rank 18: Creating listener for rank 15 on dev 1
INFO: Function: int main(int, char **) Line: 117: NET/OFI Rank 18: Creating listener for rank 16 on dev 1
INFO: Function: int main(int, char **) Line: 117: NET/OFI Rank 18: Creating listener for rank 17 on dev 1
INFO: Function: int main(int, char **) Line: 117: NET/OFI Rank 18: Creating listener for rank 19 on dev 1
INFO: Function: int main(int, char **) Line: 117: NET/OFI Rank 18: Creating listener for rank 20 on dev 1
INFO: Function: int main(int, char **) Line: 117: NET/OFI Rank 18: Creating listener for rank 21 on dev 1
INFO: Function: int main(int, char **) Line: 117: NET/OFI Rank 18: Creating listener for rank 22 on dev 1
INFO: Function: int main(int, char **) Line: 117: NET/OFI Rank 18: Creating listener for rank 23 on dev 1
INFO: Function: int main(int, char **) Line: 117: NET/OFI Rank 18: Creating listener for rank 24 on dev 1
INFO: Function: int main(int, char **) Line: 117: NET/OFI Rank 25: Creating listener for rank 24 on dev 0
INFO: Function: int main(int, char **) Line: 117: NET/OFI Rank 25: Creating listener for rank 26 on dev 0
INFO: Function: int main(int, char **) Line: 117: NET/OFI Rank 7: Creating listener for rank 16 on dev 3
INFO: Function: int main(int, char **) Line: 117: NET/OFI Rank 7: Creating listener for rank 17 on dev 3
INFO: Function: int main(int, char **) Line: 117: NET/OFI Rank 7: Creating listener for rank 18 on dev 3
INFO: Function: int main(int, char **) Line: 117: NET/OFI Rank 7: Creating listener for rank 19 on dev 3
INFO: Function: int main(int, char **) Line: 117: NET/OFI Rank 7: Creating listener for rank 20 on dev 3
INFO: Function: int main(int, char **) Line: 117: NET/OFI Rank 7: Creating listener for rank 21 on dev 3
INFO: Function: int main(int, char **) Line: 117: NET/OFI Rank 7: Creating listener for rank 22 on dev 3
INFO: Function: int main(int, char **) Line: 117: NET/OFI Rank 7: Creating listener for rank 23 on dev 3
INFO: Function: int main(int, char **) Line: 117: NET/OFI Rank 7: Creating listener for rank 24 on dev 3
INFO: Function: int main(int, char **) Line: 117: NET/OFI Rank 9: Creating listener for rank 16 on dev 0
INFO: Function: int main(int, char **) Line: 117: NET/OFI Rank 9: Creating listener for rank 17 on dev 0
INFO: Function: int main(int, char **) Line: 117: NET/OFI Rank 9: Creating listener for rank 18 on dev 0
INFO: Function: int main(int, char **) Line: 117: NET/OFI Rank 9: Creating listener for rank 19 on dev 0
INFO: Function: int main(int, char **) Line: 117: NET/OFI Rank 9: Creating listener for rank 20 on dev 0
INFO: Function: int main(int, char **) Line: 117: NET/OFI Rank 9: Creating listener for rank 21 on dev 0
INFO: Function: int main(int, char **) Line: 117: NET/OFI Rank 9: Creating listener for rank 22 on dev 0
INFO: Function: int main(int, char **) Line: 117: NET/OFI Rank 9: Creating listener for rank 23 on dev 0
INFO: Function: int main(int, char **) Line: 117: NET/OFI Rank 9: Creating listener for rank 24 on dev 0
INFO: Function: int main(int, char **) Line: 117: NET/OFI Rank 18: Creating listener for rank 25 on dev 1
INFO: Function: int main(int, char **) Line: 117: NET/OFI Rank 18: Creating listener for rank 26 on dev 1
INFO: Function: int main(int, char **) Line: 117: NET/OFI Rank 25: Creating listener for rank 27 on dev 0
INFO: Function: int main(int, char **) Line: 117: NET/OFI Rank 7: Creating listener for rank 25 on dev 3
INFO: Function: int main(int, char **) Line: 117: NET/OFI Rank 7: Creating listener for rank 26 on dev 3
INFO: Function: int main(int, char **) Line: 117: NET/OFI Rank 9: Creating listener for rank 25 on dev 0
INFO: Function: int main(int, char **) Line: 117: NET/OFI Rank 9: Creating listener for rank 26 on dev 0
INFO: Function: int main(int, char **) Line: 117: NET/OFI Rank 18: Creating listener for rank 27 on dev 1
TRACE: Function: void print_dev_props(int, ncclNetProperties_t *) Line: 79: NET/OFI ****************** Device 3 Properties ******************
TRACE: Function: void print_dev_props(int, ncclNetProperties_t *) Line: 80: NET/OFI cxi3: PCIe Path: /sys/devices/pci0000:dc/0000:dc:01.1/0000:dd:00.0
TRACE: Function: void print_dev_props(int, ncclNetProperties_t *) Line: 81: NET/OFI cxi3: Plugin Support: 3
TRACE: Function: void print_dev_props(int, ncclNetProperties_t *) Line: 82: NET/OFI cxi3: Device GUID: 3
TRACE: Function: void print_dev_props(int, ncclNetProperties_t *) Line: 83: NET/OFI cxi3: Device Speed: 200000000
TRACE: Function: void print_dev_props(int, ncclNetProperties_t *) Line: 84: NET/OFI cxi3: Device Port: 1
TRACE: Function: void print_dev_props(int, ncclNetProperties_t *) Line: 85: NET/OFI cxi3: Device Maximum Communicators: 128
TRACE: Function: void print_dev_props(int, ncclNetProperties_t *) Line: 87: NET/OFI cxi3: Device Maximum Grouped Receives: 1
INFO: Function: int main(int, char **) Line: 117: NET/OFI Rank 0: Creating listener for rank 27 on dev 0
INFO: Function: int main(int, char **) Line: 117: NET/OFI Rank 9: Creating listener for rank 27 on dev 0
TRACE: Function: void print_dev_props(int, ncclNetProperties_t *) Line: 79: NET/OFI ****************** Device 3 Properties ******************
TRACE: Function: void print_dev_props(int, ncclNetProperties_t *) Line: 80: NET/OFI cxi3: PCIe Path: /sys/devices/pci0000:dc/0000:dc:01.1/0000:dd:00.0
TRACE: Function: void print_dev_props(int, ncclNetProperties_t *) Line: 81: NET/OFI cxi3: Plugin Support: 3
TRACE: Function: void print_dev_props(int, ncclNetProperties_t *) Line: 82: NET/OFI cxi3: Device GUID: 3
TRACE: Function: void print_dev_props(int, ncclNetProperties_t *) Line: 83: NET/OFI cxi3: Device Speed: 200000000
TRACE: Function: void print_dev_props(int, ncclNetProperties_t *) Line: 84: NET/OFI cxi3: Device Port: 1
TRACE: Function: void print_dev_props(int, ncclNetProperties_t *) Line: 85: NET/OFI cxi3: Device Maximum Communicators: 128
TRACE: Function: void print_dev_props(int, ncclNetProperties_t *) Line: 87: NET/OFI cxi3: Device Maximum Grouped Receives: 1
INFO: Function: int main(int, char **) Line: 95: NET/OFI Rank 31: local_rank=7, cuda_dev=7, net_dev=3, hostname=frontier02048
INFO: Function: int main(int, char **) Line: 99: NET/OFI Network supports communication using CUDA buffers. Dev: 3
INFO: Function: int main(int, char **) Line: 117: NET/OFI Rank 31: Creating listener for rank 0 on dev 3
TRACE: Function: ncclResult_t create_nccl_ofi_comp_for_dev(int, struct fi_info *) Line: 922: NET/OFI OFI component #3 is created
INFO: Function: int main(int, char **) Line: 117: NET/OFI Rank 31: Creating listener for rank 1 on dev 3
INFO: Function: int main(int, char **) Line: 117: NET/OFI Rank 31: Creating listener for rank 2 on dev 3
INFO: Function: int main(int, char **) Line: 117: NET/OFI Rank 31: Creating listener for rank 3 on dev 3
INFO: Function: int main(int, char **) Line: 117: NET/OFI Rank 31: Creating listener for rank 4 on dev 3
INFO: Function: int main(int, char **) Line: 117: NET/OFI Rank 31: Creating listener for rank 5 on dev 3
INFO: Function: int main(int, char **) Line: 117: NET/OFI Rank 4: Creating listener for rank 27 on dev 2
TRACE: Function: void print_dev_props(int, ncclNetProperties_t *) Line: 79: NET/OFI ****************** Device 3 Properties ******************
TRACE: Function: void print_dev_props(int, ncclNetProperties_t *) Line: 80: NET/OFI cxi3: PCIe Path: /sys/devices/pci0000:dc/0000:dc:01.1/0000:dd:00.0
TRACE: Function: void print_dev_props(int, ncclNetProperties_t *) Line: 81: NET/OFI cxi3: Plugin Support: 3
TRACE: Function: void print_dev_props(int, ncclNetProperties_t *) Line: 82: NET/OFI cxi3: Device GUID: 3
TRACE: Function: void print_dev_props(int, ncclNetProperties_t *) Line: 83: NET/OFI cxi3: Device Speed: 200000000
TRACE: Function: void print_dev_props(int, ncclNetProperties_t *) Line: 84: NET/OFI cxi3: Device Port: 1
TRACE: Function: void print_dev_props(int, ncclNetProperties_t *) Line: 85: NET/OFI cxi3: Device Maximum Communicators: 128
TRACE: Function: void print_dev_props(int, ncclNetProperties_t *) Line: 87: NET/OFI cxi3: Device Maximum Grouped Receives: 1
INFO: Function: int main(int, char **) Line: 95: NET/OFI Rank 17: local_rank=1, cuda_dev=1, net_dev=0, hostname=frontier01536
INFO: Function: int main(int, char **) Line: 99: NET/OFI Network supports communication using CUDA buffers. Dev: 0
INFO: Function: int main(int, char **) Line: 117: NET/OFI Rank 17: Creating listener for rank 0 on dev 0
TRACE: Function: ncclResult_t create_nccl_ofi_comp_for_dev(int, struct fi_info *) Line: 922: NET/OFI OFI component #0 is created
INFO: Function: int main(int, char **) Line: 117: NET/OFI Rank 17: Creating listener for rank 1 on dev 0
INFO: Function: int main(int, char **) Line: 117: NET/OFI Rank 17: Creating listener for rank 2 on dev 0
INFO: Function: int main(int, char **) Line: 117: NET/OFI Rank 17: Creating listener for rank 3 on dev 0
INFO: Function: int main(int, char **) Line: 117: NET/OFI Rank 17: Creating listener for rank 4 on dev 0
INFO: Function: int main(int, char **) Line: 117: NET/OFI Rank 17: Creating listener for rank 5 on dev 0
INFO: Function: int main(int, char **) Line: 117: NET/OFI Rank 31: Creating listener for rank 6 on dev 3
INFO: Function: int main(int, char **) Line: 117: NET/OFI Rank 31: Creating listener for rank 7 on dev 3
INFO: Function: int main(int, char **) Line: 117: NET/OFI Rank 31: Creating listener for rank 8 on dev 3
INFO: Function: int main(int, char **) Line: 117: NET/OFI Rank 31: Creating listener for rank 9 on dev 3
INFO: Function: int main(int, char **) Line: 117: NET/OFI Rank 31: Creating listener for rank 10 on dev 3
INFO: Function: int main(int, char **) Line: 117: NET/OFI Rank 31: Creating listener for rank 11 on dev 3
INFO: Function: int main(int, char **) Line: 117: NET/OFI Rank 31: Creating listener for rank 12 on dev 3
INFO: Function: int main(int, char **) Line: 117: NET/OFI Rank 31: Creating listener for rank 13 on dev 3
INFO: Function: int main(int, char **) Line: 117: NET/OFI Rank 31: Creating listener for rank 14 on dev 3
INFO: Function: int main(int, char **) Line: 117: NET/OFI Rank 5: Creating listener for rank 27 on dev 2
INFO: Function: int main(int, char **) Line: 95: NET/OFI Rank 14: local_rank=6, cuda_dev=6, net_dev=3, hostname=frontier00640
INFO: Function: int main(int, char **) Line: 99: NET/OFI Network supports communication using CUDA buffers. Dev: 3
INFO: Function: int main(int, char **) Line: 117: NET/OFI Rank 14: Creating listener for rank 0 on dev 3
TRACE: Function: ncclResult_t create_nccl_ofi_comp_for_dev(int, struct fi_info *) Line: 922: NET/OFI OFI component #3 is created
INFO: Function: int main(int, char **) Line: 117: NET/OFI Rank 14: Creating listener for rank 1 on dev 3
INFO: Function: int main(int, char **) Line: 117: NET/OFI Rank 14: Creating listener for rank 2 on dev 3
INFO: Function: int main(int, char **) Line: 117: NET/OFI Rank 14: Creating listener for rank 3 on dev 3
INFO: Function: int main(int, char **) Line: 117: NET/OFI Rank 14: Creating listener for rank 4 on dev 3
INFO: Function: int main(int, char **) Line: 117: NET/OFI Rank 14: Creating listener for rank 5 on dev 3
INFO: Function: int main(int, char **) Line: 117: NET/OFI Rank 17: Creating listener for rank 6 on dev 0
INFO: Function: int main(int, char **) Line: 117: NET/OFI Rank 17: Creating listener for rank 7 on dev 0
INFO: Function: int main(int, char **) Line: 117: NET/OFI Rank 17: Creating listener for rank 8 on dev 0
INFO: Function: int main(int, char **) Line: 117: NET/OFI Rank 17: Creating listener for rank 9 on dev 0
INFO: Function: int main(int, char **) Line: 117: NET/OFI Rank 17: Creating listener for rank 10 on dev 0
INFO: Function: int main(int, char **) Line: 117: NET/OFI Rank 17: Creating listener for rank 11 on dev 0
INFO: Function: int main(int, char **) Line: 117: NET/OFI Rank 17: Creating listener for rank 12 on dev 0
INFO: Function: int main(int, char **) Line: 117: NET/OFI Rank 17: Creating listener for rank 13 on dev 0
INFO: Function: int main(int, char **) Line: 117: NET/OFI Rank 17: Creating listener for rank 14 on dev 0
INFO: Function: int main(int, char **) Line: 117: NET/OFI Rank 31: Creating listener for rank 15 on dev 3
INFO: Function: int main(int, char **) Line: 117: NET/OFI Rank 31: Creating listener for rank 16 on dev 3
INFO: Function: int main(int, char **) Line: 117: NET/OFI Rank 31: Creating listener for rank 17 on dev 3
INFO: Function: int main(int, char **) Line: 117: NET/OFI Rank 31: Creating listener for rank 18 on dev 3
INFO: Function: int main(int, char **) Line: 117: NET/OFI Rank 31: Creating listener for rank 19 on dev 3
INFO: Function: int main(int, char **) Line: 117: NET/OFI Rank 31: Creating listener for rank 20 on dev 3
INFO: Function: int main(int, char **) Line: 117: NET/OFI Rank 31: Creating listener for rank 21 on dev 3
INFO: Function: int main(int, char **) Line: 117: NET/OFI Rank 31: Creating listener for rank 22 on dev 3
INFO: Function: int main(int, char **) Line: 117: NET/OFI Rank 31: Creating listener for rank 23 on dev 3
INFO: Function: int main(int, char **) Line: 117: NET/OFI Rank 7: Creating listener for rank 27 on dev 3
INFO: Function: int main(int, char **) Line: 117: NET/OFI Rank 14: Creating listener for rank 6 on dev 3
INFO: Function: int main(int, char **) Line: 117: NET/OFI Rank 14: Creating listener for rank 7 on dev 3
INFO: Function: int main(int, char **) Line: 117: NET/OFI Rank 14: Creating listener for rank 8 on dev 3
INFO: Function: int main(int, char **) Line: 117: NET/OFI Rank 14: Creating listener for rank 9 on dev 3
INFO: Function: int main(int, char **) Line: 117: NET/OFI Rank 14: Creating listener for rank 10 on dev 3
INFO: Function: int main(int, char **) Line: 117: NET/OFI Rank 14: Creating listener for rank 11 on dev 3
INFO: Function: int main(int, char **) Line: 117: NET/OFI Rank 14: Creating listener for rank 12 on dev 3
INFO: Function: int main(int, char **) Line: 117: NET/OFI Rank 14: Creating listener for rank 13 on dev 3
INFO: Function: int main(int, char **) Line: 117: NET/OFI Rank 14: Creating listener for rank 15 on dev 3
INFO: Function: int main(int, char **) Line: 117: NET/OFI Rank 17: Creating listener for rank 15 on dev 0
INFO: Function: int main(int, char **) Line: 117: NET/OFI Rank 17: Creating listener for rank 16 on dev 0
INFO: Function: int main(int, char **) Line: 117: NET/OFI Rank 17: Creating listener for rank 18 on dev 0
INFO: Function: int main(int, char **) Line: 117: NET/OFI Rank 17: Creating listener for rank 19 on dev 0
INFO: Function: int main(int, char **) Line: 117: NET/OFI Rank 17: Creating listener for rank 20 on dev 0
INFO: Function: int main(int, char **) Line: 117: NET/OFI Rank 17: Creating listener for rank 21 on dev 0
INFO: Function: int main(int, char **) Line: 117: NET/OFI Rank 17: Creating listener for rank 22 on dev 0
INFO: Function: int main(int, char **) Line: 117: NET/OFI Rank 17: Creating listener for rank 23 on dev 0
INFO: Function: int main(int, char **) Line: 117: NET/OFI Rank 17: Creating listener for rank 24 on dev 0
INFO: Function: int main(int, char **) Line: 117: NET/OFI Rank 31: Creating listener for rank 24 on dev 3
INFO: Function: int main(int, char **) Line: 117: NET/OFI Rank 31: Creating listener for rank 25 on dev 3
TRACE: Function: void print_dev_props(int, ncclNetProperties_t *) Line: 79: NET/OFI ****************** Device 3 Properties ******************
TRACE: Function: void print_dev_props(int, ncclNetProperties_t *) Line: 80: NET/OFI cxi3: PCIe Path: /sys/devices/pci0000:dc/0000:dc:01.1/0000:dd:00.0
TRACE: Function: void print_dev_props(int, ncclNetProperties_t *) Line: 81: NET/OFI cxi3: Plugin Support: 3
TRACE: Function: void print_dev_props(int, ncclNetProperties_t *) Line: 82: NET/OFI cxi3: Device GUID: 3
TRACE: Function: void print_dev_props(int, ncclNetProperties_t *) Line: 83: NET/OFI cxi3: Device Speed: 200000000
TRACE: Function: void print_dev_props(int, ncclNetProperties_t *) Line: 84: NET/OFI cxi3: Device Port: 1
TRACE: Function: void print_dev_props(int, ncclNetProperties_t *) Line: 85: NET/OFI cxi3: Device Maximum Communicators: 128
TRACE: Function: void print_dev_props(int, ncclNetProperties_t *) Line: 87: NET/OFI cxi3: Device Maximum Grouped Receives: 1
INFO: Function: int main(int, char **) Line: 117: NET/OFI Rank 14: Creating listener for rank 16 on dev 3
INFO: Function: int main(int, char **) Line: 117: NET/OFI Rank 14: Creating listener for rank 17 on dev 3
INFO: Function: int main(int, char **) Line: 117: NET/OFI Rank 14: Creating listener for rank 18 on dev 3
INFO: Function: int main(int, char **) Line: 117: NET/OFI Rank 14: Creating listener for rank 19 on dev 3
INFO: Function: int main(int, char **) Line: 117: NET/OFI Rank 14: Creating listener for rank 20 on dev 3
INFO: Function: int main(int, char **) Line: 117: NET/OFI Rank 14: Creating listener for rank 21 on dev 3
INFO: Function: int main(int, char **) Line: 117: NET/OFI Rank 14: Creating listener for rank 22 on dev 3
INFO: Function: int main(int, char **) Line: 117: NET/OFI Rank 14: Creating listener for rank 23 on dev 3
INFO: Function: int main(int, char **) Line: 117: NET/OFI Rank 14: Creating listener for rank 24 on dev 3
INFO: Function: int main(int, char **) Line: 117: NET/OFI Rank 17: Creating listener for rank 25 on dev 0
INFO: Function: int main(int, char **) Line: 117: NET/OFI Rank 17: Creating listener for rank 26 on dev 0
INFO: Function: int main(int, char **) Line: 117: NET/OFI Rank 31: Creating listener for rank 26 on dev 3
INFO: Function: int main(int, char **) Line: 95: NET/OFI Rank 3: local_rank=3, cuda_dev=3, net_dev=1, hostname=frontier00479
INFO: Function: int main(int, char **) Line: 99: NET/OFI Network supports communication using CUDA buffers. Dev: 1
INFO: Function: int main(int, char **) Line: 117: NET/OFI Rank 3: Creating listener for rank 0 on dev 1
TRACE: Function: ncclResult_t create_nccl_ofi_comp_for_dev(int, struct fi_info *) Line: 922: NET/OFI OFI component #1 is created
INFO: Function: int main(int, char **) Line: 117: NET/OFI Rank 3: Creating listener for rank 1 on dev 1
INFO: Function: int main(int, char **) Line: 117: NET/OFI Rank 3: Creating listener for rank 2 on dev 1
INFO: Function: int main(int, char **) Line: 117: NET/OFI Rank 3: Creating listener for rank 4 on dev 1
INFO: Function: int main(int, char **) Line: 117: NET/OFI Rank 3: Creating listener for rank 5 on dev 1
INFO: Function: int main(int, char **) Line: 117: NET/OFI Rank 3: Creating listener for rank 6 on dev 1
INFO: Function: int main(int, char **) Line: 117: NET/OFI Rank 14: Creating listener for rank 25 on dev 3
INFO: Function: int main(int, char **) Line: 117: NET/OFI Rank 14: Creating listener for rank 26 on dev 3
INFO: Function: int main(int, char **) Line: 117: NET/OFI Rank 17: Creating listener for rank 27 on dev 0
TRACE: Function: void print_dev_props(int, ncclNetProperties_t *) Line: 79: NET/OFI ****************** Device 3 Properties ******************
TRACE: Function: void print_dev_props(int, ncclNetProperties_t *) Line: 80: NET/OFI cxi3: PCIe Path: /sys/devices/pci0000:dc/0000:dc:01.1/0000:dd:00.0
TRACE: Function: void print_dev_props(int, ncclNetProperties_t *) Line: 81: NET/OFI cxi3: Plugin Support: 3
TRACE: Function: void print_dev_props(int, ncclNetProperties_t *) Line: 82: NET/OFI cxi3: Device GUID: 3
TRACE: Function: void print_dev_props(int, ncclNetProperties_t *) Line: 83: NET/OFI cxi3: Device Speed: 200000000
TRACE: Function: void print_dev_props(int, ncclNetProperties_t *) Line: 84: NET/OFI cxi3: Device Port: 1
TRACE: Function: void print_dev_props(int, ncclNetProperties_t *) Line: 85: NET/OFI cxi3: Device Maximum Communicators: 128
TRACE: Function: void print_dev_props(int, ncclNetProperties_t *) Line: 87: NET/OFI cxi3: Device Maximum Grouped Receives: 1
INFO: Function: int main(int, char **) Line: 117: NET/OFI Rank 3: Creating listener for rank 7 on dev 1
INFO: Function: int main(int, char **) Line: 117: NET/OFI Rank 3: Creating listener for rank 8 on dev 1
INFO: Function: int main(int, char **) Line: 117: NET/OFI Rank 3: Creating listener for rank 9 on dev 1
INFO: Function: int main(int, char **) Line: 117: NET/OFI Rank 3: Creating listener for rank 10 on dev 1
INFO: Function: int main(int, char **) Line: 117: NET/OFI Rank 3: Creating listener for rank 11 on dev 1
INFO: Function: int main(int, char **) Line: 117: NET/OFI Rank 3: Creating listener for rank 12 on dev 1
INFO: Function: int main(int, char **) Line: 117: NET/OFI Rank 3: Creating listener for rank 13 on dev 1
INFO: Function: int main(int, char **) Line: 117: NET/OFI Rank 3: Creating listener for rank 14 on dev 1
INFO: Function: int main(int, char **) Line: 117: NET/OFI Rank 3: Creating listener for rank 15 on dev 1
INFO: Function: int main(int, char **) Line: 117: NET/OFI Rank 14: Creating listener for rank 27 on dev 3
TRACE: Function: void print_dev_props(int, ncclNetProperties_t *) Line: 79: NET/OFI ****************** Device 3 Properties ******************
TRACE: Function: void print_dev_props(int, ncclNetProperties_t *) Line: 80: NET/OFI cxi3: PCIe Path: /sys/devices/pci0000:dc/0000:dc:01.1/0000:dd:00.0
TRACE: Function: void print_dev_props(int, ncclNetProperties_t *) Line: 81: NET/OFI cxi3: Plugin Support: 3
TRACE: Function: void print_dev_props(int, ncclNetProperties_t *) Line: 82: NET/OFI cxi3: Device GUID: 3
TRACE: Function: void print_dev_props(int, ncclNetProperties_t *) Line: 83: NET/OFI cxi3: Device Speed: 200000000
TRACE: Function: void print_dev_props(int, ncclNetProperties_t *) Line: 84: NET/OFI cxi3: Device Port: 1
TRACE: Function: void print_dev_props(int, ncclNetProperties_t *) Line: 85: NET/OFI cxi3: Device Maximum Communicators: 128
TRACE: Function: void print_dev_props(int, ncclNetProperties_t *) Line: 87: NET/OFI cxi3: Device Maximum Grouped Receives: 1
INFO: Function: int main(int, char **) Line: 95: NET/OFI Rank 24: local_rank=0, cuda_dev=0, net_dev=0, hostname=frontier02048
INFO: Function: int main(int, char **) Line: 99: NET/OFI Network supports communication using CUDA buffers. Dev: 0
INFO: Function: int main(int, char **) Line: 117: NET/OFI Rank 24: Creating listener for rank 0 on dev 0
TRACE: Function: ncclResult_t create_nccl_ofi_comp_for_dev(int, struct fi_info *) Line: 922: NET/OFI OFI component #0 is created
INFO: Function: int main(int, char **) Line: 117: NET/OFI Rank 24: Creating listener for rank 1 on dev 0
INFO: Function: int main(int, char **) Line: 117: NET/OFI Rank 24: Creating listener for rank 2 on dev 0
INFO: Function: int main(int, char **) Line: 117: NET/OFI Rank 24: Creating listener for rank 3 on dev 0
INFO: Function: int main(int, char **) Line: 117: NET/OFI Rank 24: Creating listener for rank 4 on dev 0
INFO: Function: int main(int, char **) Line: 117: NET/OFI Rank 24: Creating listener for rank 5 on dev 0
INFO: Function: int main(int, char **) Line: 117: NET/OFI Rank 3: Creating listener for rank 16 on dev 1
INFO: Function: int main(int, char **) Line: 117: NET/OFI Rank 3: Creating listener for rank 17 on dev 1
INFO: Function: int main(int, char **) Line: 117: NET/OFI Rank 3: Creating listener for rank 18 on dev 1
INFO: Function: int main(int, char **) Line: 117: NET/OFI Rank 3: Creating listener for rank 19 on dev 1
INFO: Function: int main(int, char **) Line: 117: NET/OFI Rank 3: Creating listener for rank 20 on dev 1
INFO: Function: int main(int, char **) Line: 117: NET/OFI Rank 3: Creating listener for rank 21 on dev 1
INFO: Function: int main(int, char **) Line: 117: NET/OFI Rank 3: Creating listener for rank 22 on dev 1
INFO: Function: int main(int, char **) Line: 117: NET/OFI Rank 3: Creating listener for rank 23 on dev 1
INFO: Function: int main(int, char **) Line: 117: NET/OFI Rank 3: Creating listener for rank 24 on dev 1
INFO: Function: int main(int, char **) Line: 117: NET/OFI Rank 8: Creating listener for rank 28 on dev 0
INFO: Function: int main(int, char **) Line: 117: NET/OFI Rank 8: Creating listener for rank 29 on dev 0
INFO: Function: int main(int, char **) Line: 117: NET/OFI Rank 8: Creating listener for rank 30 on dev 0
INFO: Function: int main(int, char **) Line: 117: NET/OFI Rank 8: Creating listener for rank 31 on dev 0
INFO: Function: int main(int, char **) Line: 132: NET/OFI Rank 8: Connecting to rank 0
INFO: Function: int main(int, char **) Line: 132: NET/OFI Rank 8: Connecting to rank 1
INFO: Function: int main(int, char **) Line: 132: NET/OFI Rank 8: Connecting to rank 2
INFO: Function: int main(int, char **) Line: 132: NET/OFI Rank 8: Connecting to rank 3
INFO: Function: int main(int, char **) Line: 132: NET/OFI Rank 8: Connecting to rank 4
INFO: Function: int main(int, char **) Line: 132: NET/OFI Rank 8: Connecting to rank 5
INFO: Function: int main(int, char **) Line: 95: NET/OFI Rank 22: local_rank=6, cuda_dev=6, net_dev=3, hostname=frontier01536
INFO: Function: int main(int, char **) Line: 99: NET/OFI Network supports communication using CUDA buffers. Dev: 3
INFO: Function: int main(int, char **) Line: 117: NET/OFI Rank 22: Creating listener for rank 0 on dev 3
TRACE: Function: ncclResult_t create_nccl_ofi_comp_for_dev(int, struct fi_info *) Line: 922: NET/OFI OFI component #3 is created
INFO: Function: int main(int, char **) Line: 117: NET/OFI Rank 22: Creating listener for rank 1 on dev 3
INFO: Function: int main(int, char **) Line: 117: NET/OFI Rank 22: Creating listener for rank 2 on dev 3
INFO: Function: int main(int, char **) Line: 117: NET/OFI Rank 22: Creating listener for rank 3 on dev 3
INFO: Function: int main(int, char **) Line: 117: NET/OFI Rank 22: Creating listener for rank 4 on dev 3
INFO: Function: int main(int, char **) Line: 117: NET/OFI Rank 22: Creating listener for rank 5 on dev 3
INFO: Function: int main(int, char **) Line: 117: NET/OFI Rank 24: Creating listener for rank 6 on dev 0
INFO: Function: int main(int, char **) Line: 117: NET/OFI Rank 24: Creating listener for rank 7 on dev 0
INFO: Function: int main(int, char **) Line: 117: NET/OFI Rank 24: Creating listener for rank 8 on dev 0
INFO: Function: int main(int, char **) Line: 117: NET/OFI Rank 24: Creating listener for rank 9 on dev 0
INFO: Function: int main(int, char **) Line: 117: NET/OFI Rank 24: Creating listener for rank 10 on dev 0
INFO: Function: int main(int, char **) Line: 117: NET/OFI Rank 24: Creating listener for rank 11 on dev 0
INFO: Function: int main(int, char **) Line: 117: NET/OFI Rank 24: Creating listener for rank 12 on dev 0
INFO: Function: int main(int, char **) Line: 117: NET/OFI Rank 24: Creating listener for rank 13 on dev 0
INFO: Function: int main(int, char **) Line: 117: NET/OFI Rank 24: Creating listener for rank 14 on dev 0
INFO: Function: int main(int, char **) Line: 117: NET/OFI Rank 3: Creating listener for rank 25 on dev 1
INFO: Function: int main(int, char **) Line: 117: NET/OFI Rank 3: Creating listener for rank 26 on dev 1
INFO: Function: int main(int, char **) Line: 132: NET/OFI Rank 8: Connecting to rank 6
INFO: Function: int main(int, char **) Line: 132: NET/OFI Rank 8: Connecting to rank 7
INFO: Function: int main(int, char **) Line: 132: NET/OFI Rank 8: Connecting to rank 9
INFO: Function: int main(int, char **) Line: 132: NET/OFI Rank 8: Connecting to rank 10
INFO: Function: int main(int, char **) Line: 132: NET/OFI Rank 8: Connecting to rank 11
INFO: Function: int main(int, char **) Line: 132: NET/OFI Rank 8: Connecting to rank 12
INFO: Function: int main(int, char **) Line: 132: NET/OFI Rank 8: Connecting to rank 13
INFO: Function: int main(int, char **) Line: 132: NET/OFI Rank 8: Connecting to rank 14
INFO: Function: int main(int, char **) Line: 132: NET/OFI Rank 8: Connecting to rank 15
INFO: Function: int main(int, char **) Line: 132: NET/OFI Rank 8: Connecting to rank 16
INFO: Function: int main(int, char **) Line: 132: NET/OFI Rank 8: Connecting to rank 17
INFO: Function: int main(int, char **) Line: 117: NET/OFI Rank 22: Creating listener for rank 6 on dev 3
INFO: Function: int main(int, char **) Line: 117: NET/OFI Rank 22: Creating listener for rank 7 on dev 3
INFO: Function: int main(int, char **) Line: 117: NET/OFI Rank 22: Creating listener for rank 8 on dev 3
INFO: Function: int main(int, char **) Line: 117: NET/OFI Rank 22: Creating listener for rank 9 on dev 3
INFO: Function: int main(int, char **) Line: 117: NET/OFI Rank 22: Creating listener for rank 10 on dev 3
INFO: Function: int main(int, char **) Line: 117: NET/OFI Rank 22: Creating listener for rank 11 on dev 3
INFO: Function: int main(int, char **) Line: 117: NET/OFI Rank 22: Creating listener for rank 12 on dev 3
INFO: Function: int main(int, char **) Line: 117: NET/OFI Rank 22: Creating listener for rank 13 on dev 3
INFO: Function: int main(int, char **) Line: 117: NET/OFI Rank 22: Creating listener for rank 14 on dev 3
INFO: Function: int main(int, char **) Line: 117: NET/OFI Rank 24: Creating listener for rank 15 on dev 0
INFO: Function: int main(int, char **) Line: 117: NET/OFI Rank 24: Creating listener for rank 16 on dev 0
INFO: Function: int main(int, char **) Line: 117: NET/OFI Rank 24: Creating listener for rank 17 on dev 0
INFO: Function: int main(int, char **) Line: 117: NET/OFI Rank 24: Creating listener for rank 18 on dev 0
INFO: Function: int main(int, char **) Line: 117: NET/OFI Rank 24: Creating listener for rank 19 on dev 0
INFO: Function: int main(int, char **) Line: 117: NET/OFI Rank 24: Creating listener for rank 20 on dev 0
INFO: Function: int main(int, char **) Line: 117: NET/OFI Rank 24: Creating listener for rank 21 on dev 0
INFO: Function: int main(int, char **) Line: 117: NET/OFI Rank 24: Creating listener for rank 22 on dev 0
INFO: Function: int main(int, char **) Line: 117: NET/OFI Rank 24: Creating listener for rank 23 on dev 0
TRACE: Function: void print_dev_props(int, ncclNetProperties_t *) Line: 79: NET/OFI ****************** Device 3 Properties ******************
TRACE: Function: void print_dev_props(int, ncclNetProperties_t *) Line: 80: NET/OFI cxi3: PCIe Path: /sys/devices/pci0000:dc/0000:dc:01.1/0000:dd:00.0
TRACE: Function: void print_dev_props(int, ncclNetProperties_t *) Line: 81: NET/OFI cxi3: Plugin Support: 3
TRACE: Function: void print_dev_props(int, ncclNetProperties_t *) Line: 82: NET/OFI cxi3: Device GUID: 3
TRACE: Function: void print_dev_props(int, ncclNetProperties_t *) Line: 83: NET/OFI cxi3: Device Speed: 200000000
TRACE: Function: void print_dev_props(int, ncclNetProperties_t *) Line: 84: NET/OFI cxi3: Device Port: 1
TRACE: Function: void print_dev_props(int, ncclNetProperties_t *) Line: 85: NET/OFI cxi3: Device Maximum Communicators: 128
TRACE: Function: void print_dev_props(int, ncclNetProperties_t *) Line: 87: NET/OFI cxi3: Device Maximum Grouped Receives: 1
INFO: Function: int main(int, char **) Line: 132: NET/OFI Rank 8: Connecting to rank 18
INFO: Function: int main(int, char **) Line: 132: NET/OFI Rank 8: Connecting to rank 19
INFO: Function: int main(int, char **) Line: 132: NET/OFI Rank 8: Connecting to rank 20
INFO: Function: int main(int, char **) Line: 132: NET/OFI Rank 8: Connecting to rank 21
INFO: Function: int main(int, char **) Line: 132: NET/OFI Rank 8: Connecting to rank 22
INFO: Function: int main(int, char **) Line: 132: NET/OFI Rank 8: Connecting to rank 23
INFO: Function: int main(int, char **) Line: 132: NET/OFI Rank 8: Connecting to rank 24
INFO: Function: int main(int, char **) Line: 132: NET/OFI Rank 8: Connecting to rank 25
INFO: Function: int main(int, char **) Line: 132: NET/OFI Rank 8: Connecting to rank 26
INFO: Function: int main(int, char **) Line: 132: NET/OFI Rank 8: Connecting to rank 27
INFO: Function: int main(int, char **) Line: 132: NET/OFI Rank 8: Connecting to rank 28
INFO: Function: int main(int, char **) Line: 117: NET/OFI Rank 22: Creating listener for rank 15 on dev 3
INFO: Function: int main(int, char **) Line: 117: NET/OFI Rank 22: Creating listener for rank 16 on dev 3
INFO: Function: int main(int, char **) Line: 117: NET/OFI Rank 22: Creating listener for rank 17 on dev 3
INFO: Function: int main(int, char **) Line: 117: NET/OFI Rank 22: Creating listener for rank 18 on dev 3
INFO: Function: int main(int, char **) Line: 117: NET/OFI Rank 22: Creating listener for rank 19 on dev 3
INFO: Function: int main(int, char **) Line: 117: NET/OFI Rank 22: Creating listener for rank 20 on dev 3
INFO: Function: int main(int, char **) Line: 117: NET/OFI Rank 22: Creating listener for rank 21 on dev 3
INFO: Function: int main(int, char **) Line: 117: NET/OFI Rank 22: Creating listener for rank 23 on dev 3
INFO: Function: int main(int, char **) Line: 117: NET/OFI Rank 22: Creating listener for rank 24 on dev 3
INFO: Function: int main(int, char **) Line: 117: NET/OFI Rank 24: Creating listener for rank 25 on dev 0
INFO: Function: int main(int, char **) Line: 117: NET/OFI Rank 24: Creating listener for rank 26 on dev 0
INFO: Function: int main(int, char **) Line: 95: NET/OFI Rank 1: local_rank=1, cuda_dev=1, net_dev=0, hostname=frontier00479
INFO: Function: int main(int, char **) Line: 99: NET/OFI Network supports communication using CUDA buffers. Dev: 0
INFO: Function: int main(int, char **) Line: 117: NET/OFI Rank 1: Creating listener for rank 0 on dev 0
TRACE: Function: ncclResult_t create_nccl_ofi_comp_for_dev(int, struct fi_info *) Line: 922: NET/OFI OFI component #0 is created
INFO: Function: int main(int, char **) Line: 117: NET/OFI Rank 1: Creating listener for rank 2 on dev 0
INFO: Function: int main(int, char **) Line: 117: NET/OFI Rank 1: Creating listener for rank 3 on dev 0
INFO: Function: int main(int, char **) Line: 117: NET/OFI Rank 1: Creating listener for rank 4 on dev 0
INFO: Function: int main(int, char **) Line: 117: NET/OFI Rank 1: Creating listener for rank 5 on dev 0
INFO: Function: int main(int, char **) Line: 117: NET/OFI Rank 1: Creating listener for rank 6 on dev 0
INFO: Function: int main(int, char **) Line: 132: NET/OFI Rank 8: Connecting to rank 29
INFO: Function: int main(int, char **) Line: 132: NET/OFI Rank 8: Connecting to rank 30
INFO: Function: int main(int, char **) Line: 132: NET/OFI Rank 8: Connecting to rank 31
INFO: Function: int main(int, char **) Line: 142: NET/OFI Rank 8: Accepting connection from rank 0
INFO: Function: int main(int, char **) Line: 142: NET/OFI Rank 8: Accepting connection from rank 1
INFO: Function: int main(int, char **) Line: 142: NET/OFI Rank 8: Accepting connection from rank 2
INFO: Function: int main(int, char **) Line: 142: NET/OFI Rank 8: Accepting connection from rank 3
INFO: Function: int main(int, char **) Line: 142: NET/OFI Rank 8: Accepting connection from rank 4
INFO: Function: int main(int, char **) Line: 142: NET/OFI Rank 8: Accepting connection from rank 5
INFO: Function: int main(int, char **) Line: 142: NET/OFI Rank 8: Accepting connection from rank 6
INFO: Function: int main(int, char **) Line: 117: NET/OFI Rank 22: Creating listener for rank 25 on dev 3
INFO: Function: int main(int, char **) Line: 117: NET/OFI Rank 22: Creating listener for rank 26 on dev 3
INFO: Function: int main(int, char **) Line: 117: NET/OFI Rank 24: Creating listener for rank 27 on dev 0
INFO: Function: int main(int, char **) Line: 117: NET/OFI Rank 1: Creating listener for rank 7 on dev 0
INFO: Function: int main(int, char **) Line: 117: NET/OFI Rank 1: Creating listener for rank 8 on dev 0
INFO: Function: int main(int, char **) Line: 117: NET/OFI Rank 1: Creating listener for rank 9 on dev 0
INFO: Function: int main(int, char **) Line: 117: NET/OFI Rank 1: Creating listener for rank 10 on dev 0
INFO: Function: int main(int, char **) Line: 117: NET/OFI Rank 1: Creating listener for rank 11 on dev 0
INFO: Function: int main(int, char **) Line: 117: NET/OFI Rank 1: Creating listener for rank 12 on dev 0
INFO: Function: int main(int, char **) Line: 117: NET/OFI Rank 1: Creating listener for rank 13 on dev 0
INFO: Function: int main(int, char **) Line: 117: NET/OFI Rank 1: Creating listener for rank 14 on dev 0
INFO: Function: int main(int, char **) Line: 117: NET/OFI Rank 1: Creating listener for rank 15 on dev 0
INFO: Function: int main(int, char **) Line: 142: NET/OFI Rank 8: Accepting connection from rank 7
INFO: Function: int main(int, char **) Line: 142: NET/OFI Rank 8: Accepting connection from rank 9
INFO: Function: int main(int, char **) Line: 117: NET/OFI Rank 22: Creating listener for rank 27 on dev 3
INFO: Function: int main(int, char **) Line: 117: NET/OFI Rank 24: Creating listener for rank 28 on dev 0
INFO: Function: int main(int, char **) Line: 117: NET/OFI Rank 24: Creating listener for rank 29 on dev 0
INFO: Function: int main(int, char **) Line: 117: NET/OFI Rank 24: Creating listener for rank 30 on dev 0
INFO: Function: int main(int, char **) Line: 117: NET/OFI Rank 24: Creating listener for rank 31 on dev 0
INFO: Function: int main(int, char **) Line: 132: NET/OFI Rank 24: Connecting to rank 0
INFO: Function: int main(int, char **) Line: 132: NET/OFI Rank 24: Connecting to rank 1
INFO: Function: int main(int, char **) Line: 132: NET/OFI Rank 24: Connecting to rank 2
INFO: Function: int main(int, char **) Line: 132: NET/OFI Rank 24: Connecting to rank 3
INFO: Function: int main(int, char **) Line: 132: NET/OFI Rank 24: Connecting to rank 4
INFO: Function: int main(int, char **) Line: 132: NET/OFI Rank 24: Connecting to rank 5
INFO: Function: int main(int, char **) Line: 117: NET/OFI Rank 1: Creating listener for rank 16 on dev 0
INFO: Function: int main(int, char **) Line: 117: NET/OFI Rank 1: Creating listener for rank 17 on dev 0
INFO: Function: int main(int, char **) Line: 117: NET/OFI Rank 1: Creating listener for rank 18 on dev 0
INFO: Function: int main(int, char **) Line: 117: NET/OFI Rank 1: Creating listener for rank 19 on dev 0
INFO: Function: int main(int, char **) Line: 117: NET/OFI Rank 1: Creating listener for rank 20 on dev 0
INFO: Function: int main(int, char **) Line: 117: NET/OFI Rank 1: Creating listener for rank 21 on dev 0
INFO: Function: int main(int, char **) Line: 117: NET/OFI Rank 1: Creating listener for rank 22 on dev 0
INFO: Function: int main(int, char **) Line: 117: NET/OFI Rank 1: Creating listener for rank 23 on dev 0
INFO: Function: int main(int, char **) Line: 117: NET/OFI Rank 1: Creating listener for rank 24 on dev 0
INFO: Function: int main(int, char **) Line: 117: NET/OFI Rank 9: Creating listener for rank 28 on dev 0
INFO: Function: int main(int, char **) Line: 117: NET/OFI Rank 9: Creating listener for rank 29 on dev 0
INFO: Function: int main(int, char **) Line: 117: NET/OFI Rank 9: Creating listener for rank 30 on dev 0
INFO: Function: int main(int, char **) Line: 117: NET/OFI Rank 9: Creating listener for rank 31 on dev 0
INFO: Function: int main(int, char **) Line: 132: NET/OFI Rank 9: Connecting to rank 0
INFO: Function: int main(int, char **) Line: 132: NET/OFI Rank 9: Connecting to rank 1
INFO: Function: int main(int, char **) Line: 132: NET/OFI Rank 9: Connecting to rank 2
INFO: Function: int main(int, char **) Line: 132: NET/OFI Rank 9: Connecting to rank 3
INFO: Function: int main(int, char **) Line: 132: NET/OFI Rank 9: Connecting to rank 4
INFO: Function: int main(int, char **) Line: 132: NET/OFI Rank 9: Connecting to rank 5
TRACE: Function: void print_dev_props(int, ncclNetProperties_t *) Line: 79: NET/OFI ****************** Device 3 Properties ******************
TRACE: Function: void print_dev_props(int, ncclNetProperties_t *) Line: 80: NET/OFI cxi3: PCIe Path: /sys/devices/pci0000:dc/0000:dc:01.1/0000:dd:00.0
TRACE: Function: void print_dev_props(int, ncclNetProperties_t *) Line: 81: NET/OFI cxi3: Plugin Support: 3
TRACE: Function: void print_dev_props(int, ncclNetProperties_t *) Line: 82: NET/OFI cxi3: Device GUID: 3
TRACE: Function: void print_dev_props(int, ncclNetProperties_t *) Line: 83: NET/OFI cxi3: Device Speed: 200000000
TRACE: Function: void print_dev_props(int, ncclNetProperties_t *) Line: 84: NET/OFI cxi3: Device Port: 1
TRACE: Function: void print_dev_props(int, ncclNetProperties_t *) Line: 85: NET/OFI cxi3: Device Maximum Communicators: 128
TRACE: Function: void print_dev_props(int, ncclNetProperties_t *) Line: 87: NET/OFI cxi3: Device Maximum Grouped Receives: 1
INFO: Function: int main(int, char **) Line: 132: NET/OFI Rank 24: Connecting to rank 6
INFO: Function: int main(int, char **) Line: 132: NET/OFI Rank 24: Connecting to rank 7
INFO: Function: int main(int, char **) Line: 132: NET/OFI Rank 24: Connecting to rank 8
INFO: Function: int main(int, char **) Line: 132: NET/OFI Rank 24: Connecting to rank 9
INFO: Function: int main(int, char **) Line: 132: NET/OFI Rank 24: Connecting to rank 10
INFO: Function: int main(int, char **) Line: 132: NET/OFI Rank 24: Connecting to rank 11
INFO: Function: int main(int, char **) Line: 132: NET/OFI Rank 24: Connecting to rank 12
INFO: Function: int main(int, char **) Line: 132: NET/OFI Rank 24: Connecting to rank 13
INFO: Function: int main(int, char **) Line: 132: NET/OFI Rank 24: Connecting to rank 14
INFO: Function: int main(int, char **) Line: 132: NET/OFI Rank 24: Connecting to rank 15
INFO: Function: int main(int, char **) Line: 132: NET/OFI Rank 24: Connecting to rank 16
INFO: Function: int main(int, char **) Line: 117: NET/OFI Rank 1: Creating listener for rank 25 on dev 0
INFO: Function: int main(int, char **) Line: 117: NET/OFI Rank 1: Creating listener for rank 26 on dev 0
INFO: Function: int main(int, char **) Line: 132: NET/OFI Rank 9: Connecting to rank 6
INFO: Function: int main(int, char **) Line: 132: NET/OFI Rank 9: Connecting to rank 7
INFO: Function: int main(int, char **) Line: 132: NET/OFI Rank 9: Connecting to rank 8
INFO: Function: int main(int, char **) Line: 132: NET/OFI Rank 9: Connecting to rank 10
INFO: Function: int main(int, char **) Line: 132: NET/OFI Rank 9: Connecting to rank 11
INFO: Function: int main(int, char **) Line: 132: NET/OFI Rank 9: Connecting to rank 12
INFO: Function: int main(int, char **) Line: 132: NET/OFI Rank 9: Connecting to rank 13
INFO: Function: int main(int, char **) Line: 132: NET/OFI Rank 9: Connecting to rank 14
INFO: Function: int main(int, char **) Line: 132: NET/OFI Rank 9: Connecting to rank 15
INFO: Function: int main(int, char **) Line: 132: NET/OFI Rank 9: Connecting to rank 16
INFO: Function: int main(int, char **) Line: 132: NET/OFI Rank 9: Connecting to rank 17
INFO: Function: int main(int, char **) Line: 95: NET/OFI Rank 23: local_rank=7, cuda_dev=7, net_dev=3, hostname=frontier01536
INFO: Function: int main(int, char **) Line: 99: NET/OFI Network supports communication using CUDA buffers. Dev: 3
INFO: Function: int main(int, char **) Line: 117: NET/OFI Rank 23: Creating listener for rank 0 on dev 3
TRACE: Function: ncclResult_t create_nccl_ofi_comp_for_dev(int, struct fi_info *) Line: 922: NET/OFI OFI component #3 is created
INFO: Function: int main(int, char **) Line: 117: NET/OFI Rank 23: Creating listener for rank 1 on dev 3
INFO: Function: int main(int, char **) Line: 117: NET/OFI Rank 23: Creating listener for rank 2 on dev 3
INFO: Function: int main(int, char **) Line: 117: NET/OFI Rank 23: Creating listener for rank 3 on dev 3
INFO: Function: int main(int, char **) Line: 117: NET/OFI Rank 23: Creating listener for rank 4 on dev 3
INFO: Function: int main(int, char **) Line: 117: NET/OFI Rank 23: Creating listener for rank 5 on dev 3
INFO: Function: int main(int, char **) Line: 132: NET/OFI Rank 24: Connecting to rank 17
INFO: Function: int main(int, char **) Line: 132: NET/OFI Rank 24: Connecting to rank 18
INFO: Function: int main(int, char **) Line: 132: NET/OFI Rank 24: Connecting to rank 19
INFO: Function: int main(int, char **) Line: 132: NET/OFI Rank 24: Connecting to rank 20
INFO: Function: int main(int, char **) Line: 132: NET/OFI Rank 24: Connecting to rank 21
INFO: Function: int main(int, char **) Line: 132: NET/OFI Rank 24: Connecting to rank 22
INFO: Function: int main(int, char **) Line: 132: NET/OFI Rank 24: Connecting to rank 23
INFO: Function: int main(int, char **) Line: 132: NET/OFI Rank 24: Connecting to rank 25
INFO: Function: int main(int, char **) Line: 132: NET/OFI Rank 24: Connecting to rank 26
INFO: Function: int main(int, char **) Line: 132: NET/OFI Rank 24: Connecting to rank 27
INFO: Function: int main(int, char **) Line: 132: NET/OFI Rank 24: Connecting to rank 28
INFO: Function: int main(int, char **) Line: 117: NET/OFI Rank 3: Creating listener for rank 27 on dev 1
INFO: Function: int main(int, char **) Line: 132: NET/OFI Rank 9: Connecting to rank 18
INFO: Function: int main(int, char **) Line: 132: NET/OFI Rank 9: Connecting to rank 19
INFO: Function: int main(int, char **) Line: 132: NET/OFI Rank 9: Connecting to rank 20
INFO: Function: int main(int, char **) Line: 132: NET/OFI Rank 9: Connecting to rank 21
INFO: Function: int main(int, char **) Line: 132: NET/OFI Rank 9: Connecting to rank 22
INFO: Function: int main(int, char **) Line: 132: NET/OFI Rank 9: Connecting to rank 23
INFO: Function: int main(int, char **) Line: 132: NET/OFI Rank 9: Connecting to rank 24
INFO: Function: int main(int, char **) Line: 132: NET/OFI Rank 9: Connecting to rank 25
INFO: Function: int main(int, char **) Line: 132: NET/OFI Rank 9: Connecting to rank 26
INFO: Function: int main(int, char **) Line: 132: NET/OFI Rank 9: Connecting to rank 27
INFO: Function: int main(int, char **) Line: 132: NET/OFI Rank 9: Connecting to rank 28
INFO: Function: int main(int, char **) Line: 117: NET/OFI Rank 23: Creating listener for rank 6 on dev 3
INFO: Function: int main(int, char **) Line: 117: NET/OFI Rank 23: Creating listener for rank 7 on dev 3
INFO: Function: int main(int, char **) Line: 117: NET/OFI Rank 23: Creating listener for rank 8 on dev 3
INFO: Function: int main(int, char **) Line: 117: NET/OFI Rank 23: Creating listener for rank 9 on dev 3
INFO: Function: int main(int, char **) Line: 117: NET/OFI Rank 23: Creating listener for rank 10 on dev 3
INFO: Function: int main(int, char **) Line: 117: NET/OFI Rank 23: Creating listener for rank 11 on dev 3
INFO: Function: int main(int, char **) Line: 117: NET/OFI Rank 23: Creating listener for rank 12 on dev 3
INFO: Function: int main(int, char **) Line: 117: NET/OFI Rank 23: Creating listener for rank 13 on dev 3
INFO: Function: int main(int, char **) Line: 117: NET/OFI Rank 23: Creating listener for rank 14 on dev 3
INFO: Function: int main(int, char **) Line: 132: NET/OFI Rank 24: Connecting to rank 29
INFO: Function: int main(int, char **) Line: 132: NET/OFI Rank 24: Connecting to rank 30
INFO: Function: int main(int, char **) Line: 132: NET/OFI Rank 24: Connecting to rank 31
INFO: Function: int main(int, char **) Line: 142: NET/OFI Rank 24: Accepting connection from rank 0
INFO: Function: int main(int, char **) Line: 142: NET/OFI Rank 24: Accepting connection from rank 1
INFO: Function: int main(int, char **) Line: 142: NET/OFI Rank 24: Accepting connection from rank 2
INFO: Function: int main(int, char **) Line: 142: NET/OFI Rank 24: Accepting connection from rank 3
INFO: Function: int main(int, char **) Line: 142: NET/OFI Rank 24: Accepting connection from rank 4
INFO: Function: int main(int, char **) Line: 142: NET/OFI Rank 24: Accepting connection from rank 5
INFO: Function: int main(int, char **) Line: 142: NET/OFI Rank 24: Accepting connection from rank 6
INFO: Function: int main(int, char **) Line: 117: NET/OFI Rank 1: Creating listener for rank 27 on dev 0
INFO: Function: int main(int, char **) Line: 132: NET/OFI Rank 9: Connecting to rank 29
INFO: Function: int main(int, char **) Line: 132: NET/OFI Rank 9: Connecting to rank 30
INFO: Function: int main(int, char **) Line: 132: NET/OFI Rank 9: Connecting to rank 31
INFO: Function: int main(int, char **) Line: 142: NET/OFI Rank 9: Accepting connection from rank 0
INFO: Function: int main(int, char **) Line: 142: NET/OFI Rank 9: Accepting connection from rank 1
INFO: Function: int main(int, char **) Line: 142: NET/OFI Rank 9: Accepting connection from rank 2
INFO: Function: int main(int, char **) Line: 142: NET/OFI Rank 9: Accepting connection from rank 3
INFO: Function: int main(int, char **) Line: 142: NET/OFI Rank 9: Accepting connection from rank 4
INFO: Function: int main(int, char **) Line: 142: NET/OFI Rank 9: Accepting connection from rank 5
INFO: Function: int main(int, char **) Line: 142: NET/OFI Rank 9: Accepting connection from rank 6
INFO: Function: int main(int, char **) Line: 117: NET/OFI Rank 23: Creating listener for rank 15 on dev 3
INFO: Function: int main(int, char **) Line: 117: NET/OFI Rank 23: Creating listener for rank 16 on dev 3
INFO: Function: int main(int, char **) Line: 117: NET/OFI Rank 23: Creating listener for rank 17 on dev 3
INFO: Function: int main(int, char **) Line: 117: NET/OFI Rank 23: Creating listener for rank 18 on dev 3
INFO: Function: int main(int, char **) Line: 117: NET/OFI Rank 23: Creating listener for rank 19 on dev 3
INFO: Function: int main(int, char **) Line: 117: NET/OFI Rank 23: Creating listener for rank 20 on dev 3
INFO: Function: int main(int, char **) Line: 117: NET/OFI Rank 23: Creating listener for rank 21 on dev 3
INFO: Function: int main(int, char **) Line: 117: NET/OFI Rank 23: Creating listener for rank 22 on dev 3
INFO: Function: int main(int, char **) Line: 117: NET/OFI Rank 23: Creating listener for rank 24 on dev 3
INFO: Function: int main(int, char **) Line: 142: NET/OFI Rank 24: Accepting connection from rank 7
INFO: Function: int main(int, char **) Line: 142: NET/OFI Rank 24: Accepting connection from rank 8
INFO: Function: int main(int, char **) Line: 117: NET/OFI Rank 0: Creating listener for rank 28 on dev 0
INFO: Function: int main(int, char **) Line: 117: NET/OFI Rank 0: Creating listener for rank 29 on dev 0
INFO: Function: int main(int, char **) Line: 117: NET/OFI Rank 0: Creating listener for rank 30 on dev 0
INFO: Function: int main(int, char **) Line: 117: NET/OFI Rank 0: Creating listener for rank 31 on dev 0
INFO: Function: int main(int, char **) Line: 132: NET/OFI Rank 0: Connecting to rank 1
INFO: Function: int main(int, char **) Line: 132: NET/OFI Rank 0: Connecting to rank 2
INFO: Function: int main(int, char **) Line: 132: NET/OFI Rank 0: Connecting to rank 3
INFO: Function: int main(int, char **) Line: 132: NET/OFI Rank 0: Connecting to rank 4
INFO: Function: int main(int, char **) Line: 132: NET/OFI Rank 0: Connecting to rank 5
INFO: Function: int main(int, char **) Line: 132: NET/OFI Rank 0: Connecting to rank 6
INFO: Function: int main(int, char **) Line: 142: NET/OFI Rank 9: Accepting connection from rank 7
INFO: Function: int main(int, char **) Line: 142: NET/OFI Rank 9: Accepting connection from rank 8
INFO: Function: int main(int, char **) Line: 117: NET/OFI Rank 23: Creating listener for rank 25 on dev 3
INFO: Function: int main(int, char **) Line: 117: NET/OFI Rank 23: Creating listener for rank 26 on dev 3
INFO: Function: int main(int, char **) Line: 117: NET/OFI Rank 25: Creating listener for rank 28 on dev 0
INFO: Function: int main(int, char **) Line: 117: NET/OFI Rank 25: Creating listener for rank 29 on dev 0
INFO: Function: int main(int, char **) Line: 117: NET/OFI Rank 25: Creating listener for rank 30 on dev 0
INFO: Function: int main(int, char **) Line: 117: NET/OFI Rank 25: Creating listener for rank 31 on dev 0
INFO: Function: int main(int, char **) Line: 132: NET/OFI Rank 25: Connecting to rank 0
INFO: Function: int main(int, char **) Line: 132: NET/OFI Rank 25: Connecting to rank 1
INFO: Function: int main(int, char **) Line: 132: NET/OFI Rank 25: Connecting to rank 2
INFO: Function: int main(int, char **) Line: 132: NET/OFI Rank 25: Connecting to rank 3
INFO: Function: int main(int, char **) Line: 132: NET/OFI Rank 25: Connecting to rank 4
INFO: Function: int main(int, char **) Line: 132: NET/OFI Rank 25: Connecting to rank 5
INFO: Function: int main(int, char **) Line: 132: NET/OFI Rank 0: Connecting to rank 7
INFO: Function: int main(int, char **) Line: 132: NET/OFI Rank 0: Connecting to rank 8
INFO: Function: int main(int, char **) Line: 132: NET/OFI Rank 0: Connecting to rank 9
INFO: Function: int main(int, char **) Line: 132: NET/OFI Rank 0: Connecting to rank 10
INFO: Function: int main(int, char **) Line: 132: NET/OFI Rank 0: Connecting to rank 11
INFO: Function: int main(int, char **) Line: 132: NET/OFI Rank 0: Connecting to rank 12
INFO: Function: int main(int, char **) Line: 132: NET/OFI Rank 0: Connecting to rank 13
INFO: Function: int main(int, char **) Line: 132: NET/OFI Rank 0: Connecting to rank 14
INFO: Function: int main(int, char **) Line: 132: NET/OFI Rank 0: Connecting to rank 15
INFO: Function: int main(int, char **) Line: 132: NET/OFI Rank 0: Connecting to rank 16
INFO: Function: int main(int, char **) Line: 132: NET/OFI Rank 0: Connecting to rank 17
INFO: Function: int main(int, char **) Line: 117: NET/OFI Rank 10: Creating listener for rank 28 on dev 1
INFO: Function: int main(int, char **) Line: 117: NET/OFI Rank 10: Creating listener for rank 29 on dev 1
INFO: Function: int main(int, char **) Line: 117: NET/OFI Rank 10: Creating listener for rank 30 on dev 1
INFO: Function: int main(int, char **) Line: 117: NET/OFI Rank 10: Creating listener for rank 31 on dev 1
INFO: Function: int main(int, char **) Line: 132: NET/OFI Rank 10: Connecting to rank 0
INFO: Function: int main(int, char **) Line: 132: NET/OFI Rank 10: Connecting to rank 1
INFO: Function: int main(int, char **) Line: 132: NET/OFI Rank 10: Connecting to rank 2
INFO: Function: int main(int, char **) Line: 132: NET/OFI Rank 10: Connecting to rank 3
INFO: Function: int main(int, char **) Line: 132: NET/OFI Rank 10: Connecting to rank 4
INFO: Function: int main(int, char **) Line: 132: NET/OFI Rank 10: Connecting to rank 5
INFO: Function: int main(int, char **) Line: 117: NET/OFI Rank 23: Creating listener for rank 27 on dev 3
INFO: Function: int main(int, char **) Line: 132: NET/OFI Rank 25: Connecting to rank 6
INFO: Function: int main(int, char **) Line: 132: NET/OFI Rank 25: Connecting to rank 7
INFO: Function: int main(int, char **) Line: 132: NET/OFI Rank 25: Connecting to rank 8
INFO: Function: int main(int, char **) Line: 132: NET/OFI Rank 25: Connecting to rank 9
INFO: Function: int main(int, char **) Line: 132: NET/OFI Rank 25: Connecting to rank 10
INFO: Function: int main(int, char **) Line: 132: NET/OFI Rank 25: Connecting to rank 11
INFO: Function: int main(int, char **) Line: 132: NET/OFI Rank 25: Connecting to rank 12
INFO: Function: int main(int, char **) Line: 132: NET/OFI Rank 25: Connecting to rank 13
INFO: Function: int main(int, char **) Line: 132: NET/OFI Rank 25: Connecting to rank 14
INFO: Function: int main(int, char **) Line: 132: NET/OFI Rank 25: Connecting to rank 15
INFO: Function: int main(int, char **) Line: 132: NET/OFI Rank 25: Connecting to rank 16
INFO: Function: int main(int, char **) Line: 132: NET/OFI Rank 0: Connecting to rank 18
INFO: Function: int main(int, char **) Line: 132: NET/OFI Rank 0: Connecting to rank 19
INFO: Function: int main(int, char **) Line: 132: NET/OFI Rank 0: Connecting to rank 20
INFO: Function: int main(int, char **) Line: 132: NET/OFI Rank 0: Connecting to rank 21
INFO: Function: int main(int, char **) Line: 132: NET/OFI Rank 0: Connecting to rank 22
INFO: Function: int main(int, char **) Line: 132: NET/OFI Rank 0: Connecting to rank 23
INFO: Function: int main(int, char **) Line: 132: NET/OFI Rank 0: Connecting to rank 24
INFO: Function: int main(int, char **) Line: 132: NET/OFI Rank 0: Connecting to rank 25
INFO: Function: int main(int, char **) Line: 132: NET/OFI Rank 0: Connecting to rank 26
INFO: Function: int main(int, char **) Line: 132: NET/OFI Rank 0: Connecting to rank 27
INFO: Function: int main(int, char **) Line: 132: NET/OFI Rank 0: Connecting to rank 28
INFO: Function: int main(int, char **) Line: 132: NET/OFI Rank 10: Connecting to rank 6
INFO: Function: int main(int, char **) Line: 132: NET/OFI Rank 10: Connecting to rank 7
INFO: Function: int main(int, char **) Line: 132: NET/OFI Rank 10: Connecting to rank 8
INFO: Function: int main(int, char **) Line: 132: NET/OFI Rank 10: Connecting to rank 9
INFO: Function: int main(int, char **) Line: 132: NET/OFI Rank 10: Connecting to rank 11
INFO: Function: int main(int, char **) Line: 132: NET/OFI Rank 10: Connecting to rank 12
INFO: Function: int main(int, char **) Line: 132: NET/OFI Rank 10: Connecting to rank 13
INFO: Function: int main(int, char **) Line: 132: NET/OFI Rank 10: Connecting to rank 14
INFO: Function: int main(int, char **) Line: 132: NET/OFI Rank 10: Connecting to rank 15
INFO: Function: int main(int, char **) Line: 132: NET/OFI Rank 10: Connecting to rank 16
INFO: Function: int main(int, char **) Line: 132: NET/OFI Rank 10: Connecting to rank 17
INFO: Function: int main(int, char **) Line: 117: NET/OFI Rank 16: Creating listener for rank 28 on dev 0
INFO: Function: int main(int, char **) Line: 117: NET/OFI Rank 16: Creating listener for rank 29 on dev 0
INFO: Function: int main(int, char **) Line: 117: NET/OFI Rank 16: Creating listener for rank 30 on dev 0
INFO: Function: int main(int, char **) Line: 117: NET/OFI Rank 16: Creating listener for rank 31 on dev 0
INFO: Function: int main(int, char **) Line: 132: NET/OFI Rank 16: Connecting to rank 0
INFO: Function: int main(int, char **) Line: 132: NET/OFI Rank 16: Connecting to rank 1
INFO: Function: int main(int, char **) Line: 132: NET/OFI Rank 16: Connecting to rank 2
INFO: Function: int main(int, char **) Line: 132: NET/OFI Rank 16: Connecting to rank 3
INFO: Function: int main(int, char **) Line: 132: NET/OFI Rank 16: Connecting to rank 4
INFO: Function: int main(int, char **) Line: 132: NET/OFI Rank 16: Connecting to rank 5
INFO: Function: int main(int, char **) Line: 132: NET/OFI Rank 25: Connecting to rank 17
INFO: Function: int main(int, char **) Line: 132: NET/OFI Rank 25: Connecting to rank 18
INFO: Function: int main(int, char **) Line: 132: NET/OFI Rank 25: Connecting to rank 19
INFO: Function: int main(int, char **) Line: 132: NET/OFI Rank 25: Connecting to rank 20
INFO: Function: int main(int, char **) Line: 132: NET/OFI Rank 25: Connecting to rank 21
INFO: Function: int main(int, char **) Line: 132: NET/OFI Rank 25: Connecting to rank 22
INFO: Function: int main(int, char **) Line: 132: NET/OFI Rank 25: Connecting to rank 23
INFO: Function: int main(int, char **) Line: 132: NET/OFI Rank 25: Connecting to rank 24
INFO: Function: int main(int, char **) Line: 132: NET/OFI Rank 25: Connecting to rank 26
INFO: Function: int main(int, char **) Line: 132: NET/OFI Rank 25: Connecting to rank 27
INFO: Function: int main(int, char **) Line: 132: NET/OFI Rank 25: Connecting to rank 28
INFO: Function: int main(int, char **) Line: 132: NET/OFI Rank 0: Connecting to rank 29
INFO: Function: int main(int, char **) Line: 132: NET/OFI Rank 0: Connecting to rank 30
INFO: Function: int main(int, char **) Line: 132: NET/OFI Rank 0: Connecting to rank 31
INFO: Function: int main(int, char **) Line: 142: NET/OFI Rank 0: Accepting connection from rank 1
INFO: Function: int main(int, char **) Line: 142: NET/OFI Rank 0: Accepting connection from rank 2
INFO: Function: int main(int, char **) Line: 142: NET/OFI Rank 0: Accepting connection from rank 3
INFO: Function: int main(int, char **) Line: 142: NET/OFI Rank 0: Accepting connection from rank 4
INFO: Function: int main(int, char **) Line: 142: NET/OFI Rank 0: Accepting connection from rank 5
INFO: Function: int main(int, char **) Line: 142: NET/OFI Rank 0: Accepting connection from rank 6
INFO: Function: int main(int, char **) Line: 142: NET/OFI Rank 0: Accepting connection from rank 7
INFO: Function: int main(int, char **) Line: 132: NET/OFI Rank 10: Connecting to rank 18
INFO: Function: int main(int, char **) Line: 132: NET/OFI Rank 10: Connecting to rank 19
INFO: Function: int main(int, char **) Line: 132: NET/OFI Rank 10: Connecting to rank 20
INFO: Function: int main(int, char **) Line: 132: NET/OFI Rank 10: Connecting to rank 21
INFO: Function: int main(int, char **) Line: 132: NET/OFI Rank 10: Connecting to rank 22
INFO: Function: int main(int, char **) Line: 132: NET/OFI Rank 10: Connecting to rank 23
INFO: Function: int main(int, char **) Line: 132: NET/OFI Rank 10: Connecting to rank 24
INFO: Function: int main(int, char **) Line: 132: NET/OFI Rank 10: Connecting to rank 25
INFO: Function: int main(int, char **) Line: 132: NET/OFI Rank 10: Connecting to rank 26
INFO: Function: int main(int, char **) Line: 132: NET/OFI Rank 10: Connecting to rank 27
INFO: Function: int main(int, char **) Line: 132: NET/OFI Rank 10: Connecting to rank 28
INFO: Function: int main(int, char **) Line: 132: NET/OFI Rank 16: Connecting to rank 6
INFO: Function: int main(int, char **) Line: 132: NET/OFI Rank 16: Connecting to rank 7
INFO: Function: int main(int, char **) Line: 132: NET/OFI Rank 16: Connecting to rank 8
INFO: Function: int main(int, char **) Line: 132: NET/OFI Rank 16: Connecting to rank 9
INFO: Function: int main(int, char **) Line: 132: NET/OFI Rank 16: Connecting to rank 10
INFO: Function: int main(int, char **) Line: 132: NET/OFI Rank 16: Connecting to rank 11
INFO: Function: int main(int, char **) Line: 132: NET/OFI Rank 16: Connecting to rank 12
INFO: Function: int main(int, char **) Line: 132: NET/OFI Rank 16: Connecting to rank 13
INFO: Function: int main(int, char **) Line: 132: NET/OFI Rank 16: Connecting to rank 14
INFO: Function: int main(int, char **) Line: 132: NET/OFI Rank 16: Connecting to rank 15
INFO: Function: int main(int, char **) Line: 132: NET/OFI Rank 16: Connecting to rank 17
INFO: Function: int main(int, char **) Line: 132: NET/OFI Rank 25: Connecting to rank 29
INFO: Function: int main(int, char **) Line: 132: NET/OFI Rank 25: Connecting to rank 30
INFO: Function: int main(int, char **) Line: 132: NET/OFI Rank 25: Connecting to rank 31
INFO: Function: int main(int, char **) Line: 142: NET/OFI Rank 25: Accepting connection from rank 0
INFO: Function: int main(int, char **) Line: 142: NET/OFI Rank 25: Accepting connection from rank 1
INFO: Function: int main(int, char **) Line: 142: NET/OFI Rank 25: Accepting connection from rank 2
INFO: Function: int main(int, char **) Line: 142: NET/OFI Rank 25: Accepting connection from rank 3
INFO: Function: int main(int, char **) Line: 142: NET/OFI Rank 25: Accepting connection from rank 4
INFO: Function: int main(int, char **) Line: 142: NET/OFI Rank 25: Accepting connection from rank 5
INFO: Function: int main(int, char **) Line: 142: NET/OFI Rank 25: Accepting connection from rank 6
INFO: Function: int main(int, char **) Line: 142: NET/OFI Rank 0: Accepting connection from rank 8
INFO: Function: int main(int, char **) Line: 142: NET/OFI Rank 0: Accepting connection from rank 9
INFO: Function: int main(int, char **) Line: 132: NET/OFI Rank 10: Connecting to rank 29
INFO: Function: int main(int, char **) Line: 132: NET/OFI Rank 10: Connecting to rank 30
INFO: Function: int main(int, char **) Line: 132: NET/OFI Rank 10: Connecting to rank 31
INFO: Function: int main(int, char **) Line: 142: NET/OFI Rank 10: Accepting connection from rank 0
INFO: Function: int main(int, char **) Line: 142: NET/OFI Rank 10: Accepting connection from rank 1
INFO: Function: int main(int, char **) Line: 142: NET/OFI Rank 10: Accepting connection from rank 2
INFO: Function: int main(int, char **) Line: 142: NET/OFI Rank 10: Accepting connection from rank 3
INFO: Function: int main(int, char **) Line: 142: NET/OFI Rank 10: Accepting connection from rank 4
INFO: Function: int main(int, char **) Line: 142: NET/OFI Rank 10: Accepting connection from rank 5
INFO: Function: int main(int, char **) Line: 142: NET/OFI Rank 10: Accepting connection from rank 6
INFO: Function: int main(int, char **) Line: 132: NET/OFI Rank 16: Connecting to rank 18
INFO: Function: int main(int, char **) Line: 132: NET/OFI Rank 16: Connecting to rank 19
INFO: Function: int main(int, char **) Line: 132: NET/OFI Rank 16: Connecting to rank 20
INFO: Function: int main(int, char **) Line: 132: NET/OFI Rank 16: Connecting to rank 21
INFO: Function: int main(int, char **) Line: 132: NET/OFI Rank 16: Connecting to rank 22
INFO: Function: int main(int, char **) Line: 132: NET/OFI Rank 16: Connecting to rank 23
INFO: Function: int main(int, char **) Line: 132: NET/OFI Rank 16: Connecting to rank 24
INFO: Function: int main(int, char **) Line: 132: NET/OFI Rank 16: Connecting to rank 25
INFO: Function: int main(int, char **) Line: 132: NET/OFI Rank 16: Connecting to rank 26
INFO: Function: int main(int, char **) Line: 132: NET/OFI Rank 16: Connecting to rank 27
INFO: Function: int main(int, char **) Line: 132: NET/OFI Rank 16: Connecting to rank 28
INFO: Function: int main(int, char **) Line: 142: NET/OFI Rank 25: Accepting connection from rank 7
INFO: Function: int main(int, char **) Line: 142: NET/OFI Rank 25: Accepting connection from rank 8
INFO: Function: int main(int, char **) Line: 117: NET/OFI Rank 1: Creating listener for rank 28 on dev 0
INFO: Function: int main(int, char **) Line: 117: NET/OFI Rank 1: Creating listener for rank 29 on dev 0
INFO: Function: int main(int, char **) Line: 117: NET/OFI Rank 1: Creating listener for rank 30 on dev 0
INFO: Function: int main(int, char **) Line: 117: NET/OFI Rank 1: Creating listener for rank 31 on dev 0
INFO: Function: int main(int, char **) Line: 132: NET/OFI Rank 1: Connecting to rank 0
INFO: Function: int main(int, char **) Line: 132: NET/OFI Rank 1: Connecting to rank 2
INFO: Function: int main(int, char **) Line: 132: NET/OFI Rank 1: Connecting to rank 3
INFO: Function: int main(int, char **) Line: 132: NET/OFI Rank 1: Connecting to rank 4
INFO: Function: int main(int, char **) Line: 132: NET/OFI Rank 1: Connecting to rank 5
INFO: Function: int main(int, char **) Line: 132: NET/OFI Rank 1: Connecting to rank 6
INFO: Function: int main(int, char **) Line: 142: NET/OFI Rank 10: Accepting connection from rank 7
INFO: Function: int main(int, char **) Line: 142: NET/OFI Rank 10: Accepting connection from rank 8
INFO: Function: int main(int, char **) Line: 132: NET/OFI Rank 16: Connecting to rank 29
INFO: Function: int main(int, char **) Line: 132: NET/OFI Rank 16: Connecting to rank 30
INFO: Function: int main(int, char **) Line: 132: NET/OFI Rank 16: Connecting to rank 31
INFO: Function: int main(int, char **) Line: 142: NET/OFI Rank 16: Accepting connection from rank 0
INFO: Function: int main(int, char **) Line: 142: NET/OFI Rank 16: Accepting connection from rank 1
INFO: Function: int main(int, char **) Line: 142: NET/OFI Rank 16: Accepting connection from rank 2
INFO: Function: int main(int, char **) Line: 142: NET/OFI Rank 16: Accepting connection from rank 3
INFO: Function: int main(int, char **) Line: 142: NET/OFI Rank 16: Accepting connection from rank 4
INFO: Function: int main(int, char **) Line: 142: NET/OFI Rank 16: Accepting connection from rank 5
INFO: Function: int main(int, char **) Line: 142: NET/OFI Rank 16: Accepting connection from rank 6
INFO: Function: int main(int, char **) Line: 117: NET/OFI Rank 26: Creating listener for rank 28 on dev 1
INFO: Function: int main(int, char **) Line: 117: NET/OFI Rank 26: Creating listener for rank 29 on dev 1
INFO: Function: int main(int, char **) Line: 117: NET/OFI Rank 26: Creating listener for rank 30 on dev 1
INFO: Function: int main(int, char **) Line: 117: NET/OFI Rank 26: Creating listener for rank 31 on dev 1
INFO: Function: int main(int, char **) Line: 132: NET/OFI Rank 26: Connecting to rank 0
INFO: Function: int main(int, char **) Line: 132: NET/OFI Rank 26: Connecting to rank 1
INFO: Function: int main(int, char **) Line: 132: NET/OFI Rank 26: Connecting to rank 2
INFO: Function: int main(int, char **) Line: 132: NET/OFI Rank 26: Connecting to rank 3
INFO: Function: int main(int, char **) Line: 132: NET/OFI Rank 26: Connecting to rank 4
INFO: Function: int main(int, char **) Line: 132: NET/OFI Rank 26: Connecting to rank 5
INFO: Function: int main(int, char **) Line: 132: NET/OFI Rank 1: Connecting to rank 7
INFO: Function: int main(int, char **) Line: 132: NET/OFI Rank 1: Connecting to rank 8
INFO: Function: int main(int, char **) Line: 132: NET/OFI Rank 1: Connecting to rank 9
INFO: Function: int main(int, char **) Line: 132: NET/OFI Rank 1: Connecting to rank 10
INFO: Function: int main(int, char **) Line: 132: NET/OFI Rank 1: Connecting to rank 11
INFO: Function: int main(int, char **) Line: 132: NET/OFI Rank 1: Connecting to rank 12
INFO: Function: int main(int, char **) Line: 132: NET/OFI Rank 1: Connecting to rank 13
INFO: Function: int main(int, char **) Line: 132: NET/OFI Rank 1: Connecting to rank 14
INFO: Function: int main(int, char **) Line: 132: NET/OFI Rank 1: Connecting to rank 15
INFO: Function: int main(int, char **) Line: 132: NET/OFI Rank 1: Connecting to rank 16
INFO: Function: int main(int, char **) Line: 132: NET/OFI Rank 1: Connecting to rank 17
INFO: Function: int main(int, char **) Line: 142: NET/OFI Rank 8: Accepting connection from rank 10
INFO: Function: int main(int, char **) Line: 142: NET/OFI Rank 16: Accepting connection from rank 7
INFO: Function: int main(int, char **) Line: 142: NET/OFI Rank 16: Accepting connection from rank 8
INFO: Function: int main(int, char **) Line: 132: NET/OFI Rank 26: Connecting to rank 6
INFO: Function: int main(int, char **) Line: 132: NET/OFI Rank 26: Connecting to rank 7
INFO: Function: int main(int, char **) Line: 132: NET/OFI Rank 26: Connecting to rank 8
INFO: Function: int main(int, char **) Line: 132: NET/OFI Rank 26: Connecting to rank 9
INFO: Function: int main(int, char **) Line: 132: NET/OFI Rank 26: Connecting to rank 10
INFO: Function: int main(int, char **) Line: 132: NET/OFI Rank 26: Connecting to rank 11
INFO: Function: int main(int, char **) Line: 132: NET/OFI Rank 26: Connecting to rank 12
INFO: Function: int main(int, char **) Line: 132: NET/OFI Rank 26: Connecting to rank 13
INFO: Function: int main(int, char **) Line: 132: NET/OFI Rank 26: Connecting to rank 14
INFO: Function: int main(int, char **) Line: 132: NET/OFI Rank 26: Connecting to rank 15
INFO: Function: int main(int, char **) Line: 132: NET/OFI Rank 26: Connecting to rank 16
INFO: Function: int main(int, char **) Line: 132: NET/OFI Rank 1: Connecting to rank 18
INFO: Function: int main(int, char **) Line: 132: NET/OFI Rank 1: Connecting to rank 19
INFO: Function: int main(int, char **) Line: 132: NET/OFI Rank 1: Connecting to rank 20
INFO: Function: int main(int, char **) Line: 132: NET/OFI Rank 1: Connecting to rank 21
INFO: Function: int main(int, char **) Line: 132: NET/OFI Rank 1: Connecting to rank 22
INFO: Function: int main(int, char **) Line: 132: NET/OFI Rank 1: Connecting to rank 23
INFO: Function: int main(int, char **) Line: 132: NET/OFI Rank 1: Connecting to rank 24
INFO: Function: int main(int, char **) Line: 132: NET/OFI Rank 1: Connecting to rank 25
INFO: Function: int main(int, char **) Line: 132: NET/OFI Rank 1: Connecting to rank 26
INFO: Function: int main(int, char **) Line: 132: NET/OFI Rank 1: Connecting to rank 27
INFO: Function: int main(int, char **) Line: 132: NET/OFI Rank 1: Connecting to rank 28
INFO: Function: int main(int, char **) Line: 142: NET/OFI Rank 9: Accepting connection from rank 10
INFO: Function: int main(int, char **) Line: 117: NET/OFI Rank 17: Creating listener for rank 28 on dev 0
INFO: Function: int main(int, char **) Line: 117: NET/OFI Rank 17: Creating listener for rank 29 on dev 0
INFO: Function: int main(int, char **) Line: 117: NET/OFI Rank 17: Creating listener for rank 30 on dev 0
INFO: Function: int main(int, char **) Line: 117: NET/OFI Rank 17: Creating listener for rank 31 on dev 0
INFO: Function: int main(int, char **) Line: 132: NET/OFI Rank 17: Connecting to rank 0
INFO: Function: int main(int, char **) Line: 132: NET/OFI Rank 17: Connecting to rank 1
INFO: Function: int main(int, char **) Line: 132: NET/OFI Rank 17: Connecting to rank 2
INFO: Function: int main(int, char **) Line: 132: NET/OFI Rank 17: Connecting to rank 3
INFO: Function: int main(int, char **) Line: 132: NET/OFI Rank 17: Connecting to rank 4
INFO: Function: int main(int, char **) Line: 132: NET/OFI Rank 17: Connecting to rank 5
INFO: Function: int main(int, char **) Line: 132: NET/OFI Rank 26: Connecting to rank 17
INFO: Function: int main(int, char **) Line: 132: NET/OFI Rank 26: Connecting to rank 18
INFO: Function: int main(int, char **) Line: 132: NET/OFI Rank 26: Connecting to rank 19
INFO: Function: int main(int, char **) Line: 132: NET/OFI Rank 26: Connecting to rank 20
INFO: Function: int main(int, char **) Line: 132: NET/OFI Rank 26: Connecting to rank 21
INFO: Function: int main(int, char **) Line: 132: NET/OFI Rank 26: Connecting to rank 22
INFO: Function: int main(int, char **) Line: 132: NET/OFI Rank 26: Connecting to rank 23
INFO: Function: int main(int, char **) Line: 132: NET/OFI Rank 26: Connecting to rank 24
INFO: Function: int main(int, char **) Line: 132: NET/OFI Rank 26: Connecting to rank 25
INFO: Function: int main(int, char **) Line: 132: NET/OFI Rank 26: Connecting to rank 27
INFO: Function: int main(int, char **) Line: 132: NET/OFI Rank 26: Connecting to rank 28
INFO: Function: int main(int, char **) Line: 132: NET/OFI Rank 1: Connecting to rank 29
INFO: Function: int main(int, char **) Line: 132: NET/OFI Rank 1: Connecting to rank 30
INFO: Function: int main(int, char **) Line: 132: NET/OFI Rank 1: Connecting to rank 31
INFO: Function: int main(int, char **) Line: 142: NET/OFI Rank 1: Accepting connection from rank 0
INFO: Function: int main(int, char **) Line: 142: NET/OFI Rank 1: Accepting connection from rank 2
INFO: Function: int main(int, char **) Line: 142: NET/OFI Rank 1: Accepting connection from rank 3
INFO: Function: int main(int, char **) Line: 142: NET/OFI Rank 1: Accepting connection from rank 4
INFO: Function: int main(int, char **) Line: 142: NET/OFI Rank 1: Accepting connection from rank 5
INFO: Function: int main(int, char **) Line: 142: NET/OFI Rank 1: Accepting connection from rank 6
INFO: Function: int main(int, char **) Line: 142: NET/OFI Rank 1: Accepting connection from rank 7
INFO: Function: int main(int, char **) Line: 117: NET/OFI Rank 11: Creating listener for rank 28 on dev 1
INFO: Function: int main(int, char **) Line: 117: NET/OFI Rank 11: Creating listener for rank 29 on dev 1
INFO: Function: int main(int, char **) Line: 117: NET/OFI Rank 11: Creating listener for rank 30 on dev 1
INFO: Function: int main(int, char **) Line: 117: NET/OFI Rank 11: Creating listener for rank 31 on dev 1
INFO: Function: int main(int, char **) Line: 132: NET/OFI Rank 11: Connecting to rank 0
INFO: Function: int main(int, char **) Line: 132: NET/OFI Rank 11: Connecting to rank 1
INFO: Function: int main(int, char **) Line: 132: NET/OFI Rank 11: Connecting to rank 2
INFO: Function: int main(int, char **) Line: 132: NET/OFI Rank 11: Connecting to rank 3
INFO: Function: int main(int, char **) Line: 132: NET/OFI Rank 11: Connecting to rank 4
INFO: Function: int main(int, char **) Line: 132: NET/OFI Rank 11: Connecting to rank 5
INFO: Function: int main(int, char **) Line: 132: NET/OFI Rank 17: Connecting to rank 6
INFO: Function: int main(int, char **) Line: 132: NET/OFI Rank 17: Connecting to rank 7
INFO: Function: int main(int, char **) Line: 132: NET/OFI Rank 17: Connecting to rank 8
INFO: Function: int main(int, char **) Line: 132: NET/OFI Rank 17: Connecting to rank 9
INFO: Function: int main(int, char **) Line: 132: NET/OFI Rank 17: Connecting to rank 10
INFO: Function: int main(int, char **) Line: 132: NET/OFI Rank 17: Connecting to rank 11
INFO: Function: int main(int, char **) Line: 132: NET/OFI Rank 17: Connecting to rank 12
INFO: Function: int main(int, char **) Line: 132: NET/OFI Rank 17: Connecting to rank 13
INFO: Function: int main(int, char **) Line: 132: NET/OFI Rank 17: Connecting to rank 14
INFO: Function: int main(int, char **) Line: 132: NET/OFI Rank 17: Connecting to rank 15
INFO: Function: int main(int, char **) Line: 132: NET/OFI Rank 17: Connecting to rank 16
INFO: Function: int main(int, char **) Line: 132: NET/OFI Rank 26: Connecting to rank 29
INFO: Function: int main(int, char **) Line: 132: NET/OFI Rank 26: Connecting to rank 30
INFO: Function: int main(int, char **) Line: 132: NET/OFI Rank 26: Connecting to rank 31
INFO: Function: int main(int, char **) Line: 142: NET/OFI Rank 26: Accepting connection from rank 0
INFO: Function: int main(int, char **) Line: 142: NET/OFI Rank 26: Accepting connection from rank 1
INFO: Function: int main(int, char **) Line: 142: NET/OFI Rank 26: Accepting connection from rank 2
INFO: Function: int main(int, char **) Line: 142: NET/OFI Rank 26: Accepting connection from rank 3
INFO: Function: int main(int, char **) Line: 142: NET/OFI Rank 26: Accepting connection from rank 4
INFO: Function: int main(int, char **) Line: 142: NET/OFI Rank 26: Accepting connection from rank 5
INFO: Function: int main(int, char **) Line: 142: NET/OFI Rank 26: Accepting connection from rank 6
INFO: Function: int main(int, char **) Line: 142: NET/OFI Rank 1: Accepting connection from rank 8
INFO: Function: int main(int, char **) Line: 142: NET/OFI Rank 1: Accepting connection from rank 9
INFO: Function: int main(int, char **) Line: 132: NET/OFI Rank 11: Connecting to rank 6
INFO: Function: int main(int, char **) Line: 132: NET/OFI Rank 11: Connecting to rank 7
INFO: Function: int main(int, char **) Line: 132: NET/OFI Rank 11: Connecting to rank 8
INFO: Function: int main(int, char **) Line: 132: NET/OFI Rank 11: Connecting to rank 9
INFO: Function: int main(int, char **) Line: 132: NET/OFI Rank 11: Connecting to rank 10
INFO: Function: int main(int, char **) Line: 132: NET/OFI Rank 11: Connecting to rank 12
INFO: Function: int main(int, char **) Line: 132: NET/OFI Rank 11: Connecting to rank 13
INFO: Function: int main(int, char **) Line: 132: NET/OFI Rank 11: Connecting to rank 14
INFO: Function: int main(int, char **) Line: 132: NET/OFI Rank 11: Connecting to rank 15
INFO: Function: int main(int, char **) Line: 132: NET/OFI Rank 11: Connecting to rank 16
INFO: Function: int main(int, char **) Line: 132: NET/OFI Rank 11: Connecting to rank 17
INFO: Function: int main(int, char **) Line: 132: NET/OFI Rank 17: Connecting to rank 18
INFO: Function: int main(int, char **) Line: 132: NET/OFI Rank 17: Connecting to rank 19
INFO: Function: int main(int, char **) Line: 132: NET/OFI Rank 17: Connecting to rank 20
INFO: Function: int main(int, char **) Line: 132: NET/OFI Rank 17: Connecting to rank 21
INFO: Function: int main(int, char **) Line: 132: NET/OFI Rank 17: Connecting to rank 22
INFO: Function: int main(int, char **) Line: 132: NET/OFI Rank 17: Connecting to rank 23
INFO: Function: int main(int, char **) Line: 132: NET/OFI Rank 17: Connecting to rank 24
INFO: Function: int main(int, char **) Line: 132: NET/OFI Rank 17: Connecting to rank 25
INFO: Function: int main(int, char **) Line: 132: NET/OFI Rank 17: Connecting to rank 26
INFO: Function: int main(int, char **) Line: 132: NET/OFI Rank 17: Connecting to rank 27
INFO: Function: int main(int, char **) Line: 132: NET/OFI Rank 17: Connecting to rank 28
INFO: Function: int main(int, char **) Line: 142: NET/OFI Rank 26: Accepting connection from rank 7
INFO: Function: int main(int, char **) Line: 142: NET/OFI Rank 26: Accepting connection from rank 8
INFO: Function: int main(int, char **) Line: 117: NET/OFI Rank 2: Creating listener for rank 28 on dev 1
INFO: Function: int main(int, char **) Line: 117: NET/OFI Rank 2: Creating listener for rank 29 on dev 1
INFO: Function: int main(int, char **) Line: 117: NET/OFI Rank 2: Creating listener for rank 30 on dev 1
INFO: Function: int main(int, char **) Line: 117: NET/OFI Rank 2: Creating listener for rank 31 on dev 1
INFO: Function: int main(int, char **) Line: 132: NET/OFI Rank 2: Connecting to rank 0
INFO: Function: int main(int, char **) Line: 132: NET/OFI Rank 2: Connecting to rank 1
INFO: Function: int main(int, char **) Line: 132: NET/OFI Rank 2: Connecting to rank 3
INFO: Function: int main(int, char **) Line: 132: NET/OFI Rank 2: Connecting to rank 4
INFO: Function: int main(int, char **) Line: 132: NET/OFI Rank 2: Connecting to rank 5
INFO: Function: int main(int, char **) Line: 132: NET/OFI Rank 2: Connecting to rank 6
INFO: Function: int main(int, char **) Line: 132: NET/OFI Rank 11: Connecting to rank 18
INFO: Function: int main(int, char **) Line: 132: NET/OFI Rank 11: Connecting to rank 19
INFO: Function: int main(int, char **) Line: 132: NET/OFI Rank 11: Connecting to rank 20
INFO: Function: int main(int, char **) Line: 132: NET/OFI Rank 11: Connecting to rank 21
INFO: Function: int main(int, char **) Line: 132: NET/OFI Rank 11: Connecting to rank 22
INFO: Function: int main(int, char **) Line: 132: NET/OFI Rank 11: Connecting to rank 23
INFO: Function: int main(int, char **) Line: 132: NET/OFI Rank 11: Connecting to rank 24
INFO: Function: int main(int, char **) Line: 132: NET/OFI Rank 11: Connecting to rank 25
INFO: Function: int main(int, char **) Line: 132: NET/OFI Rank 11: Connecting to rank 26
INFO: Function: int main(int, char **) Line: 132: NET/OFI Rank 11: Connecting to rank 27
INFO: Function: int main(int, char **) Line: 132: NET/OFI Rank 11: Connecting to rank 28
INFO: Function: int main(int, char **) Line: 132: NET/OFI Rank 17: Connecting to rank 29
INFO: Function: int main(int, char **) Line: 132: NET/OFI Rank 17: Connecting to rank 30
INFO: Function: int main(int, char **) Line: 132: NET/OFI Rank 17: Connecting to rank 31
INFO: Function: int main(int, char **) Line: 142: NET/OFI Rank 17: Accepting connection from rank 0
INFO: Function: int main(int, char **) Line: 142: NET/OFI Rank 17: Accepting connection from rank 1
INFO: Function: int main(int, char **) Line: 142: NET/OFI Rank 17: Accepting connection from rank 2
INFO: Function: int main(int, char **) Line: 142: NET/OFI Rank 17: Accepting connection from rank 3
INFO: Function: int main(int, char **) Line: 142: NET/OFI Rank 17: Accepting connection from rank 4
INFO: Function: int main(int, char **) Line: 142: NET/OFI Rank 17: Accepting connection from rank 5
INFO: Function: int main(int, char **) Line: 142: NET/OFI Rank 17: Accepting connection from rank 6
INFO: Function: int main(int, char **) Line: 117: NET/OFI Rank 27: Creating listener for rank 28 on dev 1
INFO: Function: int main(int, char **) Line: 117: NET/OFI Rank 27: Creating listener for rank 29 on dev 1
INFO: Function: int main(int, char **) Line: 117: NET/OFI Rank 27: Creating listener for rank 30 on dev 1
INFO: Function: int main(int, char **) Line: 117: NET/OFI Rank 27: Creating listener for rank 31 on dev 1
INFO: Function: int main(int, char **) Line: 132: NET/OFI Rank 27: Connecting to rank 0
INFO: Function: int main(int, char **) Line: 132: NET/OFI Rank 27: Connecting to rank 1
INFO: Function: int main(int, char **) Line: 132: NET/OFI Rank 27: Connecting to rank 2
INFO: Function: int main(int, char **) Line: 132: NET/OFI Rank 27: Connecting to rank 3
INFO: Function: int main(int, char **) Line: 132: NET/OFI Rank 27: Connecting to rank 4
INFO: Function: int main(int, char **) Line: 132: NET/OFI Rank 27: Connecting to rank 5
INFO: Function: int main(int, char **) Line: 132: NET/OFI Rank 2: Connecting to rank 7
INFO: Function: int main(int, char **) Line: 132: NET/OFI Rank 2: Connecting to rank 8
INFO: Function: int main(int, char **) Line: 132: NET/OFI Rank 2: Connecting to rank 9
INFO: Function: int main(int, char **) Line: 132: NET/OFI Rank 2: Connecting to rank 10
INFO: Function: int main(int, char **) Line: 132: NET/OFI Rank 2: Connecting to rank 11
INFO: Function: int main(int, char **) Line: 132: NET/OFI Rank 2: Connecting to rank 12
INFO: Function: int main(int, char **) Line: 132: NET/OFI Rank 2: Connecting to rank 13
INFO: Function: int main(int, char **) Line: 132: NET/OFI Rank 2: Connecting to rank 14
INFO: Function: int main(int, char **) Line: 132: NET/OFI Rank 2: Connecting to rank 15
INFO: Function: int main(int, char **) Line: 132: NET/OFI Rank 2: Connecting to rank 16
INFO: Function: int main(int, char **) Line: 132: NET/OFI Rank 2: Connecting to rank 17
INFO: Function: int main(int, char **) Line: 132: NET/OFI Rank 11: Connecting to rank 29
INFO: Function: int main(int, char **) Line: 132: NET/OFI Rank 11: Connecting to rank 30
INFO: Function: int main(int, char **) Line: 132: NET/OFI Rank 11: Connecting to rank 31
INFO: Function: int main(int, char **) Line: 142: NET/OFI Rank 11: Accepting connection from rank 0
INFO: Function: int main(int, char **) Line: 142: NET/OFI Rank 11: Accepting connection from rank 1
INFO: Function: int main(int, char **) Line: 142: NET/OFI Rank 11: Accepting connection from rank 2
INFO: Function: int main(int, char **) Line: 142: NET/OFI Rank 11: Accepting connection from rank 3
INFO: Function: int main(int, char **) Line: 142: NET/OFI Rank 11: Accepting connection from rank 4
INFO: Function: int main(int, char **) Line: 142: NET/OFI Rank 11: Accepting connection from rank 5
INFO: Function: int main(int, char **) Line: 142: NET/OFI Rank 11: Accepting connection from rank 6
INFO: Function: int main(int, char **) Line: 142: NET/OFI Rank 17: Accepting connection from rank 7
INFO: Function: int main(int, char **) Line: 142: NET/OFI Rank 17: Accepting connection from rank 8
INFO: Function: int main(int, char **) Line: 132: NET/OFI Rank 27: Connecting to rank 6
INFO: Function: int main(int, char **) Line: 132: NET/OFI Rank 27: Connecting to rank 7
INFO: Function: int main(int, char **) Line: 132: NET/OFI Rank 27: Connecting to rank 8
INFO: Function: int main(int, char **) Line: 132: NET/OFI Rank 27: Connecting to rank 9
INFO: Function: int main(int, char **) Line: 132: NET/OFI Rank 27: Connecting to rank 10
INFO: Function: int main(int, char **) Line: 132: NET/OFI Rank 27: Connecting to rank 11
INFO: Function: int main(int, char **) Line: 132: NET/OFI Rank 27: Connecting to rank 12
INFO: Function: int main(int, char **) Line: 132: NET/OFI Rank 27: Connecting to rank 13
INFO: Function: int main(int, char **) Line: 132: NET/OFI Rank 27: Connecting to rank 14
INFO: Function: int main(int, char **) Line: 132: NET/OFI Rank 27: Connecting to rank 15
INFO: Function: int main(int, char **) Line: 132: NET/OFI Rank 27: Connecting to rank 16
INFO: Function: int main(int, char **) Line: 132: NET/OFI Rank 2: Connecting to rank 18
INFO: Function: int main(int, char **) Line: 132: NET/OFI Rank 2: Connecting to rank 19
INFO: Function: int main(int, char **) Line: 132: NET/OFI Rank 2: Connecting to rank 20
INFO: Function: int main(int, char **) Line: 132: NET/OFI Rank 2: Connecting to rank 21
INFO: Function: int main(int, char **) Line: 132: NET/OFI Rank 2: Connecting to rank 22
INFO: Function: int main(int, char **) Line: 132: NET/OFI Rank 2: Connecting to rank 23
INFO: Function: int main(int, char **) Line: 132: NET/OFI Rank 2: Connecting to rank 24
INFO: Function: int main(int, char **) Line: 132: NET/OFI Rank 2: Connecting to rank 25
INFO: Function: int main(int, char **) Line: 132: NET/OFI Rank 2: Connecting to rank 26
INFO: Function: int main(int, char **) Line: 132: NET/OFI Rank 2: Connecting to rank 27
INFO: Function: int main(int, char **) Line: 132: NET/OFI Rank 2: Connecting to rank 28
INFO: Function: int main(int, char **) Line: 142: NET/OFI Rank 11: Accepting connection from rank 7
INFO: Function: int main(int, char **) Line: 142: NET/OFI Rank 11: Accepting connection from rank 8
INFO: Function: int main(int, char **) Line: 117: NET/OFI Rank 18: Creating listener for rank 28 on dev 1
INFO: Function: int main(int, char **) Line: 117: NET/OFI Rank 18: Creating listener for rank 29 on dev 1
INFO: Function: int main(int, char **) Line: 117: NET/OFI Rank 18: Creating listener for rank 30 on dev 1
INFO: Function: int main(int, char **) Line: 117: NET/OFI Rank 18: Creating listener for rank 31 on dev 1
INFO: Function: int main(int, char **) Line: 132: NET/OFI Rank 18: Connecting to rank 0
INFO: Function: int main(int, char **) Line: 132: NET/OFI Rank 18: Connecting to rank 1
INFO: Function: int main(int, char **) Line: 132: NET/OFI Rank 18: Connecting to rank 2
INFO: Function: int main(int, char **) Line: 132: NET/OFI Rank 18: Connecting to rank 3
INFO: Function: int main(int, char **) Line: 132: NET/OFI Rank 18: Connecting to rank 4
INFO: Function: int main(int, char **) Line: 132: NET/OFI Rank 18: Connecting to rank 5
INFO: Function: int main(int, char **) Line: 132: NET/OFI Rank 27: Connecting to rank 17
INFO: Function: int main(int, char **) Line: 132: NET/OFI Rank 27: Connecting to rank 18
INFO: Function: int main(int, char **) Line: 132: NET/OFI Rank 27: Connecting to rank 19
INFO: Function: int main(int, char **) Line: 132: NET/OFI Rank 27: Connecting to rank 20
INFO: Function: int main(int, char **) Line: 132: NET/OFI Rank 27: Connecting to rank 21
INFO: Function: int main(int, char **) Line: 132: NET/OFI Rank 27: Connecting to rank 22
INFO: Function: int main(int, char **) Line: 132: NET/OFI Rank 27: Connecting to rank 23
INFO: Function: int main(int, char **) Line: 132: NET/OFI Rank 27: Connecting to rank 24
INFO: Function: int main(int, char **) Line: 132: NET/OFI Rank 27: Connecting to rank 25
INFO: Function: int main(int, char **) Line: 132: NET/OFI Rank 27: Connecting to rank 26
INFO: Function: int main(int, char **) Line: 132: NET/OFI Rank 27: Connecting to rank 28
INFO: Function: int main(int, char **) Line: 132: NET/OFI Rank 2: Connecting to rank 29
INFO: Function: int main(int, char **) Line: 132: NET/OFI Rank 2: Connecting to rank 30
INFO: Function: int main(int, char **) Line: 132: NET/OFI Rank 2: Connecting to rank 31
INFO: Function: int main(int, char **) Line: 142: NET/OFI Rank 2: Accepting connection from rank 0
INFO: Function: int main(int, char **) Line: 142: NET/OFI Rank 2: Accepting connection from rank 1
INFO: Function: int main(int, char **) Line: 142: NET/OFI Rank 2: Accepting connection from rank 3
INFO: Function: int main(int, char **) Line: 142: NET/OFI Rank 2: Accepting connection from rank 4
INFO: Function: int main(int, char **) Line: 142: NET/OFI Rank 2: Accepting connection from rank 5
INFO: Function: int main(int, char **) Line: 142: NET/OFI Rank 2: Accepting connection from rank 6
INFO: Function: int main(int, char **) Line: 142: NET/OFI Rank 2: Accepting connection from rank 7
INFO: Function: int main(int, char **) Line: 117: NET/OFI Rank 12: Creating listener for rank 28 on dev 2
INFO: Function: int main(int, char **) Line: 117: NET/OFI Rank 12: Creating listener for rank 29 on dev 2
INFO: Function: int main(int, char **) Line: 117: NET/OFI Rank 12: Creating listener for rank 30 on dev 2
INFO: Function: int main(int, char **) Line: 117: NET/OFI Rank 12: Creating listener for rank 31 on dev 2
INFO: Function: int main(int, char **) Line: 132: NET/OFI Rank 12: Connecting to rank 0
INFO: Function: int main(int, char **) Line: 132: NET/OFI Rank 12: Connecting to rank 1
INFO: Function: int main(int, char **) Line: 132: NET/OFI Rank 12: Connecting to rank 2
INFO: Function: int main(int, char **) Line: 132: NET/OFI Rank 12: Connecting to rank 3
INFO: Function: int main(int, char **) Line: 132: NET/OFI Rank 12: Connecting to rank 4
INFO: Function: int main(int, char **) Line: 132: NET/OFI Rank 12: Connecting to rank 5
INFO: Function: int main(int, char **) Line: 132: NET/OFI Rank 18: Connecting to rank 6
INFO: Function: int main(int, char **) Line: 132: NET/OFI Rank 18: Connecting to rank 7
INFO: Function: int main(int, char **) Line: 132: NET/OFI Rank 18: Connecting to rank 8
INFO: Function: int main(int, char **) Line: 132: NET/OFI Rank 18: Connecting to rank 9
INFO: Function: int main(int, char **) Line: 132: NET/OFI Rank 18: Connecting to rank 10
INFO: Function: int main(int, char **) Line: 132: NET/OFI Rank 18: Connecting to rank 11
INFO: Function: int main(int, char **) Line: 132: NET/OFI Rank 18: Connecting to rank 12
INFO: Function: int main(int, char **) Line: 132: NET/OFI Rank 18: Connecting to rank 13
INFO: Function: int main(int, char **) Line: 132: NET/OFI Rank 18: Connecting to rank 14
INFO: Function: int main(int, char **) Line: 132: NET/OFI Rank 18: Connecting to rank 15
INFO: Function: int main(int, char **) Line: 132: NET/OFI Rank 18: Connecting to rank 16
INFO: Function: int main(int, char **) Line: 132: NET/OFI Rank 27: Connecting to rank 29
INFO: Function: int main(int, char **) Line: 132: NET/OFI Rank 27: Connecting to rank 30
INFO: Function: int main(int, char **) Line: 132: NET/OFI Rank 27: Connecting to rank 31
INFO: Function: int main(int, char **) Line: 142: NET/OFI Rank 27: Accepting connection from rank 0
INFO: Function: int main(int, char **) Line: 142: NET/OFI Rank 27: Accepting connection from rank 1
INFO: Function: int main(int, char **) Line: 142: NET/OFI Rank 27: Accepting connection from rank 2
INFO: Function: int main(int, char **) Line: 142: NET/OFI Rank 27: Accepting connection from rank 3
INFO: Function: int main(int, char **) Line: 142: NET/OFI Rank 27: Accepting connection from rank 4
INFO: Function: int main(int, char **) Line: 142: NET/OFI Rank 27: Accepting connection from rank 5
INFO: Function: int main(int, char **) Line: 142: NET/OFI Rank 27: Accepting connection from rank 6
INFO: Function: int main(int, char **) Line: 142: NET/OFI Rank 2: Accepting connection from rank 8
INFO: Function: int main(int, char **) Line: 142: NET/OFI Rank 2: Accepting connection from rank 9
INFO: Function: int main(int, char **) Line: 132: NET/OFI Rank 12: Connecting to rank 6
INFO: Function: int main(int, char **) Line: 132: NET/OFI Rank 12: Connecting to rank 7
INFO: Function: int main(int, char **) Line: 132: NET/OFI Rank 12: Connecting to rank 8
INFO: Function: int main(int, char **) Line: 132: NET/OFI Rank 12: Connecting to rank 9
INFO: Function: int main(int, char **) Line: 132: NET/OFI Rank 12: Connecting to rank 10
INFO: Function: int main(int, char **) Line: 132: NET/OFI Rank 12: Connecting to rank 11
INFO: Function: int main(int, char **) Line: 132: NET/OFI Rank 12: Connecting to rank 13
INFO: Function: int main(int, char **) Line: 132: NET/OFI Rank 12: Connecting to rank 14
INFO: Function: int main(int, char **) Line: 132: NET/OFI Rank 12: Connecting to rank 15
INFO: Function: int main(int, char **) Line: 132: NET/OFI Rank 12: Connecting to rank 16
INFO: Function: int main(int, char **) Line: 132: NET/OFI Rank 12: Connecting to rank 17
INFO: Function: int main(int, char **) Line: 132: NET/OFI Rank 18: Connecting to rank 17
INFO: Function: int main(int, char **) Line: 132: NET/OFI Rank 18: Connecting to rank 19
INFO: Function: int main(int, char **) Line: 132: NET/OFI Rank 18: Connecting to rank 20
INFO: Function: int main(int, char **) Line: 132: NET/OFI Rank 18: Connecting to rank 21
INFO: Function: int main(int, char **) Line: 132: NET/OFI Rank 18: Connecting to rank 22
INFO: Function: int main(int, char **) Line: 132: NET/OFI Rank 18: Connecting to rank 23
INFO: Function: int main(int, char **) Line: 132: NET/OFI Rank 18: Connecting to rank 24
INFO: Function: int main(int, char **) Line: 132: NET/OFI Rank 18: Connecting to rank 25
INFO: Function: int main(int, char **) Line: 132: NET/OFI Rank 18: Connecting to rank 26
INFO: Function: int main(int, char **) Line: 132: NET/OFI Rank 18: Connecting to rank 27
INFO: Function: int main(int, char **) Line: 132: NET/OFI Rank 18: Connecting to rank 28
INFO: Function: int main(int, char **) Line: 142: NET/OFI Rank 27: Accepting connection from rank 7
INFO: Function: int main(int, char **) Line: 142: NET/OFI Rank 27: Accepting connection from rank 8
INFO: Function: int main(int, char **) Line: 117: NET/OFI Rank 3: Creating listener for rank 28 on dev 1
INFO: Function: int main(int, char **) Line: 117: NET/OFI Rank 3: Creating listener for rank 29 on dev 1
INFO: Function: int main(int, char **) Line: 117: NET/OFI Rank 3: Creating listener for rank 30 on dev 1
INFO: Function: int main(int, char **) Line: 117: NET/OFI Rank 3: Creating listener for rank 31 on dev 1
INFO: Function: int main(int, char **) Line: 132: NET/OFI Rank 3: Connecting to rank 0
INFO: Function: int main(int, char **) Line: 132: NET/OFI Rank 3: Connecting to rank 1
INFO: Function: int main(int, char **) Line: 132: NET/OFI Rank 3: Connecting to rank 2
INFO: Function: int main(int, char **) Line: 132: NET/OFI Rank 3: Connecting to rank 4
INFO: Function: int main(int, char **) Line: 132: NET/OFI Rank 3: Connecting to rank 5
INFO: Function: int main(int, char **) Line: 132: NET/OFI Rank 3: Connecting to rank 6
INFO: Function: int main(int, char **) Line: 132: NET/OFI Rank 12: Connecting to rank 18
INFO: Function: int main(int, char **) Line: 132: NET/OFI Rank 12: Connecting to rank 19
INFO: Function: int main(int, char **) Line: 132: NET/OFI Rank 12: Connecting to rank 20
INFO: Function: int main(int, char **) Line: 132: NET/OFI Rank 12: Connecting to rank 21
INFO: Function: int main(int, char **) Line: 132: NET/OFI Rank 12: Connecting to rank 22
INFO: Function: int main(int, char **) Line: 132: NET/OFI Rank 12: Connecting to rank 23
INFO: Function: int main(int, char **) Line: 132: NET/OFI Rank 12: Connecting to rank 24
INFO: Function: int main(int, char **) Line: 132: NET/OFI Rank 12: Connecting to rank 25
INFO: Function: int main(int, char **) Line: 132: NET/OFI Rank 12: Connecting to rank 26
INFO: Function: int main(int, char **) Line: 132: NET/OFI Rank 12: Connecting to rank 27
INFO: Function: int main(int, char **) Line: 132: NET/OFI Rank 12: Connecting to rank 28
INFO: Function: int main(int, char **) Line: 132: NET/OFI Rank 18: Connecting to rank 29
INFO: Function: int main(int, char **) Line: 132: NET/OFI Rank 18: Connecting to rank 30
INFO: Function: int main(int, char **) Line: 132: NET/OFI Rank 18: Connecting to rank 31
INFO: Function: int main(int, char **) Line: 142: NET/OFI Rank 18: Accepting connection from rank 0
INFO: Function: int main(int, char **) Line: 142: NET/OFI Rank 18: Accepting connection from rank 1
INFO: Function: int main(int, char **) Line: 142: NET/OFI Rank 18: Accepting connection from rank 2
INFO: Function: int main(int, char **) Line: 142: NET/OFI Rank 18: Accepting connection from rank 3
INFO: Function: int main(int, char **) Line: 142: NET/OFI Rank 18: Accepting connection from rank 4
INFO: Function: int main(int, char **) Line: 142: NET/OFI Rank 18: Accepting connection from rank 5
INFO: Function: int main(int, char **) Line: 142: NET/OFI Rank 18: Accepting connection from rank 6
INFO: Function: int main(int, char **) Line: 117: NET/OFI Rank 28: Creating listener for rank 27 on dev 2
INFO: Function: int main(int, char **) Line: 117: NET/OFI Rank 28: Creating listener for rank 29 on dev 2
INFO: Function: int main(int, char **) Line: 117: NET/OFI Rank 28: Creating listener for rank 30 on dev 2
INFO: Function: int main(int, char **) Line: 117: NET/OFI Rank 28: Creating listener for rank 31 on dev 2
INFO: Function: int main(int, char **) Line: 132: NET/OFI Rank 28: Connecting to rank 0
INFO: Function: int main(int, char **) Line: 132: NET/OFI Rank 28: Connecting to rank 1
INFO: Function: int main(int, char **) Line: 132: NET/OFI Rank 28: Connecting to rank 2
INFO: Function: int main(int, char **) Line: 132: NET/OFI Rank 28: Connecting to rank 3
INFO: Function: int main(int, char **) Line: 132: NET/OFI Rank 28: Connecting to rank 4
INFO: Function: int main(int, char **) Line: 132: NET/OFI Rank 28: Connecting to rank 5
INFO: Function: int main(int, char **) Line: 132: NET/OFI Rank 3: Connecting to rank 7
INFO: Function: int main(int, char **) Line: 132: NET/OFI Rank 3: Connecting to rank 8
INFO: Function: int main(int, char **) Line: 132: NET/OFI Rank 3: Connecting to rank 9
INFO: Function: int main(int, char **) Line: 132: NET/OFI Rank 3: Connecting to rank 10
INFO: Function: int main(int, char **) Line: 132: NET/OFI Rank 3: Connecting to rank 11
INFO: Function: int main(int, char **) Line: 132: NET/OFI Rank 3: Connecting to rank 12
INFO: Function: int main(int, char **) Line: 132: NET/OFI Rank 3: Connecting to rank 13
INFO: Function: int main(int, char **) Line: 132: NET/OFI Rank 3: Connecting to rank 14
INFO: Function: int main(int, char **) Line: 132: NET/OFI Rank 3: Connecting to rank 15
INFO: Function: int main(int, char **) Line: 132: NET/OFI Rank 3: Connecting to rank 16
INFO: Function: int main(int, char **) Line: 132: NET/OFI Rank 3: Connecting to rank 17
INFO: Function: int main(int, char **) Line: 132: NET/OFI Rank 12: Connecting to rank 29
INFO: Function: int main(int, char **) Line: 132: NET/OFI Rank 12: Connecting to rank 30
INFO: Function: int main(int, char **) Line: 132: NET/OFI Rank 12: Connecting to rank 31
INFO: Function: int main(int, char **) Line: 142: NET/OFI Rank 12: Accepting connection from rank 0
INFO: Function: int main(int, char **) Line: 142: NET/OFI Rank 12: Accepting connection from rank 1
INFO: Function: int main(int, char **) Line: 142: NET/OFI Rank 12: Accepting connection from rank 2
INFO: Function: int main(int, char **) Line: 142: NET/OFI Rank 12: Accepting connection from rank 3
INFO: Function: int main(int, char **) Line: 142: NET/OFI Rank 12: Accepting connection from rank 4
INFO: Function: int main(int, char **) Line: 142: NET/OFI Rank 12: Accepting connection from rank 5
INFO: Function: int main(int, char **) Line: 142: NET/OFI Rank 12: Accepting connection from rank 6
INFO: Function: int main(int, char **) Line: 142: NET/OFI Rank 18: Accepting connection from rank 7
INFO: Function: int main(int, char **) Line: 142: NET/OFI Rank 18: Accepting connection from rank 8
INFO: Function: int main(int, char **) Line: 132: NET/OFI Rank 28: Connecting to rank 6
INFO: Function: int main(int, char **) Line: 132: NET/OFI Rank 28: Connecting to rank 7
INFO: Function: int main(int, char **) Line: 132: NET/OFI Rank 28: Connecting to rank 8
INFO: Function: int main(int, char **) Line: 132: NET/OFI Rank 28: Connecting to rank 9
INFO: Function: int main(int, char **) Line: 132: NET/OFI Rank 28: Connecting to rank 10
INFO: Function: int main(int, char **) Line: 132: NET/OFI Rank 28: Connecting to rank 11
INFO: Function: int main(int, char **) Line: 132: NET/OFI Rank 28: Connecting to rank 12
INFO: Function: int main(int, char **) Line: 132: NET/OFI Rank 28: Connecting to rank 13
INFO: Function: int main(int, char **) Line: 132: NET/OFI Rank 28: Connecting to rank 14
INFO: Function: int main(int, char **) Line: 132: NET/OFI Rank 28: Connecting to rank 15
INFO: Function: int main(int, char **) Line: 132: NET/OFI Rank 28: Connecting to rank 16
INFO: Function: int main(int, char **) Line: 132: NET/OFI Rank 3: Connecting to rank 18
INFO: Function: int main(int, char **) Line: 132: NET/OFI Rank 3: Connecting to rank 19
INFO: Function: int main(int, char **) Line: 132: NET/OFI Rank 3: Connecting to rank 20
INFO: Function: int main(int, char **) Line: 132: NET/OFI Rank 3: Connecting to rank 21
INFO: Function: int main(int, char **) Line: 132: NET/OFI Rank 3: Connecting to rank 22
INFO: Function: int main(int, char **) Line: 132: NET/OFI Rank 3: Connecting to rank 23
INFO: Function: int main(int, char **) Line: 132: NET/OFI Rank 3: Connecting to rank 24
INFO: Function: int main(int, char **) Line: 132: NET/OFI Rank 3: Connecting to rank 25
INFO: Function: int main(int, char **) Line: 132: NET/OFI Rank 3: Connecting to rank 26
INFO: Function: int main(int, char **) Line: 132: NET/OFI Rank 3: Connecting to rank 27
INFO: Function: int main(int, char **) Line: 132: NET/OFI Rank 3: Connecting to rank 28
INFO: Function: int main(int, char **) Line: 142: NET/OFI Rank 12: Accepting connection from rank 7
INFO: Function: int main(int, char **) Line: 142: NET/OFI Rank 12: Accepting connection from rank 8
INFO: Function: int main(int, char **) Line: 117: NET/OFI Rank 20: Creating listener for rank 28 on dev 2
INFO: Function: int main(int, char **) Line: 117: NET/OFI Rank 20: Creating listener for rank 29 on dev 2
INFO: Function: int main(int, char **) Line: 117: NET/OFI Rank 20: Creating listener for rank 30 on dev 2
INFO: Function: int main(int, char **) Line: 117: NET/OFI Rank 20: Creating listener for rank 31 on dev 2
INFO: Function: int main(int, char **) Line: 132: NET/OFI Rank 20: Connecting to rank 0
INFO: Function: int main(int, char **) Line: 132: NET/OFI Rank 20: Connecting to rank 1
INFO: Function: int main(int, char **) Line: 132: NET/OFI Rank 20: Connecting to rank 2
INFO: Function: int main(int, char **) Line: 132: NET/OFI Rank 20: Connecting to rank 3
INFO: Function: int main(int, char **) Line: 132: NET/OFI Rank 20: Connecting to rank 4
INFO: Function: int main(int, char **) Line: 132: NET/OFI Rank 20: Connecting to rank 5
INFO: Function: int main(int, char **) Line: 132: NET/OFI Rank 28: Connecting to rank 17
INFO: Function: int main(int, char **) Line: 132: NET/OFI Rank 28: Connecting to rank 18
INFO: Function: int main(int, char **) Line: 132: NET/OFI Rank 28: Connecting to rank 19
INFO: Function: int main(int, char **) Line: 132: NET/OFI Rank 28: Connecting to rank 20
INFO: Function: int main(int, char **) Line: 132: NET/OFI Rank 28: Connecting to rank 21
INFO: Function: int main(int, char **) Line: 132: NET/OFI Rank 28: Connecting to rank 22
INFO: Function: int main(int, char **) Line: 132: NET/OFI Rank 28: Connecting to rank 23
INFO: Function: int main(int, char **) Line: 132: NET/OFI Rank 28: Connecting to rank 24
INFO: Function: int main(int, char **) Line: 132: NET/OFI Rank 28: Connecting to rank 25
INFO: Function: int main(int, char **) Line: 132: NET/OFI Rank 28: Connecting to rank 26
INFO: Function: int main(int, char **) Line: 132: NET/OFI Rank 28: Connecting to rank 27
INFO: Function: int main(int, char **) Line: 132: NET/OFI Rank 3: Connecting to rank 29
INFO: Function: int main(int, char **) Line: 132: NET/OFI Rank 3: Connecting to rank 30
INFO: Function: int main(int, char **) Line: 132: NET/OFI Rank 3: Connecting to rank 31
INFO: Function: int main(int, char **) Line: 142: NET/OFI Rank 3: Accepting connection from rank 0
INFO: Function: int main(int, char **) Line: 142: NET/OFI Rank 3: Accepting connection from rank 1
INFO: Function: int main(int, char **) Line: 142: NET/OFI Rank 3: Accepting connection from rank 2
INFO: Function: int main(int, char **) Line: 142: NET/OFI Rank 3: Accepting connection from rank 4
INFO: Function: int main(int, char **) Line: 142: NET/OFI Rank 3: Accepting connection from rank 5
INFO: Function: int main(int, char **) Line: 142: NET/OFI Rank 3: Accepting connection from rank 6
INFO: Function: int main(int, char **) Line: 142: NET/OFI Rank 3: Accepting connection from rank 7
INFO: Function: int main(int, char **) Line: 117: NET/OFI Rank 13: Creating listener for rank 28 on dev 2
INFO: Function: int main(int, char **) Line: 117: NET/OFI Rank 13: Creating listener for rank 29 on dev 2
INFO: Function: int main(int, char **) Line: 117: NET/OFI Rank 13: Creating listener for rank 30 on dev 2
INFO: Function: int main(int, char **) Line: 117: NET/OFI Rank 13: Creating listener for rank 31 on dev 2
INFO: Function: int main(int, char **) Line: 132: NET/OFI Rank 13: Connecting to rank 0
INFO: Function: int main(int, char **) Line: 132: NET/OFI Rank 13: Connecting to rank 1
INFO: Function: int main(int, char **) Line: 132: NET/OFI Rank 13: Connecting to rank 2
INFO: Function: int main(int, char **) Line: 132: NET/OFI Rank 13: Connecting to rank 3
INFO: Function: int main(int, char **) Line: 132: NET/OFI Rank 13: Connecting to rank 4
INFO: Function: int main(int, char **) Line: 132: NET/OFI Rank 13: Connecting to rank 5
INFO: Function: int main(int, char **) Line: 132: NET/OFI Rank 20: Connecting to rank 6
INFO: Function: int main(int, char **) Line: 132: NET/OFI Rank 20: Connecting to rank 7
INFO: Function: int main(int, char **) Line: 132: NET/OFI Rank 20: Connecting to rank 8
INFO: Function: int main(int, char **) Line: 132: NET/OFI Rank 20: Connecting to rank 9
INFO: Function: int main(int, char **) Line: 132: NET/OFI Rank 20: Connecting to rank 10
INFO: Function: int main(int, char **) Line: 132: NET/OFI Rank 20: Connecting to rank 11
INFO: Function: int main(int, char **) Line: 132: NET/OFI Rank 20: Connecting to rank 12
INFO: Function: int main(int, char **) Line: 132: NET/OFI Rank 20: Connecting to rank 13
INFO: Function: int main(int, char **) Line: 132: NET/OFI Rank 20: Connecting to rank 14
INFO: Function: int main(int, char **) Line: 132: NET/OFI Rank 20: Connecting to rank 15
INFO: Function: int main(int, char **) Line: 132: NET/OFI Rank 20: Connecting to rank 16
INFO: Function: int main(int, char **) Line: 132: NET/OFI Rank 28: Connecting to rank 29
INFO: Function: int main(int, char **) Line: 132: NET/OFI Rank 28: Connecting to rank 30
INFO: Function: int main(int, char **) Line: 132: NET/OFI Rank 28: Connecting to rank 31
INFO: Function: int main(int, char **) Line: 142: NET/OFI Rank 28: Accepting connection from rank 0
INFO: Function: int main(int, char **) Line: 142: NET/OFI Rank 28: Accepting connection from rank 1
INFO: Function: int main(int, char **) Line: 142: NET/OFI Rank 28: Accepting connection from rank 2
INFO: Function: int main(int, char **) Line: 142: NET/OFI Rank 28: Accepting connection from rank 3
INFO: Function: int main(int, char **) Line: 142: NET/OFI Rank 28: Accepting connection from rank 4
INFO: Function: int main(int, char **) Line: 142: NET/OFI Rank 28: Accepting connection from rank 5
INFO: Function: int main(int, char **) Line: 142: NET/OFI Rank 28: Accepting connection from rank 6
INFO: Function: int main(int, char **) Line: 142: NET/OFI Rank 3: Accepting connection from rank 8
INFO: Function: int main(int, char **) Line: 142: NET/OFI Rank 3: Accepting connection from rank 9
INFO: Function: int main(int, char **) Line: 132: NET/OFI Rank 13: Connecting to rank 6
INFO: Function: int main(int, char **) Line: 132: NET/OFI Rank 13: Connecting to rank 7
INFO: Function: int main(int, char **) Line: 132: NET/OFI Rank 13: Connecting to rank 8
INFO: Function: int main(int, char **) Line: 132: NET/OFI Rank 13: Connecting to rank 9
INFO: Function: int main(int, char **) Line: 132: NET/OFI Rank 13: Connecting to rank 10
INFO: Function: int main(int, char **) Line: 132: NET/OFI Rank 13: Connecting to rank 11
INFO: Function: int main(int, char **) Line: 132: NET/OFI Rank 13: Connecting to rank 12
INFO: Function: int main(int, char **) Line: 132: NET/OFI Rank 13: Connecting to rank 14
INFO: Function: int main(int, char **) Line: 132: NET/OFI Rank 13: Connecting to rank 15
INFO: Function: int main(int, char **) Line: 132: NET/OFI Rank 13: Connecting to rank 16
INFO: Function: int main(int, char **) Line: 132: NET/OFI Rank 13: Connecting to rank 17
INFO: Function: int main(int, char **) Line: 132: NET/OFI Rank 20: Connecting to rank 17
INFO: Function: int main(int, char **) Line: 132: NET/OFI Rank 20: Connecting to rank 18
INFO: Function: int main(int, char **) Line: 132: NET/OFI Rank 20: Connecting to rank 19
INFO: Function: int main(int, char **) Line: 132: NET/OFI Rank 20: Connecting to rank 21
INFO: Function: int main(int, char **) Line: 132: NET/OFI Rank 20: Connecting to rank 22
INFO: Function: int main(int, char **) Line: 132: NET/OFI Rank 20: Connecting to rank 23
INFO: Function: int main(int, char **) Line: 132: NET/OFI Rank 20: Connecting to rank 24
INFO: Function: int main(int, char **) Line: 132: NET/OFI Rank 20: Connecting to rank 25
INFO: Function: int main(int, char **) Line: 132: NET/OFI Rank 20: Connecting to rank 26
INFO: Function: int main(int, char **) Line: 132: NET/OFI Rank 20: Connecting to rank 27
INFO: Function: int main(int, char **) Line: 132: NET/OFI Rank 20: Connecting to rank 28
INFO: Function: int main(int, char **) Line: 142: NET/OFI Rank 28: Accepting connection from rank 7
INFO: Function: int main(int, char **) Line: 142: NET/OFI Rank 28: Accepting connection from rank 8
INFO: Function: int main(int, char **) Line: 117: NET/OFI Rank 4: Creating listener for rank 28 on dev 2
INFO: Function: int main(int, char **) Line: 117: NET/OFI Rank 4: Creating listener for rank 29 on dev 2
INFO: Function: int main(int, char **) Line: 117: NET/OFI Rank 4: Creating listener for rank 30 on dev 2
INFO: Function: int main(int, char **) Line: 117: NET/OFI Rank 4: Creating listener for rank 31 on dev 2
INFO: Function: int main(int, char **) Line: 132: NET/OFI Rank 4: Connecting to rank 0
INFO: Function: int main(int, char **) Line: 132: NET/OFI Rank 4: Connecting to rank 1
INFO: Function: int main(int, char **) Line: 132: NET/OFI Rank 4: Connecting to rank 2
INFO: Function: int main(int, char **) Line: 132: NET/OFI Rank 4: Connecting to rank 3
INFO: Function: int main(int, char **) Line: 132: NET/OFI Rank 4: Connecting to rank 5
INFO: Function: int main(int, char **) Line: 132: NET/OFI Rank 4: Connecting to rank 6
INFO: Function: int main(int, char **) Line: 132: NET/OFI Rank 13: Connecting to rank 18
INFO: Function: int main(int, char **) Line: 132: NET/OFI Rank 13: Connecting to rank 19
INFO: Function: int main(int, char **) Line: 132: NET/OFI Rank 13: Connecting to rank 20
INFO: Function: int main(int, char **) Line: 132: NET/OFI Rank 13: Connecting to rank 21
INFO: Function: int main(int, char **) Line: 132: NET/OFI Rank 13: Connecting to rank 22
INFO: Function: int main(int, char **) Line: 132: NET/OFI Rank 13: Connecting to rank 23
INFO: Function: int main(int, char **) Line: 132: NET/OFI Rank 13: Connecting to rank 24
INFO: Function: int main(int, char **) Line: 132: NET/OFI Rank 13: Connecting to rank 25
INFO: Function: int main(int, char **) Line: 132: NET/OFI Rank 13: Connecting to rank 26
INFO: Function: int main(int, char **) Line: 132: NET/OFI Rank 13: Connecting to rank 27
INFO: Function: int main(int, char **) Line: 132: NET/OFI Rank 13: Connecting to rank 28
INFO: Function: int main(int, char **) Line: 132: NET/OFI Rank 20: Connecting to rank 29
INFO: Function: int main(int, char **) Line: 132: NET/OFI Rank 20: Connecting to rank 30
INFO: Function: int main(int, char **) Line: 132: NET/OFI Rank 20: Connecting to rank 31
INFO: Function: int main(int, char **) Line: 142: NET/OFI Rank 20: Accepting connection from rank 0
INFO: Function: int main(int, char **) Line: 142: NET/OFI Rank 20: Accepting connection from rank 1
INFO: Function: int main(int, char **) Line: 142: NET/OFI Rank 20: Accepting connection from rank 2
INFO: Function: int main(int, char **) Line: 142: NET/OFI Rank 20: Accepting connection from rank 3
INFO: Function: int main(int, char **) Line: 142: NET/OFI Rank 20: Accepting connection from rank 4
INFO: Function: int main(int, char **) Line: 142: NET/OFI Rank 20: Accepting connection from rank 5
INFO: Function: int main(int, char **) Line: 142: NET/OFI Rank 20: Accepting connection from rank 6
INFO: Function: int main(int, char **) Line: 117: NET/OFI Rank 29: Creating listener for rank 27 on dev 2
INFO: Function: int main(int, char **) Line: 117: NET/OFI Rank 29: Creating listener for rank 28 on dev 2
INFO: Function: int main(int, char **) Line: 117: NET/OFI Rank 29: Creating listener for rank 30 on dev 2
INFO: Function: int main(int, char **) Line: 117: NET/OFI Rank 29: Creating listener for rank 31 on dev 2
INFO: Function: int main(int, char **) Line: 132: NET/OFI Rank 29: Connecting to rank 0
INFO: Function: int main(int, char **) Line: 132: NET/OFI Rank 29: Connecting to rank 1
INFO: Function: int main(int, char **) Line: 132: NET/OFI Rank 29: Connecting to rank 2
INFO: Function: int main(int, char **) Line: 132: NET/OFI Rank 29: Connecting to rank 3
INFO: Function: int main(int, char **) Line: 132: NET/OFI Rank 29: Connecting to rank 4
INFO: Function: int main(int, char **) Line: 132: NET/OFI Rank 29: Connecting to rank 5
INFO: Function: int main(int, char **) Line: 132: NET/OFI Rank 4: Connecting to rank 7
INFO: Function: int main(int, char **) Line: 132: NET/OFI Rank 4: Connecting to rank 8
INFO: Function: int main(int, char **) Line: 132: NET/OFI Rank 4: Connecting to rank 9
INFO: Function: int main(int, char **) Line: 132: NET/OFI Rank 4: Connecting to rank 10
INFO: Function: int main(int, char **) Line: 132: NET/OFI Rank 4: Connecting to rank 11
INFO: Function: int main(int, char **) Line: 132: NET/OFI Rank 4: Connecting to rank 12
INFO: Function: int main(int, char **) Line: 132: NET/OFI Rank 4: Connecting to rank 13
INFO: Function: int main(int, char **) Line: 132: NET/OFI Rank 4: Connecting to rank 14
INFO: Function: int main(int, char **) Line: 132: NET/OFI Rank 4: Connecting to rank 15
INFO: Function: int main(int, char **) Line: 132: NET/OFI Rank 4: Connecting to rank 16
INFO: Function: int main(int, char **) Line: 132: NET/OFI Rank 4: Connecting to rank 17
INFO: Function: int main(int, char **) Line: 132: NET/OFI Rank 13: Connecting to rank 29
INFO: Function: int main(int, char **) Line: 132: NET/OFI Rank 13: Connecting to rank 30
INFO: Function: int main(int, char **) Line: 132: NET/OFI Rank 13: Connecting to rank 31
INFO: Function: int main(int, char **) Line: 142: NET/OFI Rank 13: Accepting connection from rank 0
INFO: Function: int main(int, char **) Line: 142: NET/OFI Rank 13: Accepting connection from rank 1
INFO: Function: int main(int, char **) Line: 142: NET/OFI Rank 13: Accepting connection from rank 2
INFO: Function: int main(int, char **) Line: 142: NET/OFI Rank 13: Accepting connection from rank 3
INFO: Function: int main(int, char **) Line: 142: NET/OFI Rank 13: Accepting connection from rank 4
INFO: Function: int main(int, char **) Line: 142: NET/OFI Rank 13: Accepting connection from rank 5
INFO: Function: int main(int, char **) Line: 142: NET/OFI Rank 13: Accepting connection from rank 6
INFO: Function: int main(int, char **) Line: 142: NET/OFI Rank 20: Accepting connection from rank 7
INFO: Function: int main(int, char **) Line: 142: NET/OFI Rank 20: Accepting connection from rank 8
INFO: Function: int main(int, char **) Line: 132: NET/OFI Rank 29: Connecting to rank 6
INFO: Function: int main(int, char **) Line: 132: NET/OFI Rank 29: Connecting to rank 7
INFO: Function: int main(int, char **) Line: 132: NET/OFI Rank 29: Connecting to rank 8
INFO: Function: int main(int, char **) Line: 132: NET/OFI Rank 29: Connecting to rank 9
INFO: Function: int main(int, char **) Line: 132: NET/OFI Rank 29: Connecting to rank 10
INFO: Function: int main(int, char **) Line: 132: NET/OFI Rank 29: Connecting to rank 11
INFO: Function: int main(int, char **) Line: 132: NET/OFI Rank 29: Connecting to rank 12
INFO: Function: int main(int, char **) Line: 132: NET/OFI Rank 29: Connecting to rank 13
INFO: Function: int main(int, char **) Line: 132: NET/OFI Rank 29: Connecting to rank 14
INFO: Function: int main(int, char **) Line: 132: NET/OFI Rank 29: Connecting to rank 15
INFO: Function: int main(int, char **) Line: 132: NET/OFI Rank 29: Connecting to rank 16
INFO: Function: int main(int, char **) Line: 132: NET/OFI Rank 4: Connecting to rank 18
INFO: Function: int main(int, char **) Line: 132: NET/OFI Rank 4: Connecting to rank 19
INFO: Function: int main(int, char **) Line: 132: NET/OFI Rank 4: Connecting to rank 20
INFO: Function: int main(int, char **) Line: 132: NET/OFI Rank 4: Connecting to rank 21
INFO: Function: int main(int, char **) Line: 132: NET/OFI Rank 4: Connecting to rank 22
INFO: Function: int main(int, char **) Line: 132: NET/OFI Rank 4: Connecting to rank 23
INFO: Function: int main(int, char **) Line: 132: NET/OFI Rank 4: Connecting to rank 24
INFO: Function: int main(int, char **) Line: 132: NET/OFI Rank 4: Connecting to rank 25
INFO: Function: int main(int, char **) Line: 132: NET/OFI Rank 4: Connecting to rank 26
INFO: Function: int main(int, char **) Line: 132: NET/OFI Rank 4: Connecting to rank 27
INFO: Function: int main(int, char **) Line: 132: NET/OFI Rank 4: Connecting to rank 28
INFO: Function: int main(int, char **) Line: 142: NET/OFI Rank 13: Accepting connection from rank 7
INFO: Function: int main(int, char **) Line: 142: NET/OFI Rank 13: Accepting connection from rank 8
INFO: Function: int main(int, char **) Line: 117: NET/OFI Rank 22: Creating listener for rank 28 on dev 3
INFO: Function: int main(int, char **) Line: 117: NET/OFI Rank 22: Creating listener for rank 29 on dev 3
INFO: Function: int main(int, char **) Line: 117: NET/OFI Rank 22: Creating listener for rank 30 on dev 3
INFO: Function: int main(int, char **) Line: 117: NET/OFI Rank 22: Creating listener for rank 31 on dev 3
INFO: Function: int main(int, char **) Line: 132: NET/OFI Rank 22: Connecting to rank 0
INFO: Function: int main(int, char **) Line: 132: NET/OFI Rank 22: Connecting to rank 1
INFO: Function: int main(int, char **) Line: 132: NET/OFI Rank 22: Connecting to rank 2
INFO: Function: int main(int, char **) Line: 132: NET/OFI Rank 22: Connecting to rank 3
INFO: Function: int main(int, char **) Line: 132: NET/OFI Rank 22: Connecting to rank 4
INFO: Function: int main(int, char **) Line: 132: NET/OFI Rank 22: Connecting to rank 5
INFO: Function: int main(int, char **) Line: 132: NET/OFI Rank 29: Connecting to rank 17
INFO: Function: int main(int, char **) Line: 132: NET/OFI Rank 29: Connecting to rank 18
INFO: Function: int main(int, char **) Line: 132: NET/OFI Rank 29: Connecting to rank 19
INFO: Function: int main(int, char **) Line: 132: NET/OFI Rank 29: Connecting to rank 20
INFO: Function: int main(int, char **) Line: 132: NET/OFI Rank 29: Connecting to rank 21
INFO: Function: int main(int, char **) Line: 132: NET/OFI Rank 29: Connecting to rank 22
INFO: Function: int main(int, char **) Line: 132: NET/OFI Rank 29: Connecting to rank 23
INFO: Function: int main(int, char **) Line: 132: NET/OFI Rank 29: Connecting to rank 24
INFO: Function: int main(int, char **) Line: 132: NET/OFI Rank 29: Connecting to rank 25
INFO: Function: int main(int, char **) Line: 132: NET/OFI Rank 29: Connecting to rank 26
INFO: Function: int main(int, char **) Line: 132: NET/OFI Rank 29: Connecting to rank 27
INFO: Function: int main(int, char **) Line: 132: NET/OFI Rank 4: Connecting to rank 29
INFO: Function: int main(int, char **) Line: 132: NET/OFI Rank 4: Connecting to rank 30
INFO: Function: int main(int, char **) Line: 132: NET/OFI Rank 4: Connecting to rank 31
INFO: Function: int main(int, char **) Line: 142: NET/OFI Rank 4: Accepting connection from rank 0
INFO: Function: int main(int, char **) Line: 142: NET/OFI Rank 4: Accepting connection from rank 1
INFO: Function: int main(int, char **) Line: 142: NET/OFI Rank 4: Accepting connection from rank 2
INFO: Function: int main(int, char **) Line: 142: NET/OFI Rank 4: Accepting connection from rank 3
INFO: Function: int main(int, char **) Line: 142: NET/OFI Rank 4: Accepting connection from rank 5
INFO: Function: int main(int, char **) Line: 142: NET/OFI Rank 4: Accepting connection from rank 6
INFO: Function: int main(int, char **) Line: 142: NET/OFI Rank 4: Accepting connection from rank 7
INFO: Function: int main(int, char **) Line: 117: NET/OFI Rank 14: Creating listener for rank 28 on dev 3
INFO: Function: int main(int, char **) Line: 117: NET/OFI Rank 14: Creating listener for rank 29 on dev 3
INFO: Function: int main(int, char **) Line: 117: NET/OFI Rank 14: Creating listener for rank 30 on dev 3
INFO: Function: int main(int, char **) Line: 117: NET/OFI Rank 14: Creating listener for rank 31 on dev 3
INFO: Function: int main(int, char **) Line: 132: NET/OFI Rank 14: Connecting to rank 0
INFO: Function: int main(int, char **) Line: 132: NET/OFI Rank 14: Connecting to rank 1
INFO: Function: int main(int, char **) Line: 132: NET/OFI Rank 14: Connecting to rank 2
INFO: Function: int main(int, char **) Line: 132: NET/OFI Rank 14: Connecting to rank 3
INFO: Function: int main(int, char **) Line: 132: NET/OFI Rank 14: Connecting to rank 4
INFO: Function: int main(int, char **) Line: 132: NET/OFI Rank 14: Connecting to rank 5
INFO: Function: int main(int, char **) Line: 132: NET/OFI Rank 22: Connecting to rank 6
INFO: Function: int main(int, char **) Line: 132: NET/OFI Rank 22: Connecting to rank 7
INFO: Function: int main(int, char **) Line: 132: NET/OFI Rank 22: Connecting to rank 8
INFO: Function: int main(int, char **) Line: 132: NET/OFI Rank 22: Connecting to rank 9
INFO: Function: int main(int, char **) Line: 132: NET/OFI Rank 22: Connecting to rank 10
INFO: Function: int main(int, char **) Line: 132: NET/OFI Rank 22: Connecting to rank 11
INFO: Function: int main(int, char **) Line: 132: NET/OFI Rank 22: Connecting to rank 12
INFO: Function: int main(int, char **) Line: 132: NET/OFI Rank 22: Connecting to rank 13
INFO: Function: int main(int, char **) Line: 132: NET/OFI Rank 22: Connecting to rank 14
INFO: Function: int main(int, char **) Line: 132: NET/OFI Rank 22: Connecting to rank 15
INFO: Function: int main(int, char **) Line: 132: NET/OFI Rank 22: Connecting to rank 16
INFO: Function: int main(int, char **) Line: 132: NET/OFI Rank 29: Connecting to rank 28
INFO: Function: int main(int, char **) Line: 132: NET/OFI Rank 29: Connecting to rank 30
INFO: Function: int main(int, char **) Line: 132: NET/OFI Rank 29: Connecting to rank 31
INFO: Function: int main(int, char **) Line: 142: NET/OFI Rank 29: Accepting connection from rank 0
INFO: Function: int main(int, char **) Line: 142: NET/OFI Rank 29: Accepting connection from rank 1
INFO: Function: int main(int, char **) Line: 142: NET/OFI Rank 29: Accepting connection from rank 2
INFO: Function: int main(int, char **) Line: 142: NET/OFI Rank 29: Accepting connection from rank 3
INFO: Function: int main(int, char **) Line: 142: NET/OFI Rank 29: Accepting connection from rank 4
INFO: Function: int main(int, char **) Line: 142: NET/OFI Rank 29: Accepting connection from rank 5
INFO: Function: int main(int, char **) Line: 142: NET/OFI Rank 29: Accepting connection from rank 6
INFO: Function: int main(int, char **) Line: 142: NET/OFI Rank 4: Accepting connection from rank 8
INFO: Function: int main(int, char **) Line: 142: NET/OFI Rank 4: Accepting connection from rank 9
INFO: Function: int main(int, char **) Line: 132: NET/OFI Rank 14: Connecting to rank 6
INFO: Function: int main(int, char **) Line: 132: NET/OFI Rank 14: Connecting to rank 7
INFO: Function: int main(int, char **) Line: 132: NET/OFI Rank 14: Connecting to rank 8
INFO: Function: int main(int, char **) Line: 132: NET/OFI Rank 14: Connecting to rank 9
INFO: Function: int main(int, char **) Line: 132: NET/OFI Rank 14: Connecting to rank 10
INFO: Function: int main(int, char **) Line: 132: NET/OFI Rank 14: Connecting to rank 11
INFO: Function: int main(int, char **) Line: 132: NET/OFI Rank 14: Connecting to rank 12
INFO: Function: int main(int, char **) Line: 132: NET/OFI Rank 14: Connecting to rank 13
INFO: Function: int main(int, char **) Line: 132: NET/OFI Rank 14: Connecting to rank 15
INFO: Function: int main(int, char **) Line: 132: NET/OFI Rank 14: Connecting to rank 16
INFO: Function: int main(int, char **) Line: 132: NET/OFI Rank 14: Connecting to rank 17
INFO: Function: int main(int, char **) Line: 132: NET/OFI Rank 22: Connecting to rank 17
INFO: Function: int main(int, char **) Line: 132: NET/OFI Rank 22: Connecting to rank 18
INFO: Function: int main(int, char **) Line: 132: NET/OFI Rank 22: Connecting to rank 19
INFO: Function: int main(int, char **) Line: 132: NET/OFI Rank 22: Connecting to rank 20
INFO: Function: int main(int, char **) Line: 132: NET/OFI Rank 22: Connecting to rank 21
INFO: Function: int main(int, char **) Line: 132: NET/OFI Rank 22: Connecting to rank 23
INFO: Function: int main(int, char **) Line: 132: NET/OFI Rank 22: Connecting to rank 24
INFO: Function: int main(int, char **) Line: 132: NET/OFI Rank 22: Connecting to rank 25
INFO: Function: int main(int, char **) Line: 132: NET/OFI Rank 22: Connecting to rank 26
INFO: Function: int main(int, char **) Line: 132: NET/OFI Rank 22: Connecting to rank 27
INFO: Function: int main(int, char **) Line: 132: NET/OFI Rank 22: Connecting to rank 28
INFO: Function: int main(int, char **) Line: 142: NET/OFI Rank 29: Accepting connection from rank 7
INFO: Function: int main(int, char **) Line: 142: NET/OFI Rank 29: Accepting connection from rank 8
INFO: Function: int main(int, char **) Line: 117: NET/OFI Rank 5: Creating listener for rank 28 on dev 2
INFO: Function: int main(int, char **) Line: 117: NET/OFI Rank 5: Creating listener for rank 29 on dev 2
INFO: Function: int main(int, char **) Line: 117: NET/OFI Rank 5: Creating listener for rank 30 on dev 2
INFO: Function: int main(int, char **) Line: 117: NET/OFI Rank 5: Creating listener for rank 31 on dev 2
INFO: Function: int main(int, char **) Line: 132: NET/OFI Rank 5: Connecting to rank 0
INFO: Function: int main(int, char **) Line: 132: NET/OFI Rank 5: Connecting to rank 1
INFO: Function: int main(int, char **) Line: 132: NET/OFI Rank 5: Connecting to rank 2
INFO: Function: int main(int, char **) Line: 132: NET/OFI Rank 5: Connecting to rank 3
INFO: Function: int main(int, char **) Line: 132: NET/OFI Rank 5: Connecting to rank 4
INFO: Function: int main(int, char **) Line: 132: NET/OFI Rank 5: Connecting to rank 6
INFO: Function: int main(int, char **) Line: 132: NET/OFI Rank 14: Connecting to rank 18
INFO: Function: int main(int, char **) Line: 132: NET/OFI Rank 14: Connecting to rank 19
INFO: Function: int main(int, char **) Line: 132: NET/OFI Rank 14: Connecting to rank 20
INFO: Function: int main(int, char **) Line: 132: NET/OFI Rank 14: Connecting to rank 21
INFO: Function: int main(int, char **) Line: 132: NET/OFI Rank 14: Connecting to rank 22
INFO: Function: int main(int, char **) Line: 132: NET/OFI Rank 14: Connecting to rank 23
INFO: Function: int main(int, char **) Line: 132: NET/OFI Rank 14: Connecting to rank 24
INFO: Function: int main(int, char **) Line: 132: NET/OFI Rank 14: Connecting to rank 25
INFO: Function: int main(int, char **) Line: 132: NET/OFI Rank 14: Connecting to rank 26
INFO: Function: int main(int, char **) Line: 132: NET/OFI Rank 14: Connecting to rank 27
INFO: Function: int main(int, char **) Line: 132: NET/OFI Rank 14: Connecting to rank 28
INFO: Function: int main(int, char **) Line: 132: NET/OFI Rank 22: Connecting to rank 29
INFO: Function: int main(int, char **) Line: 132: NET/OFI Rank 22: Connecting to rank 30
INFO: Function: int main(int, char **) Line: 132: NET/OFI Rank 22: Connecting to rank 31
INFO: Function: int main(int, char **) Line: 142: NET/OFI Rank 22: Accepting connection from rank 0
INFO: Function: int main(int, char **) Line: 142: NET/OFI Rank 22: Accepting connection from rank 1
INFO: Function: int main(int, char **) Line: 142: NET/OFI Rank 22: Accepting connection from rank 2
INFO: Function: int main(int, char **) Line: 142: NET/OFI Rank 22: Accepting connection from rank 3
INFO: Function: int main(int, char **) Line: 142: NET/OFI Rank 22: Accepting connection from rank 4
INFO: Function: int main(int, char **) Line: 142: NET/OFI Rank 22: Accepting connection from rank 5
INFO: Function: int main(int, char **) Line: 142: NET/OFI Rank 22: Accepting connection from rank 6
INFO: Function: int main(int, char **) Line: 117: NET/OFI Rank 30: Creating listener for rank 27 on dev 3
INFO: Function: int main(int, char **) Line: 117: NET/OFI Rank 30: Creating listener for rank 28 on dev 3
INFO: Function: int main(int, char **) Line: 117: NET/OFI Rank 30: Creating listener for rank 29 on dev 3
INFO: Function: int main(int, char **) Line: 117: NET/OFI Rank 30: Creating listener for rank 31 on dev 3
INFO: Function: int main(int, char **) Line: 132: NET/OFI Rank 30: Connecting to rank 0
INFO: Function: int main(int, char **) Line: 132: NET/OFI Rank 30: Connecting to rank 1
INFO: Function: int main(int, char **) Line: 132: NET/OFI Rank 30: Connecting to rank 2
INFO: Function: int main(int, char **) Line: 132: NET/OFI Rank 30: Connecting to rank 3
INFO: Function: int main(int, char **) Line: 132: NET/OFI Rank 30: Connecting to rank 4
INFO: Function: int main(int, char **) Line: 132: NET/OFI Rank 30: Connecting to rank 5
INFO: Function: int main(int, char **) Line: 132: NET/OFI Rank 5: Connecting to rank 7
INFO: Function: int main(int, char **) Line: 132: NET/OFI Rank 5: Connecting to rank 8
INFO: Function: int main(int, char **) Line: 132: NET/OFI Rank 5: Connecting to rank 9
INFO: Function: int main(int, char **) Line: 132: NET/OFI Rank 5: Connecting to rank 10
INFO: Function: int main(int, char **) Line: 132: NET/OFI Rank 5: Connecting to rank 11
INFO: Function: int main(int, char **) Line: 132: NET/OFI Rank 5: Connecting to rank 12
INFO: Function: int main(int, char **) Line: 132: NET/OFI Rank 5: Connecting to rank 13
INFO: Function: int main(int, char **) Line: 132: NET/OFI Rank 5: Connecting to rank 14
INFO: Function: int main(int, char **) Line: 132: NET/OFI Rank 5: Connecting to rank 15
INFO: Function: int main(int, char **) Line: 132: NET/OFI Rank 5: Connecting to rank 16
INFO: Function: int main(int, char **) Line: 132: NET/OFI Rank 5: Connecting to rank 17
INFO: Function: int main(int, char **) Line: 132: NET/OFI Rank 14: Connecting to rank 29
INFO: Function: int main(int, char **) Line: 132: NET/OFI Rank 14: Connecting to rank 30
INFO: Function: int main(int, char **) Line: 132: NET/OFI Rank 14: Connecting to rank 31
INFO: Function: int main(int, char **) Line: 142: NET/OFI Rank 14: Accepting connection from rank 0
INFO: Function: int main(int, char **) Line: 142: NET/OFI Rank 14: Accepting connection from rank 1
INFO: Function: int main(int, char **) Line: 142: NET/OFI Rank 14: Accepting connection from rank 2
INFO: Function: int main(int, char **) Line: 142: NET/OFI Rank 14: Accepting connection from rank 3
INFO: Function: int main(int, char **) Line: 142: NET/OFI Rank 14: Accepting connection from rank 4
INFO: Function: int main(int, char **) Line: 142: NET/OFI Rank 14: Accepting connection from rank 5
INFO: Function: int main(int, char **) Line: 142: NET/OFI Rank 14: Accepting connection from rank 6
INFO: Function: int main(int, char **) Line: 142: NET/OFI Rank 22: Accepting connection from rank 7
INFO: Function: int main(int, char **) Line: 142: NET/OFI Rank 22: Accepting connection from rank 8
INFO: Function: int main(int, char **) Line: 132: NET/OFI Rank 30: Connecting to rank 6
INFO: Function: int main(int, char **) Line: 132: NET/OFI Rank 30: Connecting to rank 7
INFO: Function: int main(int, char **) Line: 132: NET/OFI Rank 30: Connecting to rank 8
INFO: Function: int main(int, char **) Line: 132: NET/OFI Rank 30: Connecting to rank 9
INFO: Function: int main(int, char **) Line: 132: NET/OFI Rank 30: Connecting to rank 10
INFO: Function: int main(int, char **) Line: 132: NET/OFI Rank 30: Connecting to rank 11
INFO: Function: int main(int, char **) Line: 132: NET/OFI Rank 30: Connecting to rank 12
INFO: Function: int main(int, char **) Line: 132: NET/OFI Rank 30: Connecting to rank 13
INFO: Function: int main(int, char **) Line: 132: NET/OFI Rank 30: Connecting to rank 14
INFO: Function: int main(int, char **) Line: 132: NET/OFI Rank 30: Connecting to rank 15
INFO: Function: int main(int, char **) Line: 132: NET/OFI Rank 30: Connecting to rank 16
INFO: Function: int main(int, char **) Line: 132: NET/OFI Rank 5: Connecting to rank 18
INFO: Function: int main(int, char **) Line: 132: NET/OFI Rank 5: Connecting to rank 19
INFO: Function: int main(int, char **) Line: 132: NET/OFI Rank 5: Connecting to rank 20
INFO: Function: int main(int, char **) Line: 132: NET/OFI Rank 5: Connecting to rank 21
INFO: Function: int main(int, char **) Line: 132: NET/OFI Rank 5: Connecting to rank 22
INFO: Function: int main(int, char **) Line: 132: NET/OFI Rank 5: Connecting to rank 23
INFO: Function: int main(int, char **) Line: 132: NET/OFI Rank 5: Connecting to rank 24
INFO: Function: int main(int, char **) Line: 132: NET/OFI Rank 5: Connecting to rank 25
INFO: Function: int main(int, char **) Line: 132: NET/OFI Rank 5: Connecting to rank 26
INFO: Function: int main(int, char **) Line: 132: NET/OFI Rank 5: Connecting to rank 27
INFO: Function: int main(int, char **) Line: 132: NET/OFI Rank 5: Connecting to rank 28
INFO: Function: int main(int, char **) Line: 142: NET/OFI Rank 14: Accepting connection from rank 7
INFO: Function: int main(int, char **) Line: 142: NET/OFI Rank 14: Accepting connection from rank 8
INFO: Function: int main(int, char **) Line: 117: NET/OFI Rank 23: Creating listener for rank 28 on dev 3
INFO: Function: int main(int, char **) Line: 117: NET/OFI Rank 23: Creating listener for rank 29 on dev 3
INFO: Function: int main(int, char **) Line: 117: NET/OFI Rank 23: Creating listener for rank 30 on dev 3
INFO: Function: int main(int, char **) Line: 117: NET/OFI Rank 23: Creating listener for rank 31 on dev 3
INFO: Function: int main(int, char **) Line: 132: NET/OFI Rank 23: Connecting to rank 0
INFO: Function: int main(int, char **) Line: 132: NET/OFI Rank 23: Connecting to rank 1
INFO: Function: int main(int, char **) Line: 132: NET/OFI Rank 23: Connecting to rank 2
INFO: Function: int main(int, char **) Line: 132: NET/OFI Rank 23: Connecting to rank 3
INFO: Function: int main(int, char **) Line: 132: NET/OFI Rank 23: Connecting to rank 4
INFO: Function: int main(int, char **) Line: 132: NET/OFI Rank 23: Connecting to rank 5
INFO: Function: int main(int, char **) Line: 132: NET/OFI Rank 30: Connecting to rank 17
INFO: Function: int main(int, char **) Line: 132: NET/OFI Rank 30: Connecting to rank 18
INFO: Function: int main(int, char **) Line: 132: NET/OFI Rank 30: Connecting to rank 19
INFO: Function: int main(int, char **) Line: 132: NET/OFI Rank 30: Connecting to rank 20
INFO: Function: int main(int, char **) Line: 132: NET/OFI Rank 30: Connecting to rank 21
INFO: Function: int main(int, char **) Line: 132: NET/OFI Rank 30: Connecting to rank 22
INFO: Function: int main(int, char **) Line: 132: NET/OFI Rank 30: Connecting to rank 23
INFO: Function: int main(int, char **) Line: 132: NET/OFI Rank 30: Connecting to rank 24
INFO: Function: int main(int, char **) Line: 132: NET/OFI Rank 30: Connecting to rank 25
INFO: Function: int main(int, char **) Line: 132: NET/OFI Rank 30: Connecting to rank 26
INFO: Function: int main(int, char **) Line: 132: NET/OFI Rank 30: Connecting to rank 27
INFO: Function: int main(int, char **) Line: 132: NET/OFI Rank 5: Connecting to rank 29
INFO: Function: int main(int, char **) Line: 132: NET/OFI Rank 5: Connecting to rank 30
INFO: Function: int main(int, char **) Line: 132: NET/OFI Rank 5: Connecting to rank 31
INFO: Function: int main(int, char **) Line: 142: NET/OFI Rank 5: Accepting connection from rank 0
INFO: Function: int main(int, char **) Line: 142: NET/OFI Rank 5: Accepting connection from rank 1
INFO: Function: int main(int, char **) Line: 142: NET/OFI Rank 5: Accepting connection from rank 2
INFO: Function: int main(int, char **) Line: 142: NET/OFI Rank 5: Accepting connection from rank 3
INFO: Function: int main(int, char **) Line: 142: NET/OFI Rank 5: Accepting connection from rank 4
INFO: Function: int main(int, char **) Line: 142: NET/OFI Rank 5: Accepting connection from rank 6
INFO: Function: int main(int, char **) Line: 142: NET/OFI Rank 5: Accepting connection from rank 7
INFO: Function: int main(int, char **) Line: 117: NET/OFI Rank 15: Creating listener for rank 28 on dev 3
INFO: Function: int main(int, char **) Line: 117: NET/OFI Rank 15: Creating listener for rank 29 on dev 3
INFO: Function: int main(int, char **) Line: 117: NET/OFI Rank 15: Creating listener for rank 30 on dev 3
INFO: Function: int main(int, char **) Line: 117: NET/OFI Rank 15: Creating listener for rank 31 on dev 3
INFO: Function: int main(int, char **) Line: 132: NET/OFI Rank 15: Connecting to rank 0
INFO: Function: int main(int, char **) Line: 132: NET/OFI Rank 15: Connecting to rank 1
INFO: Function: int main(int, char **) Line: 132: NET/OFI Rank 15: Connecting to rank 2
INFO: Function: int main(int, char **) Line: 132: NET/OFI Rank 15: Connecting to rank 3
INFO: Function: int main(int, char **) Line: 132: NET/OFI Rank 15: Connecting to rank 4
INFO: Function: int main(int, char **) Line: 132: NET/OFI Rank 15: Connecting to rank 5
INFO: Function: int main(int, char **) Line: 132: NET/OFI Rank 23: Connecting to rank 6
INFO: Function: int main(int, char **) Line: 132: NET/OFI Rank 23: Connecting to rank 7
INFO: Function: int main(int, char **) Line: 132: NET/OFI Rank 23: Connecting to rank 8
INFO: Function: int main(int, char **) Line: 132: NET/OFI Rank 23: Connecting to rank 9
INFO: Function: int main(int, char **) Line: 132: NET/OFI Rank 23: Connecting to rank 10
INFO: Function: int main(int, char **) Line: 132: NET/OFI Rank 23: Connecting to rank 11
INFO: Function: int main(int, char **) Line: 132: NET/OFI Rank 23: Connecting to rank 12
INFO: Function: int main(int, char **) Line: 132: NET/OFI Rank 23: Connecting to rank 13
INFO: Function: int main(int, char **) Line: 132: NET/OFI Rank 23: Connecting to rank 14
INFO: Function: int main(int, char **) Line: 132: NET/OFI Rank 23: Connecting to rank 15
INFO: Function: int main(int, char **) Line: 132: NET/OFI Rank 23: Connecting to rank 16
INFO: Function: int main(int, char **) Line: 132: NET/OFI Rank 30: Connecting to rank 28
INFO: Function: int main(int, char **) Line: 132: NET/OFI Rank 30: Connecting to rank 29
INFO: Function: int main(int, char **) Line: 132: NET/OFI Rank 30: Connecting to rank 31
INFO: Function: int main(int, char **) Line: 142: NET/OFI Rank 30: Accepting connection from rank 0
INFO: Function: int main(int, char **) Line: 142: NET/OFI Rank 30: Accepting connection from rank 1
INFO: Function: int main(int, char **) Line: 142: NET/OFI Rank 30: Accepting connection from rank 2
INFO: Function: int main(int, char **) Line: 142: NET/OFI Rank 30: Accepting connection from rank 3
INFO: Function: int main(int, char **) Line: 142: NET/OFI Rank 30: Accepting connection from rank 4
INFO: Function: int main(int, char **) Line: 142: NET/OFI Rank 30: Accepting connection from rank 5
INFO: Function: int main(int, char **) Line: 142: NET/OFI Rank 30: Accepting connection from rank 6
INFO: Function: int main(int, char **) Line: 142: NET/OFI Rank 5: Accepting connection from rank 8
INFO: Function: int main(int, char **) Line: 142: NET/OFI Rank 5: Accepting connection from rank 9
INFO: Function: int main(int, char **) Line: 132: NET/OFI Rank 15: Connecting to rank 6
INFO: Function: int main(int, char **) Line: 132: NET/OFI Rank 15: Connecting to rank 7
INFO: Function: int main(int, char **) Line: 132: NET/OFI Rank 15: Connecting to rank 8
INFO: Function: int main(int, char **) Line: 132: NET/OFI Rank 15: Connecting to rank 9
INFO: Function: int main(int, char **) Line: 132: NET/OFI Rank 15: Connecting to rank 10
INFO: Function: int main(int, char **) Line: 132: NET/OFI Rank 15: Connecting to rank 11
INFO: Function: int main(int, char **) Line: 132: NET/OFI Rank 15: Connecting to rank 12
INFO: Function: int main(int, char **) Line: 132: NET/OFI Rank 15: Connecting to rank 13
INFO: Function: int main(int, char **) Line: 132: NET/OFI Rank 15: Connecting to rank 14
INFO: Function: int main(int, char **) Line: 132: NET/OFI Rank 15: Connecting to rank 16
INFO: Function: int main(int, char **) Line: 132: NET/OFI Rank 15: Connecting to rank 17
INFO: Function: int main(int, char **) Line: 132: NET/OFI Rank 23: Connecting to rank 17
INFO: Function: int main(int, char **) Line: 132: NET/OFI Rank 23: Connecting to rank 18
INFO: Function: int main(int, char **) Line: 132: NET/OFI Rank 23: Connecting to rank 19
INFO: Function: int main(int, char **) Line: 132: NET/OFI Rank 23: Connecting to rank 20
INFO: Function: int main(int, char **) Line: 132: NET/OFI Rank 23: Connecting to rank 21
INFO: Function: int main(int, char **) Line: 132: NET/OFI Rank 23: Connecting to rank 22
INFO: Function: int main(int, char **) Line: 132: NET/OFI Rank 23: Connecting to rank 24
INFO: Function: int main(int, char **) Line: 132: NET/OFI Rank 23: Connecting to rank 25
INFO: Function: int main(int, char **) Line: 132: NET/OFI Rank 23: Connecting to rank 26
INFO: Function: int main(int, char **) Line: 132: NET/OFI Rank 23: Connecting to rank 27
INFO: Function: int main(int, char **) Line: 132: NET/OFI Rank 23: Connecting to rank 28
INFO: Function: int main(int, char **) Line: 142: NET/OFI Rank 30: Accepting connection from rank 7
INFO: Function: int main(int, char **) Line: 142: NET/OFI Rank 30: Accepting connection from rank 8
INFO: Function: int main(int, char **) Line: 117: NET/OFI Rank 6: Creating listener for rank 28 on dev 3
INFO: Function: int main(int, char **) Line: 117: NET/OFI Rank 6: Creating listener for rank 29 on dev 3
INFO: Function: int main(int, char **) Line: 117: NET/OFI Rank 6: Creating listener for rank 30 on dev 3
INFO: Function: int main(int, char **) Line: 117: NET/OFI Rank 6: Creating listener for rank 31 on dev 3
INFO: Function: int main(int, char **) Line: 132: NET/OFI Rank 6: Connecting to rank 0
INFO: Function: int main(int, char **) Line: 132: NET/OFI Rank 6: Connecting to rank 1
INFO: Function: int main(int, char **) Line: 132: NET/OFI Rank 6: Connecting to rank 2
INFO: Function: int main(int, char **) Line: 132: NET/OFI Rank 6: Connecting to rank 3
INFO: Function: int main(int, char **) Line: 132: NET/OFI Rank 6: Connecting to rank 4
INFO: Function: int main(int, char **) Line: 132: NET/OFI Rank 6: Connecting to rank 5
INFO: Function: int main(int, char **) Line: 132: NET/OFI Rank 15: Connecting to rank 18
INFO: Function: int main(int, char **) Line: 132: NET/OFI Rank 15: Connecting to rank 19
INFO: Function: int main(int, char **) Line: 132: NET/OFI Rank 15: Connecting to rank 20
INFO: Function: int main(int, char **) Line: 132: NET/OFI Rank 15: Connecting to rank 21
INFO: Function: int main(int, char **) Line: 132: NET/OFI Rank 15: Connecting to rank 22
INFO: Function: int main(int, char **) Line: 132: NET/OFI Rank 15: Connecting to rank 23
INFO: Function: int main(int, char **) Line: 132: NET/OFI Rank 15: Connecting to rank 24
INFO: Function: int main(int, char **) Line: 132: NET/OFI Rank 15: Connecting to rank 25
INFO: Function: int main(int, char **) Line: 132: NET/OFI Rank 15: Connecting to rank 26
INFO: Function: int main(int, char **) Line: 132: NET/OFI Rank 15: Connecting to rank 27
INFO: Function: int main(int, char **) Line: 132: NET/OFI Rank 15: Connecting to rank 28
INFO: Function: int main(int, char **) Line: 132: NET/OFI Rank 23: Connecting to rank 29
INFO: Function: int main(int, char **) Line: 132: NET/OFI Rank 23: Connecting to rank 30
INFO: Function: int main(int, char **) Line: 132: NET/OFI Rank 23: Connecting to rank 31
INFO: Function: int main(int, char **) Line: 142: NET/OFI Rank 23: Accepting connection from rank 0
INFO: Function: int main(int, char **) Line: 142: NET/OFI Rank 23: Accepting connection from rank 1
INFO: Function: int main(int, char **) Line: 142: NET/OFI Rank 23: Accepting connection from rank 2
INFO: Function: int main(int, char **) Line: 142: NET/OFI Rank 23: Accepting connection from rank 3
INFO: Function: int main(int, char **) Line: 142: NET/OFI Rank 23: Accepting connection from rank 4
INFO: Function: int main(int, char **) Line: 142: NET/OFI Rank 23: Accepting connection from rank 5
INFO: Function: int main(int, char **) Line: 142: NET/OFI Rank 23: Accepting connection from rank 6
INFO: Function: int main(int, char **) Line: 117: NET/OFI Rank 31: Creating listener for rank 27 on dev 3
INFO: Function: int main(int, char **) Line: 117: NET/OFI Rank 31: Creating listener for rank 28 on dev 3
INFO: Function: int main(int, char **) Line: 117: NET/OFI Rank 31: Creating listener for rank 29 on dev 3
INFO: Function: int main(int, char **) Line: 117: NET/OFI Rank 31: Creating listener for rank 30 on dev 3
INFO: Function: int main(int, char **) Line: 132: NET/OFI Rank 31: Connecting to rank 0
INFO: Function: int main(int, char **) Line: 132: NET/OFI Rank 31: Connecting to rank 1
INFO: Function: int main(int, char **) Line: 132: NET/OFI Rank 31: Connecting to rank 2
INFO: Function: int main(int, char **) Line: 132: NET/OFI Rank 31: Connecting to rank 3
INFO: Function: int main(int, char **) Line: 132: NET/OFI Rank 31: Connecting to rank 4
INFO: Function: int main(int, char **) Line: 132: NET/OFI Rank 31: Connecting to rank 5
INFO: Function: int main(int, char **) Line: 132: NET/OFI Rank 6: Connecting to rank 7
INFO: Function: int main(int, char **) Line: 132: NET/OFI Rank 6: Connecting to rank 8
INFO: Function: int main(int, char **) Line: 132: NET/OFI Rank 6: Connecting to rank 9
INFO: Function: int main(int, char **) Line: 132: NET/OFI Rank 6: Connecting to rank 10
INFO: Function: int main(int, char **) Line: 132: NET/OFI Rank 6: Connecting to rank 11
INFO: Function: int main(int, char **) Line: 132: NET/OFI Rank 6: Connecting to rank 12
INFO: Function: int main(int, char **) Line: 132: NET/OFI Rank 6: Connecting to rank 13
INFO: Function: int main(int, char **) Line: 132: NET/OFI Rank 6: Connecting to rank 14
INFO: Function: int main(int, char **) Line: 132: NET/OFI Rank 6: Connecting to rank 15
INFO: Function: int main(int, char **) Line: 132: NET/OFI Rank 6: Connecting to rank 16
INFO: Function: int main(int, char **) Line: 132: NET/OFI Rank 6: Connecting to rank 17
INFO: Function: int main(int, char **) Line: 132: NET/OFI Rank 15: Connecting to rank 29
INFO: Function: int main(int, char **) Line: 132: NET/OFI Rank 15: Connecting to rank 30
INFO: Function: int main(int, char **) Line: 132: NET/OFI Rank 15: Connecting to rank 31
INFO: Function: int main(int, char **) Line: 142: NET/OFI Rank 15: Accepting connection from rank 0
INFO: Function: int main(int, char **) Line: 142: NET/OFI Rank 15: Accepting connection from rank 1
INFO: Function: int main(int, char **) Line: 142: NET/OFI Rank 15: Accepting connection from rank 2
INFO: Function: int main(int, char **) Line: 142: NET/OFI Rank 15: Accepting connection from rank 3
INFO: Function: int main(int, char **) Line: 142: NET/OFI Rank 15: Accepting connection from rank 4
INFO: Function: int main(int, char **) Line: 142: NET/OFI Rank 15: Accepting connection from rank 5
INFO: Function: int main(int, char **) Line: 142: NET/OFI Rank 15: Accepting connection from rank 6
INFO: Function: int main(int, char **) Line: 142: NET/OFI Rank 23: Accepting connection from rank 7
INFO: Function: int main(int, char **) Line: 142: NET/OFI Rank 23: Accepting connection from rank 8
INFO: Function: int main(int, char **) Line: 132: NET/OFI Rank 31: Connecting to rank 6
INFO: Function: int main(int, char **) Line: 132: NET/OFI Rank 31: Connecting to rank 7
INFO: Function: int main(int, char **) Line: 132: NET/OFI Rank 31: Connecting to rank 8
INFO: Function: int main(int, char **) Line: 132: NET/OFI Rank 31: Connecting to rank 9
INFO: Function: int main(int, char **) Line: 132: NET/OFI Rank 31: Connecting to rank 10
INFO: Function: int main(int, char **) Line: 132: NET/OFI Rank 31: Connecting to rank 11
INFO: Function: int main(int, char **) Line: 132: NET/OFI Rank 31: Connecting to rank 12
INFO: Function: int main(int, char **) Line: 132: NET/OFI Rank 31: Connecting to rank 13
INFO: Function: int main(int, char **) Line: 132: NET/OFI Rank 31: Connecting to rank 14
INFO: Function: int main(int, char **) Line: 132: NET/OFI Rank 31: Connecting to rank 15
INFO: Function: int main(int, char **) Line: 132: NET/OFI Rank 31: Connecting to rank 16
INFO: Function: int main(int, char **) Line: 132: NET/OFI Rank 6: Connecting to rank 18
INFO: Function: int main(int, char **) Line: 132: NET/OFI Rank 6: Connecting to rank 19
INFO: Function: int main(int, char **) Line: 132: NET/OFI Rank 6: Connecting to rank 20
INFO: Function: int main(int, char **) Line: 132: NET/OFI Rank 6: Connecting to rank 21
INFO: Function: int main(int, char **) Line: 132: NET/OFI Rank 6: Connecting to rank 22
INFO: Function: int main(int, char **) Line: 132: NET/OFI Rank 6: Connecting to rank 23
INFO: Function: int main(int, char **) Line: 132: NET/OFI Rank 6: Connecting to rank 24
INFO: Function: int main(int, char **) Line: 132: NET/OFI Rank 6: Connecting to rank 25
INFO: Function: int main(int, char **) Line: 132: NET/OFI Rank 6: Connecting to rank 26
INFO: Function: int main(int, char **) Line: 132: NET/OFI Rank 6: Connecting to rank 27
INFO: Function: int main(int, char **) Line: 132: NET/OFI Rank 6: Connecting to rank 28
INFO: Function: int main(int, char **) Line: 142: NET/OFI Rank 15: Accepting connection from rank 7
INFO: Function: int main(int, char **) Line: 142: NET/OFI Rank 15: Accepting connection from rank 8
INFO: Function: int main(int, char **) Line: 117: NET/OFI Rank 19: Creating listener for rank 28 on dev 1
INFO: Function: int main(int, char **) Line: 117: NET/OFI Rank 19: Creating listener for rank 29 on dev 1
INFO: Function: int main(int, char **) Line: 117: NET/OFI Rank 19: Creating listener for rank 30 on dev 1
INFO: Function: int main(int, char **) Line: 117: NET/OFI Rank 19: Creating listener for rank 31 on dev 1
INFO: Function: int main(int, char **) Line: 132: NET/OFI Rank 19: Connecting to rank 0
INFO: Function: int main(int, char **) Line: 132: NET/OFI Rank 19: Connecting to rank 1
INFO: Function: int main(int, char **) Line: 132: NET/OFI Rank 19: Connecting to rank 2
INFO: Function: int main(int, char **) Line: 132: NET/OFI Rank 19: Connecting to rank 3
INFO: Function: int main(int, char **) Line: 132: NET/OFI Rank 19: Connecting to rank 4
INFO: Function: int main(int, char **) Line: 132: NET/OFI Rank 19: Connecting to rank 5
INFO: Function: int main(int, char **) Line: 132: NET/OFI Rank 31: Connecting to rank 17
INFO: Function: int main(int, char **) Line: 132: NET/OFI Rank 31: Connecting to rank 18
INFO: Function: int main(int, char **) Line: 132: NET/OFI Rank 31: Connecting to rank 19
INFO: Function: int main(int, char **) Line: 132: NET/OFI Rank 31: Connecting to rank 20
INFO: Function: int main(int, char **) Line: 132: NET/OFI Rank 31: Connecting to rank 21
INFO: Function: int main(int, char **) Line: 132: NET/OFI Rank 31: Connecting to rank 22
INFO: Function: int main(int, char **) Line: 132: NET/OFI Rank 31: Connecting to rank 23
INFO: Function: int main(int, char **) Line: 132: NET/OFI Rank 31: Connecting to rank 24
INFO: Function: int main(int, char **) Line: 132: NET/OFI Rank 31: Connecting to rank 25
INFO: Function: int main(int, char **) Line: 132: NET/OFI Rank 31: Connecting to rank 26
INFO: Function: int main(int, char **) Line: 132: NET/OFI Rank 31: Connecting to rank 27
INFO: Function: int main(int, char **) Line: 132: NET/OFI Rank 6: Connecting to rank 29
INFO: Function: int main(int, char **) Line: 132: NET/OFI Rank 6: Connecting to rank 30
INFO: Function: int main(int, char **) Line: 132: NET/OFI Rank 6: Connecting to rank 31
INFO: Function: int main(int, char **) Line: 142: NET/OFI Rank 6: Accepting connection from rank 0
INFO: Function: int main(int, char **) Line: 142: NET/OFI Rank 6: Accepting connection from rank 1
INFO: Function: int main(int, char **) Line: 142: NET/OFI Rank 6: Accepting connection from rank 2
INFO: Function: int main(int, char **) Line: 142: NET/OFI Rank 6: Accepting connection from rank 3
INFO: Function: int main(int, char **) Line: 142: NET/OFI Rank 6: Accepting connection from rank 4
INFO: Function: int main(int, char **) Line: 142: NET/OFI Rank 6: Accepting connection from rank 5
INFO: Function: int main(int, char **) Line: 142: NET/OFI Rank 6: Accepting connection from rank 7
INFO: Function: int main(int, char **) Line: 132: NET/OFI Rank 19: Connecting to rank 6
INFO: Function: int main(int, char **) Line: 132: NET/OFI Rank 19: Connecting to rank 7
INFO: Function: int main(int, char **) Line: 132: NET/OFI Rank 19: Connecting to rank 8
INFO: Function: int main(int, char **) Line: 132: NET/OFI Rank 19: Connecting to rank 9
INFO: Function: int main(int, char **) Line: 132: NET/OFI Rank 19: Connecting to rank 10
INFO: Function: int main(int, char **) Line: 132: NET/OFI Rank 19: Connecting to rank 11
INFO: Function: int main(int, char **) Line: 132: NET/OFI Rank 19: Connecting to rank 12
INFO: Function: int main(int, char **) Line: 132: NET/OFI Rank 19: Connecting to rank 13
INFO: Function: int main(int, char **) Line: 132: NET/OFI Rank 19: Connecting to rank 14
INFO: Function: int main(int, char **) Line: 132: NET/OFI Rank 19: Connecting to rank 15
INFO: Function: int main(int, char **) Line: 132: NET/OFI Rank 19: Connecting to rank 16
INFO: Function: int main(int, char **) Line: 132: NET/OFI Rank 31: Connecting to rank 28
INFO: Function: int main(int, char **) Line: 132: NET/OFI Rank 31: Connecting to rank 29
INFO: Function: int main(int, char **) Line: 132: NET/OFI Rank 31: Connecting to rank 30
INFO: Function: int main(int, char **) Line: 142: NET/OFI Rank 31: Accepting connection from rank 0
INFO: Function: int main(int, char **) Line: 142: NET/OFI Rank 31: Accepting connection from rank 1
INFO: Function: int main(int, char **) Line: 142: NET/OFI Rank 31: Accepting connection from rank 2
INFO: Function: int main(int, char **) Line: 142: NET/OFI Rank 31: Accepting connection from rank 3
INFO: Function: int main(int, char **) Line: 142: NET/OFI Rank 31: Accepting connection from rank 4
INFO: Function: int main(int, char **) Line: 142: NET/OFI Rank 31: Accepting connection from rank 5
INFO: Function: int main(int, char **) Line: 142: NET/OFI Rank 31: Accepting connection from rank 6
INFO: Function: int main(int, char **) Line: 142: NET/OFI Rank 6: Accepting connection from rank 8
INFO: Function: int main(int, char **) Line: 142: NET/OFI Rank 6: Accepting connection from rank 9
INFO: Function: int main(int, char **) Line: 132: NET/OFI Rank 19: Connecting to rank 17
INFO: Function: int main(int, char **) Line: 132: NET/OFI Rank 19: Connecting to rank 18
INFO: Function: int main(int, char **) Line: 132: NET/OFI Rank 19: Connecting to rank 20
INFO: Function: int main(int, char **) Line: 132: NET/OFI Rank 19: Connecting to rank 21
INFO: Function: int main(int, char **) Line: 132: NET/OFI Rank 19: Connecting to rank 22
INFO: Function: int main(int, char **) Line: 132: NET/OFI Rank 19: Connecting to rank 23
INFO: Function: int main(int, char **) Line: 132: NET/OFI Rank 19: Connecting to rank 24
INFO: Function: int main(int, char **) Line: 132: NET/OFI Rank 19: Connecting to rank 25
INFO: Function: int main(int, char **) Line: 132: NET/OFI Rank 19: Connecting to rank 26
INFO: Function: int main(int, char **) Line: 132: NET/OFI Rank 19: Connecting to rank 27
INFO: Function: int main(int, char **) Line: 132: NET/OFI Rank 19: Connecting to rank 28
INFO: Function: int main(int, char **) Line: 142: NET/OFI Rank 31: Accepting connection from rank 7
INFO: Function: int main(int, char **) Line: 142: NET/OFI Rank 31: Accepting connection from rank 8
INFO: Function: int main(int, char **) Line: 117: NET/OFI Rank 7: Creating listener for rank 28 on dev 3
INFO: Function: int main(int, char **) Line: 117: NET/OFI Rank 7: Creating listener for rank 29 on dev 3
INFO: Function: int main(int, char **) Line: 117: NET/OFI Rank 7: Creating listener for rank 30 on dev 3
INFO: Function: int main(int, char **) Line: 117: NET/OFI Rank 7: Creating listener for rank 31 on dev 3
INFO: Function: int main(int, char **) Line: 132: NET/OFI Rank 7: Connecting to rank 0
INFO: Function: int main(int, char **) Line: 132: NET/OFI Rank 7: Connecting to rank 1
INFO: Function: int main(int, char **) Line: 132: NET/OFI Rank 7: Connecting to rank 2
INFO: Function: int main(int, char **) Line: 132: NET/OFI Rank 7: Connecting to rank 3
INFO: Function: int main(int, char **) Line: 132: NET/OFI Rank 7: Connecting to rank 4
INFO: Function: int main(int, char **) Line: 132: NET/OFI Rank 7: Connecting to rank 5
INFO: Function: int main(int, char **) Line: 132: NET/OFI Rank 19: Connecting to rank 29
INFO: Function: int main(int, char **) Line: 132: NET/OFI Rank 19: Connecting to rank 30
INFO: Function: int main(int, char **) Line: 132: NET/OFI Rank 19: Connecting to rank 31
INFO: Function: int main(int, char **) Line: 142: NET/OFI Rank 19: Accepting connection from rank 0
INFO: Function: int main(int, char **) Line: 142: NET/OFI Rank 19: Accepting connection from rank 1
INFO: Function: int main(int, char **) Line: 142: NET/OFI Rank 19: Accepting connection from rank 2
INFO: Function: int main(int, char **) Line: 142: NET/OFI Rank 19: Accepting connection from rank 3
INFO: Function: int main(int, char **) Line: 142: NET/OFI Rank 19: Accepting connection from rank 4
INFO: Function: int main(int, char **) Line: 142: NET/OFI Rank 19: Accepting connection from rank 5
INFO: Function: int main(int, char **) Line: 142: NET/OFI Rank 19: Accepting connection from rank 6
INFO: Function: int main(int, char **) Line: 132: NET/OFI Rank 7: Connecting to rank 6
INFO: Function: int main(int, char **) Line: 132: NET/OFI Rank 7: Connecting to rank 8
INFO: Function: int main(int, char **) Line: 132: NET/OFI Rank 7: Connecting to rank 9
INFO: Function: int main(int, char **) Line: 132: NET/OFI Rank 7: Connecting to rank 10
INFO: Function: int main(int, char **) Line: 132: NET/OFI Rank 7: Connecting to rank 11
INFO: Function: int main(int, char **) Line: 132: NET/OFI Rank 7: Connecting to rank 12
INFO: Function: int main(int, char **) Line: 132: NET/OFI Rank 7: Connecting to rank 13
INFO: Function: int main(int, char **) Line: 132: NET/OFI Rank 7: Connecting to rank 14
INFO: Function: int main(int, char **) Line: 132: NET/OFI Rank 7: Connecting to rank 15
INFO: Function: int main(int, char **) Line: 132: NET/OFI Rank 7: Connecting to rank 16
INFO: Function: int main(int, char **) Line: 132: NET/OFI Rank 7: Connecting to rank 17
INFO: Function: int main(int, char **) Line: 142: NET/OFI Rank 19: Accepting connection from rank 7
INFO: Function: int main(int, char **) Line: 142: NET/OFI Rank 19: Accepting connection from rank 8
INFO: Function: int main(int, char **) Line: 132: NET/OFI Rank 7: Connecting to rank 18
INFO: Function: int main(int, char **) Line: 132: NET/OFI Rank 7: Connecting to rank 19
INFO: Function: int main(int, char **) Line: 132: NET/OFI Rank 7: Connecting to rank 20
INFO: Function: int main(int, char **) Line: 132: NET/OFI Rank 7: Connecting to rank 21
INFO: Function: int main(int, char **) Line: 132: NET/OFI Rank 7: Connecting to rank 22
INFO: Function: int main(int, char **) Line: 132: NET/OFI Rank 7: Connecting to rank 23
INFO: Function: int main(int, char **) Line: 132: NET/OFI Rank 7: Connecting to rank 24
INFO: Function: int main(int, char **) Line: 132: NET/OFI Rank 7: Connecting to rank 25
INFO: Function: int main(int, char **) Line: 132: NET/OFI Rank 7: Connecting to rank 26
INFO: Function: int main(int, char **) Line: 132: NET/OFI Rank 7: Connecting to rank 27
INFO: Function: int main(int, char **) Line: 132: NET/OFI Rank 7: Connecting to rank 28
INFO: Function: int main(int, char **) Line: 117: NET/OFI Rank 21: Creating listener for rank 28 on dev 2
INFO: Function: int main(int, char **) Line: 117: NET/OFI Rank 21: Creating listener for rank 29 on dev 2
INFO: Function: int main(int, char **) Line: 117: NET/OFI Rank 21: Creating listener for rank 30 on dev 2
INFO: Function: int main(int, char **) Line: 117: NET/OFI Rank 21: Creating listener for rank 31 on dev 2
INFO: Function: int main(int, char **) Line: 132: NET/OFI Rank 21: Connecting to rank 0
INFO: Function: int main(int, char **) Line: 132: NET/OFI Rank 21: Connecting to rank 1
INFO: Function: int main(int, char **) Line: 132: NET/OFI Rank 21: Connecting to rank 2
INFO: Function: int main(int, char **) Line: 132: NET/OFI Rank 21: Connecting to rank 3
INFO: Function: int main(int, char **) Line: 132: NET/OFI Rank 21: Connecting to rank 4
INFO: Function: int main(int, char **) Line: 132: NET/OFI Rank 21: Connecting to rank 5
INFO: Function: int main(int, char **) Line: 132: NET/OFI Rank 7: Connecting to rank 29
INFO: Function: int main(int, char **) Line: 132: NET/OFI Rank 7: Connecting to rank 30
INFO: Function: int main(int, char **) Line: 132: NET/OFI Rank 7: Connecting to rank 31
INFO: Function: int main(int, char **) Line: 142: NET/OFI Rank 7: Accepting connection from rank 0
INFO: Function: int main(int, char **) Line: 142: NET/OFI Rank 7: Accepting connection from rank 1
INFO: Function: int main(int, char **) Line: 142: NET/OFI Rank 7: Accepting connection from rank 2
INFO: Function: int main(int, char **) Line: 142: NET/OFI Rank 7: Accepting connection from rank 3
INFO: Function: int main(int, char **) Line: 142: NET/OFI Rank 7: Accepting connection from rank 4
INFO: Function: int main(int, char **) Line: 142: NET/OFI Rank 7: Accepting connection from rank 5
INFO: Function: int main(int, char **) Line: 142: NET/OFI Rank 7: Accepting connection from rank 6
INFO: Function: int main(int, char **) Line: 132: NET/OFI Rank 21: Connecting to rank 6
INFO: Function: int main(int, char **) Line: 132: NET/OFI Rank 21: Connecting to rank 7
INFO: Function: int main(int, char **) Line: 132: NET/OFI Rank 21: Connecting to rank 8
INFO: Function: int main(int, char **) Line: 132: NET/OFI Rank 21: Connecting to rank 9
INFO: Function: int main(int, char **) Line: 132: NET/OFI Rank 21: Connecting to rank 10
INFO: Function: int main(int, char **) Line: 132: NET/OFI Rank 21: Connecting to rank 11
INFO: Function: int main(int, char **) Line: 132: NET/OFI Rank 21: Connecting to rank 12
INFO: Function: int main(int, char **) Line: 132: NET/OFI Rank 21: Connecting to rank 13
INFO: Function: int main(int, char **) Line: 132: NET/OFI Rank 21: Connecting to rank 14
INFO: Function: int main(int, char **) Line: 132: NET/OFI Rank 21: Connecting to rank 15
INFO: Function: int main(int, char **) Line: 132: NET/OFI Rank 21: Connecting to rank 16
INFO: Function: int main(int, char **) Line: 142: NET/OFI Rank 7: Accepting connection from rank 8
INFO: Function: int main(int, char **) Line: 142: NET/OFI Rank 7: Accepting connection from rank 9
INFO: Function: int main(int, char **) Line: 132: NET/OFI Rank 21: Connecting to rank 17
INFO: Function: int main(int, char **) Line: 132: NET/OFI Rank 21: Connecting to rank 18
INFO: Function: int main(int, char **) Line: 132: NET/OFI Rank 21: Connecting to rank 19
INFO: Function: int main(int, char **) Line: 132: NET/OFI Rank 21: Connecting to rank 20
INFO: Function: int main(int, char **) Line: 132: NET/OFI Rank 21: Connecting to rank 22
INFO: Function: int main(int, char **) Line: 132: NET/OFI Rank 21: Connecting to rank 23
INFO: Function: int main(int, char **) Line: 132: NET/OFI Rank 21: Connecting to rank 24
INFO: Function: int main(int, char **) Line: 132: NET/OFI Rank 21: Connecting to rank 25
INFO: Function: int main(int, char **) Line: 132: NET/OFI Rank 21: Connecting to rank 26
INFO: Function: int main(int, char **) Line: 132: NET/OFI Rank 21: Connecting to rank 27
INFO: Function: int main(int, char **) Line: 132: NET/OFI Rank 21: Connecting to rank 28
INFO: Function: int main(int, char **) Line: 142: NET/OFI Rank 0: Accepting connection from rank 10
INFO: Function: int main(int, char **) Line: 132: NET/OFI Rank 21: Connecting to rank 29
INFO: Function: int main(int, char **) Line: 132: NET/OFI Rank 21: Connecting to rank 30
INFO: Function: int main(int, char **) Line: 132: NET/OFI Rank 21: Connecting to rank 31
INFO: Function: int main(int, char **) Line: 142: NET/OFI Rank 21: Accepting connection from rank 0
INFO: Function: int main(int, char **) Line: 142: NET/OFI Rank 21: Accepting connection from rank 1
INFO: Function: int main(int, char **) Line: 142: NET/OFI Rank 21: Accepting connection from rank 2
INFO: Function: int main(int, char **) Line: 142: NET/OFI Rank 21: Accepting connection from rank 3
INFO: Function: int main(int, char **) Line: 142: NET/OFI Rank 21: Accepting connection from rank 4
INFO: Function: int main(int, char **) Line: 142: NET/OFI Rank 21: Accepting connection from rank 5
INFO: Function: int main(int, char **) Line: 142: NET/OFI Rank 21: Accepting connection from rank 6
INFO: Function: int main(int, char **) Line: 142: NET/OFI Rank 1: Accepting connection from rank 10
INFO: Function: int main(int, char **) Line: 142: NET/OFI Rank 21: Accepting connection from rank 7
INFO: Function: int main(int, char **) Line: 142: NET/OFI Rank 21: Accepting connection from rank 8
INFO: Function: int main(int, char **) Line: 142: NET/OFI Rank 2: Accepting connection from rank 10
INFO: Function: int main(int, char **) Line: 142: NET/OFI Rank 3: Accepting connection from rank 10
INFO: Function: int main(int, char **) Line: 142: NET/OFI Rank 4: Accepting connection from rank 10
INFO: Function: int main(int, char **) Line: 142: NET/OFI Rank 5: Accepting connection from rank 10
INFO: Function: int main(int, char **) Line: 142: NET/OFI Rank 6: Accepting connection from rank 10
INFO: Function: int main(int, char **) Line: 142: NET/OFI Rank 7: Accepting connection from rank 10
INFO: Function: int main(int, char **) Line: 142: NET/OFI Rank 0: Accepting connection from rank 11
INFO: Function: int main(int, char **) Line: 142: NET/OFI Rank 0: Accepting connection from rank 12
INFO: Function: int main(int, char **) Line: 142: NET/OFI Rank 0: Accepting connection from rank 13
INFO: Function: int main(int, char **) Line: 142: NET/OFI Rank 0: Accepting connection from rank 14
INFO: Function: int main(int, char **) Line: 142: NET/OFI Rank 0: Accepting connection from rank 15
INFO: Function: int main(int, char **) Line: 142: NET/OFI Rank 0: Accepting connection from rank 16
INFO: Function: int main(int, char **) Line: 142: NET/OFI Rank 0: Accepting connection from rank 17
INFO: Function: int main(int, char **) Line: 142: NET/OFI Rank 0: Accepting connection from rank 18
INFO: Function: int main(int, char **) Line: 142: NET/OFI Rank 0: Accepting connection from rank 19
INFO: Function: int main(int, char **) Line: 142: NET/OFI Rank 0: Accepting connection from rank 20
INFO: Function: int main(int, char **) Line: 142: NET/OFI Rank 0: Accepting connection from rank 21
INFO: Function: int main(int, char **) Line: 142: NET/OFI Rank 0: Accepting connection from rank 22
INFO: Function: int main(int, char **) Line: 142: NET/OFI Rank 0: Accepting connection from rank 23
INFO: Function: int main(int, char **) Line: 142: NET/OFI Rank 0: Accepting connection from rank 24
INFO: Function: int main(int, char **) Line: 142: NET/OFI Rank 0: Accepting connection from rank 25
INFO: Function: int main(int, char **) Line: 142: NET/OFI Rank 0: Accepting connection from rank 26
INFO: Function: int main(int, char **) Line: 142: NET/OFI Rank 0: Accepting connection from rank 27
INFO: Function: int main(int, char **) Line: 142: NET/OFI Rank 0: Accepting connection from rank 28
INFO: Function: int main(int, char **) Line: 142: NET/OFI Rank 0: Accepting connection from rank 29
INFO: Function: int main(int, char **) Line: 142: NET/OFI Rank 0: Accepting connection from rank 30
INFO: Function: int main(int, char **) Line: 142: NET/OFI Rank 16: Accepting connection from rank 9
INFO: Function: int main(int, char **) Line: 142: NET/OFI Rank 16: Accepting connection from rank 10
INFO: Function: int main(int, char **) Line: 142: NET/OFI Rank 16: Accepting connection from rank 11
INFO: Function: int main(int, char **) Line: 142: NET/OFI Rank 16: Accepting connection from rank 12
INFO: Function: int main(int, char **) Line: 142: NET/OFI Rank 16: Accepting connection from rank 13
INFO: Function: int main(int, char **) Line: 142: NET/OFI Rank 16: Accepting connection from rank 14
INFO: Function: int main(int, char **) Line: 142: NET/OFI Rank 16: Accepting connection from rank 15
INFO: Function: int main(int, char **) Line: 142: NET/OFI Rank 16: Accepting connection from rank 17
INFO: Function: int main(int, char **) Line: 142: NET/OFI Rank 16: Accepting connection from rank 18
INFO: Function: int main(int, char **) Line: 142: NET/OFI Rank 16: Accepting connection from rank 19
INFO: Function: int main(int, char **) Line: 142: NET/OFI Rank 0: Accepting connection from rank 31
INFO: Function: int main(int, char **) Line: 148: NET/OFI Rank 0: All connections established
TRACE: Function: ncclResult_t allocate_buff(void **, size_t, int) Line: 104: NET/OFI Allocating CUDA buffer
TRACE: Function: ncclResult_t allocate_buff(void **, size_t, int) Line: 104: NET/OFI Allocating CUDA buffer
TRACE: Function: ncclResult_t register_mr_buffers(ofiComm_t *, void *, int, int, struct fid_mr **) Line: 544: NET/OFI Skip registering CUDA buffer. hmem_mr: 0
TRACE: Function: ncclResult_t register_mr_buffers(ofiComm_t *, void *, int, int, struct fid_mr **) Line: 544: NET/OFI Skip registering CUDA buffer. hmem_mr: 0
TRACE: Function: ncclResult_t ofi_deregMr(void *, void *) Line: 2546: NET/OFI Null MR handle provided. Skipping deregisteration.
TRACE: Function: ncclResult_t ofi_deregMr(void *, void *) Line: 2546: NET/OFI Null MR handle provided. Skipping deregisteration.
INFO: Function: int main(int, char **) Line: 142: NET/OFI Rank 8: Accepting connection from rank 11
INFO: Function: int main(int, char **) Line: 142: NET/OFI Rank 8: Accepting connection from rank 12
INFO: Function: int main(int, char **) Line: 142: NET/OFI Rank 8: Accepting connection from rank 13
INFO: Function: int main(int, char **) Line: 142: NET/OFI Rank 8: Accepting connection from rank 14
INFO: Function: int main(int, char **) Line: 142: NET/OFI Rank 8: Accepting connection from rank 15
INFO: Function: int main(int, char **) Line: 142: NET/OFI Rank 8: Accepting connection from rank 16
INFO: Function: int main(int, char **) Line: 142: NET/OFI Rank 8: Accepting connection from rank 17
INFO: Function: int main(int, char **) Line: 142: NET/OFI Rank 8: Accepting connection from rank 18
INFO: Function: int main(int, char **) Line: 142: NET/OFI Rank 8: Accepting connection from rank 19
INFO: Function: int main(int, char **) Line: 142: NET/OFI Rank 8: Accepting connection from rank 20
INFO: Function: int main(int, char **) Line: 142: NET/OFI Rank 16: Accepting connection from rank 20
INFO: Function: int main(int, char **) Line: 142: NET/OFI Rank 16: Accepting connection from rank 21
INFO: Function: int main(int, char **) Line: 142: NET/OFI Rank 16: Accepting connection from rank 22
INFO: Function: int main(int, char **) Line: 142: NET/OFI Rank 16: Accepting connection from rank 23
INFO: Function: int main(int, char **) Line: 142: NET/OFI Rank 16: Accepting connection from rank 24
INFO: Function: int main(int, char **) Line: 142: NET/OFI Rank 16: Accepting connection from rank 25
INFO: Function: int main(int, char **) Line: 142: NET/OFI Rank 16: Accepting connection from rank 26
INFO: Function: int main(int, char **) Line: 142: NET/OFI Rank 16: Accepting connection from rank 27
INFO: Function: int main(int, char **) Line: 142: NET/OFI Rank 16: Accepting connection from rank 28
INFO: Function: int main(int, char **) Line: 142: NET/OFI Rank 16: Accepting connection from rank 29
INFO: Function: int main(int, char **) Line: 142: NET/OFI Rank 24: Accepting connection from rank 9
INFO: Function: int main(int, char **) Line: 142: NET/OFI Rank 24: Accepting connection from rank 10
INFO: Function: int main(int, char **) Line: 142: NET/OFI Rank 24: Accepting connection from rank 11
INFO: Function: int main(int, char **) Line: 142: NET/OFI Rank 24: Accepting connection from rank 12
INFO: Function: int main(int, char **) Line: 142: NET/OFI Rank 24: Accepting connection from rank 13
INFO: Function: int main(int, char **) Line: 142: NET/OFI Rank 24: Accepting connection from rank 14
INFO: Function: int main(int, char **) Line: 142: NET/OFI Rank 24: Accepting connection from rank 15
INFO: Function: int main(int, char **) Line: 142: NET/OFI Rank 24: Accepting connection from rank 16
INFO: Function: int main(int, char **) Line: 142: NET/OFI Rank 24: Accepting connection from rank 17
INFO: Function: int main(int, char **) Line: 142: NET/OFI Rank 24: Accepting connection from rank 18
TRACE: Function: ncclResult_t register_mr_buffers(ofiComm_t *, void *, int, int, struct fid_mr **) Line: 544: NET/OFI Skip registering CUDA buffer. hmem_mr: 0
TRACE: Function: ncclResult_t register_mr_buffers(ofiComm_t *, void *, int, int, struct fid_mr **) Line: 544: NET/OFI Skip registering CUDA buffer. hmem_mr: 0
TRACE: Function: ncclResult_t ofi_deregMr(void *, void *) Line: 2546: NET/OFI Null MR handle provided. Skipping deregisteration.
TRACE: Function: ncclResult_t ofi_deregMr(void *, void *) Line: 2546: NET/OFI Null MR handle provided. Skipping deregisteration.
TRACE: Function: ncclResult_t register_mr_buffers(ofiComm_t *, void *, int, int, struct fid_mr **) Line: 544: NET/OFI Skip registering CUDA buffer. hmem_mr: 0
TRACE: Function: ncclResult_t register_mr_buffers(ofiComm_t *, void *, int, int, struct fid_mr **) Line: 544: NET/OFI Skip registering CUDA buffer. hmem_mr: 0
TRACE: Function: ncclResult_t ofi_deregMr(void *, void *) Line: 2546: NET/OFI Null MR handle provided. Skipping deregisteration.
INFO: Function: int main(int, char **) Line: 142: NET/OFI Rank 8: Accepting connection from rank 21
INFO: Function: int main(int, char **) Line: 142: NET/OFI Rank 8: Accepting connection from rank 22
INFO: Function: int main(int, char **) Line: 142: NET/OFI Rank 8: Accepting connection from rank 23
INFO: Function: int main(int, char **) Line: 142: NET/OFI Rank 8: Accepting connection from rank 24
INFO: Function: int main(int, char **) Line: 142: NET/OFI Rank 8: Accepting connection from rank 25
INFO: Function: int main(int, char **) Line: 142: NET/OFI Rank 8: Accepting connection from rank 26
INFO: Function: int main(int, char **) Line: 142: NET/OFI Rank 8: Accepting connection from rank 27
INFO: Function: int main(int, char **) Line: 142: NET/OFI Rank 8: Accepting connection from rank 28
INFO: Function: int main(int, char **) Line: 142: NET/OFI Rank 8: Accepting connection from rank 29
INFO: Function: int main(int, char **) Line: 142: NET/OFI Rank 8: Accepting connection from rank 30
INFO: Function: int main(int, char **) Line: 142: NET/OFI Rank 16: Accepting connection from rank 30
INFO: Function: int main(int, char **) Line: 142: NET/OFI Rank 16: Accepting connection from rank 31
INFO: Function: int main(int, char **) Line: 148: NET/OFI Rank 16: All connections established
TRACE: Function: ncclResult_t allocate_buff(void **, size_t, int) Line: 104: NET/OFI Allocating CUDA buffer
TRACE: Function: ncclResult_t allocate_buff(void **, size_t, int) Line: 104: NET/OFI Allocating CUDA buffer
TRACE: Function: ncclResult_t register_mr_buffers(ofiComm_t *, void *, int, int, struct fid_mr **) Line: 544: NET/OFI Skip registering CUDA buffer. hmem_mr: 0
TRACE: Function: ncclResult_t register_mr_buffers(ofiComm_t *, void *, int, int, struct fid_mr **) Line: 544: NET/OFI Skip registering CUDA buffer. hmem_mr: 0
TRACE: Function: ncclResult_t ofi_deregMr(void *, void *) Line: 2546: NET/OFI Null MR handle provided. Skipping deregisteration.
INFO: Function: int main(int, char **) Line: 142: NET/OFI Rank 24: Accepting connection from rank 19
INFO: Function: int main(int, char **) Line: 142: NET/OFI Rank 24: Accepting connection from rank 20
INFO: Function: int main(int, char **) Line: 142: NET/OFI Rank 24: Accepting connection from rank 21
INFO: Function: int main(int, char **) Line: 142: NET/OFI Rank 24: Accepting connection from rank 22
INFO: Function: int main(int, char **) Line: 142: NET/OFI Rank 24: Accepting connection from rank 23
INFO: Function: int main(int, char **) Line: 142: NET/OFI Rank 24: Accepting connection from rank 25
INFO: Function: int main(int, char **) Line: 142: NET/OFI Rank 24: Accepting connection from rank 26
INFO: Function: int main(int, char **) Line: 142: NET/OFI Rank 24: Accepting connection from rank 27
INFO: Function: int main(int, char **) Line: 142: NET/OFI Rank 24: Accepting connection from rank 28
INFO: Function: int main(int, char **) Line: 142: NET/OFI Rank 24: Accepting connection from rank 29
INFO: Function: int main(int, char **) Line: 142: NET/OFI Rank 3: Accepting connection from rank 11
INFO: Function: int main(int, char **) Line: 142: NET/OFI Rank 3: Accepting connection from rank 12
INFO: Function: int main(int, char **) Line: 142: NET/OFI Rank 3: Accepting connection from rank 13
INFO: Function: int main(int, char **) Line: 142: NET/OFI Rank 3: Accepting connection from rank 14
INFO: Function: int main(int, char **) Line: 142: NET/OFI Rank 3: Accepting connection from rank 15
INFO: Function: int main(int, char **) Line: 142: NET/OFI Rank 3: Accepting connection from rank 16
INFO: Function: int main(int, char **) Line: 142: NET/OFI Rank 3: Accepting connection from rank 17
INFO: Function: int main(int, char **) Line: 142: NET/OFI Rank 3: Accepting connection from rank 18
INFO: Function: int main(int, char **) Line: 142: NET/OFI Rank 3: Accepting connection from rank 19
INFO: Function: int main(int, char **) Line: 142: NET/OFI Rank 3: Accepting connection from rank 20
INFO: Function: int main(int, char **) Line: 142: NET/OFI Rank 8: Accepting connection from rank 31
INFO: Function: int main(int, char **) Line: 148: NET/OFI Rank 8: All connections established
TRACE: Function: ncclResult_t allocate_buff(void **, size_t, int) Line: 104: NET/OFI Allocating CUDA buffer
TRACE: Function: ncclResult_t allocate_buff(void **, size_t, int) Line: 104: NET/OFI Allocating CUDA buffer
TRACE: Function: ncclResult_t register_mr_buffers(ofiComm_t *, void *, int, int, struct fid_mr **) Line: 544: NET/OFI Skip registering CUDA buffer. hmem_mr: 0
TRACE: Function: ncclResult_t register_mr_buffers(ofiComm_t *, void *, int, int, struct fid_mr **) Line: 544: NET/OFI Skip registering CUDA buffer. hmem_mr: 0
TRACE: Function: ncclResult_t ofi_deregMr(void *, void *) Line: 2546: NET/OFI Null MR handle provided. Skipping deregisteration.
TRACE: Function: ncclResult_t ofi_deregMr(void *, void *) Line: 2546: NET/OFI Null MR handle provided. Skipping deregisteration.
TRACE: Function: ncclResult_t ofi_deregMr(void *, void *) Line: 2546: NET/OFI Null MR handle provided. Skipping deregisteration.
TRACE: Function: ncclResult_t register_mr_buffers(ofiComm_t *, void *, int, int, struct fid_mr **) Line: 544: NET/OFI Skip registering CUDA buffer. hmem_mr: 0
TRACE: Function: ncclResult_t register_mr_buffers(ofiComm_t *, void *, int, int, struct fid_mr **) Line: 544: NET/OFI Skip registering CUDA buffer. hmem_mr: 0
TRACE: Function: ncclResult_t ofi_deregMr(void *, void *) Line: 2546: NET/OFI Null MR handle provided. Skipping deregisteration.
TRACE: Function: ncclResult_t ofi_deregMr(void *, void *) Line: 2546: NET/OFI Null MR handle provided. Skipping deregisteration.
TRACE: Function: ncclResult_t register_mr_buffers(ofiComm_t *, void *, int, int, struct fid_mr **) Line: 544: NET/OFI Skip registering CUDA buffer. hmem_mr: 0
TRACE: Function: ncclResult_t register_mr_buffers(ofiComm_t *, void *, int, int, struct fid_mr **) Line: 544: NET/OFI Skip registering CUDA buffer. hmem_mr: 0
INFO: Function: int main(int, char **) Line: 142: NET/OFI Rank 24: Accepting connection from rank 30
INFO: Function: int main(int, char **) Line: 142: NET/OFI Rank 24: Accepting connection from rank 31
INFO: Function: int main(int, char **) Line: 148: NET/OFI Rank 24: All connections established
TRACE: Function: ncclResult_t allocate_buff(void **, size_t, int) Line: 104: NET/OFI Allocating CUDA buffer
TRACE: Function: ncclResult_t allocate_buff(void **, size_t, int) Line: 104: NET/OFI Allocating CUDA buffer
TRACE: Function: ncclResult_t register_mr_buffers(ofiComm_t *, void *, int, int, struct fid_mr **) Line: 544: NET/OFI Skip registering CUDA buffer. hmem_mr: 0
TRACE: Function: ncclResult_t register_mr_buffers(ofiComm_t *, void *, int, int, struct fid_mr **) Line: 544: NET/OFI Skip registering CUDA buffer. hmem_mr: 0
TRACE: Function: ncclResult_t ofi_deregMr(void *, void *) Line: 2546: NET/OFI Null MR handle provided. Skipping deregisteration.
INFO: Function: int main(int, char **) Line: 142: NET/OFI Rank 3: Accepting connection from rank 21
INFO: Function: int main(int, char **) Line: 142: NET/OFI Rank 3: Accepting connection from rank 22
INFO: Function: int main(int, char **) Line: 142: NET/OFI Rank 3: Accepting connection from rank 23
INFO: Function: int main(int, char **) Line: 142: NET/OFI Rank 3: Accepting connection from rank 24
INFO: Function: int main(int, char **) Line: 142: NET/OFI Rank 3: Accepting connection from rank 25
INFO: Function: int main(int, char **) Line: 142: NET/OFI Rank 3: Accepting connection from rank 26
INFO: Function: int main(int, char **) Line: 142: NET/OFI Rank 3: Accepting connection from rank 27
INFO: Function: int main(int, char **) Line: 142: NET/OFI Rank 3: Accepting connection from rank 28
INFO: Function: int main(int, char **) Line: 142: NET/OFI Rank 3: Accepting connection from rank 29
INFO: Function: int main(int, char **) Line: 142: NET/OFI Rank 3: Accepting connection from rank 30
TRACE: Function: ncclResult_t register_mr_buffers(ofiComm_t *, void *, int, int, struct fid_mr **) Line: 544: NET/OFI Skip registering CUDA buffer. hmem_mr: 0
TRACE: Function: ncclResult_t register_mr_buffers(ofiComm_t *, void *, int, int, struct fid_mr **) Line: 544: NET/OFI Skip registering CUDA buffer. hmem_mr: 0
TRACE: Function: ncclResult_t ofi_deregMr(void *, void *) Line: 2546: NET/OFI Null MR handle provided. Skipping deregisteration.
TRACE: Function: ncclResult_t ofi_deregMr(void *, void *) Line: 2546: NET/OFI Null MR handle provided. Skipping deregisteration.
TRACE: Function: ncclResult_t register_mr_buffers(ofiComm_t *, void *, int, int, struct fid_mr **) Line: 544: NET/OFI Skip registering CUDA buffer. hmem_mr: 0
TRACE: Function: ncclResult_t register_mr_buffers(ofiComm_t *, void *, int, int, struct fid_mr **) Line: 544: NET/OFI Skip registering CUDA buffer. hmem_mr: 0
TRACE: Function: ncclResult_t ofi_deregMr(void *, void *) Line: 2546: NET/OFI Null MR handle provided. Skipping deregisteration.
INFO: Function: int main(int, char **) Line: 142: NET/OFI Rank 19: Accepting connection from rank 9
INFO: Function: int main(int, char **) Line: 142: NET/OFI Rank 19: Accepting connection from rank 10
INFO: Function: int main(int, char **) Line: 142: NET/OFI Rank 19: Accepting connection from rank 11
INFO: Function: int main(int, char **) Line: 142: NET/OFI Rank 19: Accepting connection from rank 12
INFO: Function: int main(int, char **) Line: 142: NET/OFI Rank 19: Accepting connection from rank 13
INFO: Function: int main(int, char **) Line: 142: NET/OFI Rank 19: Accepting connection from rank 14
INFO: Function: int main(int, char **) Line: 142: NET/OFI Rank 19: Accepting connection from rank 15
INFO: Function: int main(int, char **) Line: 142: NET/OFI Rank 19: Accepting connection from rank 16
INFO: Function: int main(int, char **) Line: 142: NET/OFI Rank 19: Accepting connection from rank 17
INFO: Function: int main(int, char **) Line: 142: NET/OFI Rank 19: Accepting connection from rank 18
TRACE: Function: ncclResult_t ofi_deregMr(void *, void *) Line: 2546: NET/OFI Null MR handle provided. Skipping deregisteration.
TRACE: Function: ncclResult_t register_mr_buffers(ofiComm_t *, void *, int, int, struct fid_mr **) Line: 544: NET/OFI Skip registering CUDA buffer. hmem_mr: 0
TRACE: Function: ncclResult_t register_mr_buffers(ofiComm_t *, void *, int, int, struct fid_mr **) Line: 544: NET/OFI Skip registering CUDA buffer. hmem_mr: 0
TRACE: Function: ncclResult_t ofi_deregMr(void *, void *) Line: 2546: NET/OFI Null MR handle provided. Skipping deregisteration.
TRACE: Function: ncclResult_t ofi_deregMr(void *, void *) Line: 2546: NET/OFI Null MR handle provided. Skipping deregisteration.
TRACE: Function: ncclResult_t register_mr_buffers(ofiComm_t *, void *, int, int, struct fid_mr **) Line: 544: NET/OFI Skip registering CUDA buffer. hmem_mr: 0
TRACE: Function: ncclResult_t register_mr_buffers(ofiComm_t *, void *, int, int, struct fid_mr **) Line: 544: NET/OFI Skip registering CUDA buffer. hmem_mr: 0
INFO: Function: int main(int, char **) Line: 142: NET/OFI Rank 3: Accepting connection from rank 31
INFO: Function: int main(int, char **) Line: 148: NET/OFI Rank 3: All connections established
TRACE: Function: ncclResult_t allocate_buff(void **, size_t, int) Line: 104: NET/OFI Allocating CUDA buffer
TRACE: Function: ncclResult_t allocate_buff(void **, size_t, int) Line: 104: NET/OFI Allocating CUDA buffer
TRACE: Function: ncclResult_t register_mr_buffers(ofiComm_t *, void *, int, int, struct fid_mr **) Line: 544: NET/OFI Skip registering CUDA buffer. hmem_mr: 0
TRACE: Function: ncclResult_t register_mr_buffers(ofiComm_t *, void *, int, int, struct fid_mr **) Line: 544: NET/OFI Skip registering CUDA buffer. hmem_mr: 0
TRACE: Function: ncclResult_t ofi_deregMr(void *, void *) Line: 2546: NET/OFI Null MR handle provided. Skipping deregisteration.
TRACE: Function: ncclResult_t ofi_deregMr(void *, void *) Line: 2546: NET/OFI Null MR handle provided. Skipping deregisteration.
INFO: Function: int main(int, char **) Line: 142: NET/OFI Rank 10: Accepting connection from rank 9
INFO: Function: int main(int, char **) Line: 142: NET/OFI Rank 10: Accepting connection from rank 11
INFO: Function: int main(int, char **) Line: 142: NET/OFI Rank 10: Accepting connection from rank 12
INFO: Function: int main(int, char **) Line: 142: NET/OFI Rank 10: Accepting connection from rank 13
INFO: Function: int main(int, char **) Line: 142: NET/OFI Rank 10: Accepting connection from rank 14
INFO: Function: int main(int, char **) Line: 142: NET/OFI Rank 10: Accepting connection from rank 15
INFO: Function: int main(int, char **) Line: 142: NET/OFI Rank 10: Accepting connection from rank 16
INFO: Function: int main(int, char **) Line: 142: NET/OFI Rank 10: Accepting connection from rank 17
INFO: Function: int main(int, char **) Line: 142: NET/OFI Rank 10: Accepting connection from rank 18
INFO: Function: int main(int, char **) Line: 142: NET/OFI Rank 10: Accepting connection from rank 19
INFO: Function: int main(int, char **) Line: 142: NET/OFI Rank 19: Accepting connection from rank 20
INFO: Function: int main(int, char **) Line: 142: NET/OFI Rank 19: Accepting connection from rank 21
INFO: Function: int main(int, char **) Line: 142: NET/OFI Rank 19: Accepting connection from rank 22
INFO: Function: int main(int, char **) Line: 142: NET/OFI Rank 19: Accepting connection from rank 23
INFO: Function: int main(int, char **) Line: 142: NET/OFI Rank 19: Accepting connection from rank 24
INFO: Function: int main(int, char **) Line: 142: NET/OFI Rank 19: Accepting connection from rank 25
INFO: Function: int main(int, char **) Line: 142: NET/OFI Rank 19: Accepting connection from rank 26
INFO: Function: int main(int, char **) Line: 142: NET/OFI Rank 19: Accepting connection from rank 27
INFO: Function: int main(int, char **) Line: 142: NET/OFI Rank 19: Accepting connection from rank 28
INFO: Function: int main(int, char **) Line: 142: NET/OFI Rank 19: Accepting connection from rank 29
INFO: Function: int main(int, char **) Line: 142: NET/OFI Rank 27: Accepting connection from rank 9
INFO: Function: int main(int, char **) Line: 142: NET/OFI Rank 27: Accepting connection from rank 10
INFO: Function: int main(int, char **) Line: 142: NET/OFI Rank 27: Accepting connection from rank 11
INFO: Function: int main(int, char **) Line: 142: NET/OFI Rank 27: Accepting connection from rank 12
INFO: Function: int main(int, char **) Line: 142: NET/OFI Rank 27: Accepting connection from rank 13
INFO: Function: int main(int, char **) Line: 142: NET/OFI Rank 27: Accepting connection from rank 14
INFO: Function: int main(int, char **) Line: 142: NET/OFI Rank 27: Accepting connection from rank 15
INFO: Function: int main(int, char **) Line: 142: NET/OFI Rank 27: Accepting connection from rank 16
INFO: Function: int main(int, char **) Line: 142: NET/OFI Rank 27: Accepting connection from rank 17
INFO: Function: int main(int, char **) Line: 142: NET/OFI Rank 27: Accepting connection from rank 18
TRACE: Function: ncclResult_t register_mr_buffers(ofiComm_t *, void *, int, int, struct fid_mr **) Line: 544: NET/OFI Skip registering CUDA buffer. hmem_mr: 0
TRACE: Function: ncclResult_t register_mr_buffers(ofiComm_t *, void *, int, int, struct fid_mr **) Line: 544: NET/OFI Skip registering CUDA buffer. hmem_mr: 0
TRACE: Function: ncclResult_t ofi_deregMr(void *, void *) Line: 2546: NET/OFI Null MR handle provided. Skipping deregisteration.
TRACE: Function: ncclResult_t ofi_deregMr(void *, void *) Line: 2546: NET/OFI Null MR handle provided. Skipping deregisteration.
TRACE: Function: ncclResult_t register_mr_buffers(ofiComm_t *, void *, int, int, struct fid_mr **) Line: 544: NET/OFI Skip registering CUDA buffer. hmem_mr: 0
TRACE: Function: ncclResult_t register_mr_buffers(ofiComm_t *, void *, int, int, struct fid_mr **) Line: 544: NET/OFI Skip registering CUDA buffer. hmem_mr: 0
TRACE: Function: ncclResult_t ofi_deregMr(void *, void *) Line: 2546: NET/OFI Null MR handle provided. Skipping deregisteration.
INFO: Function: int main(int, char **) Line: 142: NET/OFI Rank 10: Accepting connection from rank 20
INFO: Function: int main(int, char **) Line: 142: NET/OFI Rank 10: Accepting connection from rank 21
INFO: Function: int main(int, char **) Line: 142: NET/OFI Rank 10: Accepting connection from rank 22
INFO: Function: int main(int, char **) Line: 142: NET/OFI Rank 10: Accepting connection from rank 23
INFO: Function: int main(int, char **) Line: 142: NET/OFI Rank 10: Accepting connection from rank 24
INFO: Function: int main(int, char **) Line: 142: NET/OFI Rank 10: Accepting connection from rank 25
INFO: Function: int main(int, char **) Line: 142: NET/OFI Rank 10: Accepting connection from rank 26
INFO: Function: int main(int, char **) Line: 142: NET/OFI Rank 10: Accepting connection from rank 27
INFO: Function: int main(int, char **) Line: 142: NET/OFI Rank 10: Accepting connection from rank 28
INFO: Function: int main(int, char **) Line: 142: NET/OFI Rank 10: Accepting connection from rank 29
INFO: Function: int main(int, char **) Line: 142: NET/OFI Rank 19: Accepting connection from rank 30
INFO: Function: int main(int, char **) Line: 142: NET/OFI Rank 19: Accepting connection from rank 31
INFO: Function: int main(int, char **) Line: 148: NET/OFI Rank 19: All connections established
TRACE: Function: ncclResult_t allocate_buff(void **, size_t, int) Line: 104: NET/OFI Allocating CUDA buffer
TRACE: Function: ncclResult_t allocate_buff(void **, size_t, int) Line: 104: NET/OFI Allocating CUDA buffer
TRACE: Function: ncclResult_t register_mr_buffers(ofiComm_t *, void *, int, int, struct fid_mr **) Line: 544: NET/OFI Skip registering CUDA buffer. hmem_mr: 0
TRACE: Function: ncclResult_t register_mr_buffers(ofiComm_t *, void *, int, int, struct fid_mr **) Line: 544: NET/OFI Skip registering CUDA buffer. hmem_mr: 0
TRACE: Function: ncclResult_t ofi_deregMr(void *, void *) Line: 2546: NET/OFI Null MR handle provided. Skipping deregisteration.
INFO: Function: int main(int, char **) Line: 142: NET/OFI Rank 27: Accepting connection from rank 19
INFO: Function: int main(int, char **) Line: 142: NET/OFI Rank 27: Accepting connection from rank 20
INFO: Function: int main(int, char **) Line: 142: NET/OFI Rank 27: Accepting connection from rank 21
INFO: Function: int main(int, char **) Line: 142: NET/OFI Rank 27: Accepting connection from rank 22
INFO: Function: int main(int, char **) Line: 142: NET/OFI Rank 27: Accepting connection from rank 23
INFO: Function: int main(int, char **) Line: 142: NET/OFI Rank 27: Accepting connection from rank 24
INFO: Function: int main(int, char **) Line: 142: NET/OFI Rank 27: Accepting connection from rank 25
INFO: Function: int main(int, char **) Line: 142: NET/OFI Rank 27: Accepting connection from rank 26
INFO: Function: int main(int, char **) Line: 142: NET/OFI Rank 27: Accepting connection from rank 28
INFO: Function: int main(int, char **) Line: 142: NET/OFI Rank 27: Accepting connection from rank 29
INFO: Function: int main(int, char **) Line: 142: NET/OFI Rank 4: Accepting connection from rank 11
INFO: Function: int main(int, char **) Line: 142: NET/OFI Rank 4: Accepting connection from rank 12
INFO: Function: int main(int, char **) Line: 142: NET/OFI Rank 4: Accepting connection from rank 13
INFO: Function: int main(int, char **) Line: 142: NET/OFI Rank 4: Accepting connection from rank 14
INFO: Function: int main(int, char **) Line: 142: NET/OFI Rank 4: Accepting connection from rank 15
INFO: Function: int main(int, char **) Line: 142: NET/OFI Rank 4: Accepting connection from rank 16
INFO: Function: int main(int, char **) Line: 142: NET/OFI Rank 4: Accepting connection from rank 17
INFO: Function: int main(int, char **) Line: 142: NET/OFI Rank 4: Accepting connection from rank 18
INFO: Function: int main(int, char **) Line: 142: NET/OFI Rank 4: Accepting connection from rank 19
INFO: Function: int main(int, char **) Line: 142: NET/OFI Rank 4: Accepting connection from rank 20
INFO: Function: int main(int, char **) Line: 142: NET/OFI Rank 10: Accepting connection from rank 30
INFO: Function: int main(int, char **) Line: 142: NET/OFI Rank 10: Accepting connection from rank 31
INFO: Function: int main(int, char **) Line: 148: NET/OFI Rank 10: All connections established
TRACE: Function: ncclResult_t allocate_buff(void **, size_t, int) Line: 104: NET/OFI Allocating CUDA buffer
TRACE: Function: ncclResult_t allocate_buff(void **, size_t, int) Line: 104: NET/OFI Allocating CUDA buffer
TRACE: Function: ncclResult_t register_mr_buffers(ofiComm_t *, void *, int, int, struct fid_mr **) Line: 544: NET/OFI Skip registering CUDA buffer. hmem_mr: 0
TRACE: Function: ncclResult_t register_mr_buffers(ofiComm_t *, void *, int, int, struct fid_mr **) Line: 544: NET/OFI Skip registering CUDA buffer. hmem_mr: 0
TRACE: Function: ncclResult_t ofi_deregMr(void *, void *) Line: 2546: NET/OFI Null MR handle provided. Skipping deregisteration.
TRACE: Function: ncclResult_t ofi_deregMr(void *, void *) Line: 2546: NET/OFI Null MR handle provided. Skipping deregisteration.
TRACE: Function: ncclResult_t register_mr_buffers(ofiComm_t *, void *, int, int, struct fid_mr **) Line: 544: NET/OFI Skip registering CUDA buffer. hmem_mr: 0
TRACE: Function: ncclResult_t register_mr_buffers(ofiComm_t *, void *, int, int, struct fid_mr **) Line: 544: NET/OFI Skip registering CUDA buffer. hmem_mr: 0
TRACE: Function: ncclResult_t ofi_deregMr(void *, void *) Line: 2546: NET/OFI Null MR handle provided. Skipping deregisteration.
TRACE: Function: ncclResult_t ofi_deregMr(void *, void *) Line: 2546: NET/OFI Null MR handle provided. Skipping deregisteration.
TRACE: Function: ncclResult_t register_mr_buffers(ofiComm_t *, void *, int, int, struct fid_mr **) Line: 544: NET/OFI Skip registering CUDA buffer. hmem_mr: 0
TRACE: Function: ncclResult_t register_mr_buffers(ofiComm_t *, void *, int, int, struct fid_mr **) Line: 544: NET/OFI Skip registering CUDA buffer. hmem_mr: 0
INFO: Function: int main(int, char **) Line: 142: NET/OFI Rank 27: Accepting connection from rank 30
INFO: Function: int main(int, char **) Line: 142: NET/OFI Rank 27: Accepting connection from rank 31
INFO: Function: int main(int, char **) Line: 148: NET/OFI Rank 27: All connections established
TRACE: Function: ncclResult_t allocate_buff(void **, size_t, int) Line: 104: NET/OFI Allocating CUDA buffer
TRACE: Function: ncclResult_t allocate_buff(void **, size_t, int) Line: 104: NET/OFI Allocating CUDA buffer
TRACE: Function: ncclResult_t register_mr_buffers(ofiComm_t *, void *, int, int, struct fid_mr **) Line: 544: NET/OFI Skip registering CUDA buffer. hmem_mr: 0
TRACE: Function: ncclResult_t register_mr_buffers(ofiComm_t *, void *, int, int, struct fid_mr **) Line: 544: NET/OFI Skip registering CUDA buffer. hmem_mr: 0
TRACE: Function: ncclResult_t ofi_deregMr(void *, void *) Line: 2546: NET/OFI Null MR handle provided. Skipping deregisteration.
INFO: Function: int main(int, char **) Line: 142: NET/OFI Rank 4: Accepting connection from rank 21
INFO: Function: int main(int, char **) Line: 142: NET/OFI Rank 4: Accepting connection from rank 22
INFO: Function: int main(int, char **) Line: 142: NET/OFI Rank 4: Accepting connection from rank 23
INFO: Function: int main(int, char **) Line: 142: NET/OFI Rank 4: Accepting connection from rank 24
INFO: Function: int main(int, char **) Line: 142: NET/OFI Rank 4: Accepting connection from rank 25
INFO: Function: int main(int, char **) Line: 142: NET/OFI Rank 4: Accepting connection from rank 26
INFO: Function: int main(int, char **) Line: 142: NET/OFI Rank 4: Accepting connection from rank 27
INFO: Function: int main(int, char **) Line: 142: NET/OFI Rank 4: Accepting connection from rank 28
INFO: Function: int main(int, char **) Line: 142: NET/OFI Rank 4: Accepting connection from rank 29
INFO: Function: int main(int, char **) Line: 142: NET/OFI Rank 4: Accepting connection from rank 30
TRACE: Function: ncclResult_t ofi_deregMr(void *, void *) Line: 2546: NET/OFI Null MR handle provided. Skipping deregisteration.
TRACE: Function: ncclResult_t register_mr_buffers(ofiComm_t *, void *, int, int, struct fid_mr **) Line: 544: NET/OFI Skip registering CUDA buffer. hmem_mr: 0
TRACE: Function: ncclResult_t register_mr_buffers(ofiComm_t *, void *, int, int, struct fid_mr **) Line: 544: NET/OFI Skip registering CUDA buffer. hmem_mr: 0
TRACE: Function: ncclResult_t ofi_deregMr(void *, void *) Line: 2546: NET/OFI Null MR handle provided. Skipping deregisteration.
TRACE: Function: ncclResult_t ofi_deregMr(void *, void *) Line: 2546: NET/OFI Null MR handle provided. Skipping deregisteration.
TRACE: Function: ncclResult_t register_mr_buffers(ofiComm_t *, void *, int, int, struct fid_mr **) Line: 544: NET/OFI Skip registering CUDA buffer. hmem_mr: 0
TRACE: Function: ncclResult_t register_mr_buffers(ofiComm_t *, void *, int, int, struct fid_mr **) Line: 544: NET/OFI Skip registering CUDA buffer. hmem_mr: 0
INFO: Function: int main(int, char **) Line: 142: NET/OFI Rank 20: Accepting connection from rank 9
INFO: Function: int main(int, char **) Line: 142: NET/OFI Rank 20: Accepting connection from rank 10
INFO: Function: int main(int, char **) Line: 142: NET/OFI Rank 20: Accepting connection from rank 11
INFO: Function: int main(int, char **) Line: 142: NET/OFI Rank 20: Accepting connection from rank 12
INFO: Function: int main(int, char **) Line: 142: NET/OFI Rank 20: Accepting connection from rank 13
INFO: Function: int main(int, char **) Line: 142: NET/OFI Rank 20: Accepting connection from rank 14
INFO: Function: int main(int, char **) Line: 142: NET/OFI Rank 20: Accepting connection from rank 15
INFO: Function: int main(int, char **) Line: 142: NET/OFI Rank 20: Accepting connection from rank 16
INFO: Function: int main(int, char **) Line: 142: NET/OFI Rank 20: Accepting connection from rank 17
INFO: Function: int main(int, char **) Line: 142: NET/OFI Rank 20: Accepting connection from rank 18
TRACE: Function: ncclResult_t ofi_deregMr(void *, void *) Line: 2546: NET/OFI Null MR handle provided. Skipping deregisteration.
TRACE: Function: ncclResult_t register_mr_buffers(ofiComm_t *, void *, int, int, struct fid_mr **) Line: 544: NET/OFI Skip registering CUDA buffer. hmem_mr: 0
TRACE: Function: ncclResult_t register_mr_buffers(ofiComm_t *, void *, int, int, struct fid_mr **) Line: 544: NET/OFI Skip registering CUDA buffer. hmem_mr: 0
TRACE: Function: ncclResult_t ofi_deregMr(void *, void *) Line: 2546: NET/OFI Null MR handle provided. Skipping deregisteration.
TRACE: Function: ncclResult_t ofi_deregMr(void *, void *) Line: 2546: NET/OFI Null MR handle provided. Skipping deregisteration.
TRACE: Function: ncclResult_t register_mr_buffers(ofiComm_t *, void *, int, int, struct fid_mr **) Line: 544: NET/OFI Skip registering CUDA buffer. hmem_mr: 0
TRACE: Function: ncclResult_t register_mr_buffers(ofiComm_t *, void *, int, int, struct fid_mr **) Line: 544: NET/OFI Skip registering CUDA buffer. hmem_mr: 0
INFO: Function: int main(int, char **) Line: 142: NET/OFI Rank 4: Accepting connection from rank 31
INFO: Function: int main(int, char **) Line: 148: NET/OFI Rank 4: All connections established
TRACE: Function: ncclResult_t allocate_buff(void **, size_t, int) Line: 104: NET/OFI Allocating CUDA buffer
TRACE: Function: ncclResult_t allocate_buff(void **, size_t, int) Line: 104: NET/OFI Allocating CUDA buffer
TRACE: Function: ncclResult_t register_mr_buffers(ofiComm_t *, void *, int, int, struct fid_mr **) Line: 544: NET/OFI Skip registering CUDA buffer. hmem_mr: 0
TRACE: Function: ncclResult_t register_mr_buffers(ofiComm_t *, void *, int, int, struct fid_mr **) Line: 544: NET/OFI Skip registering CUDA buffer. hmem_mr: 0
TRACE: Function: ncclResult_t ofi_deregMr(void *, void *) Line: 2546: NET/OFI Null MR handle provided. Skipping deregisteration.
TRACE: Function: ncclResult_t ofi_deregMr(void *, void *) Line: 2546: NET/OFI Null MR handle provided. Skipping deregisteration.
INFO: Function: int main(int, char **) Line: 142: NET/OFI Rank 12: Accepting connection from rank 9
INFO: Function: int main(int, char **) Line: 142: NET/OFI Rank 12: Accepting connection from rank 10
INFO: Function: int main(int, char **) Line: 142: NET/OFI Rank 12: Accepting connection from rank 11
INFO: Function: int main(int, char **) Line: 142: NET/OFI Rank 12: Accepting connection from rank 13
INFO: Function: int main(int, char **) Line: 142: NET/OFI Rank 12: Accepting connection from rank 14
INFO: Function: int main(int, char **) Line: 142: NET/OFI Rank 12: Accepting connection from rank 15
INFO: Function: int main(int, char **) Line: 142: NET/OFI Rank 12: Accepting connection from rank 16
INFO: Function: int main(int, char **) Line: 142: NET/OFI Rank 12: Accepting connection from rank 17
INFO: Function: int main(int, char **) Line: 142: NET/OFI Rank 12: Accepting connection from rank 18
INFO: Function: int main(int, char **) Line: 142: NET/OFI Rank 12: Accepting connection from rank 19
INFO: Function: int main(int, char **) Line: 142: NET/OFI Rank 20: Accepting connection from rank 19
INFO: Function: int main(int, char **) Line: 142: NET/OFI Rank 20: Accepting connection from rank 21
INFO: Function: int main(int, char **) Line: 142: NET/OFI Rank 20: Accepting connection from rank 22
INFO: Function: int main(int, char **) Line: 142: NET/OFI Rank 20: Accepting connection from rank 23
INFO: Function: int main(int, char **) Line: 142: NET/OFI Rank 20: Accepting connection from rank 24
INFO: Function: int main(int, char **) Line: 142: NET/OFI Rank 20: Accepting connection from rank 25
INFO: Function: int main(int, char **) Line: 142: NET/OFI Rank 20: Accepting connection from rank 26
INFO: Function: int main(int, char **) Line: 142: NET/OFI Rank 20: Accepting connection from rank 27
INFO: Function: int main(int, char **) Line: 142: NET/OFI Rank 20: Accepting connection from rank 28
INFO: Function: int main(int, char **) Line: 142: NET/OFI Rank 20: Accepting connection from rank 29
INFO: Function: int main(int, char **) Line: 142: NET/OFI Rank 28: Accepting connection from rank 9
INFO: Function: int main(int, char **) Line: 142: NET/OFI Rank 28: Accepting connection from rank 10
INFO: Function: int main(int, char **) Line: 142: NET/OFI Rank 28: Accepting connection from rank 11
INFO: Function: int main(int, char **) Line: 142: NET/OFI Rank 28: Accepting connection from rank 12
INFO: Function: int main(int, char **) Line: 142: NET/OFI Rank 28: Accepting connection from rank 13
INFO: Function: int main(int, char **) Line: 142: NET/OFI Rank 28: Accepting connection from rank 14
INFO: Function: int main(int, char **) Line: 142: NET/OFI Rank 28: Accepting connection from rank 15
INFO: Function: int main(int, char **) Line: 142: NET/OFI Rank 28: Accepting connection from rank 16
INFO: Function: int main(int, char **) Line: 142: NET/OFI Rank 28: Accepting connection from rank 17
INFO: Function: int main(int, char **) Line: 142: NET/OFI Rank 28: Accepting connection from rank 18
TRACE: Function: ncclResult_t register_mr_buffers(ofiComm_t *, void *, int, int, struct fid_mr **) Line: 544: NET/OFI Skip registering CUDA buffer. hmem_mr: 0
TRACE: Function: ncclResult_t register_mr_buffers(ofiComm_t *, void *, int, int, struct fid_mr **) Line: 544: NET/OFI Skip registering CUDA buffer. hmem_mr: 0
TRACE: Function: ncclResult_t ofi_deregMr(void *, void *) Line: 2546: NET/OFI Null MR handle provided. Skipping deregisteration.
TRACE: Function: ncclResult_t ofi_deregMr(void *, void *) Line: 2546: NET/OFI Null MR handle provided. Skipping deregisteration.
TRACE: Function: ncclResult_t register_mr_buffers(ofiComm_t *, void *, int, int, struct fid_mr **) Line: 544: NET/OFI Skip registering CUDA buffer. hmem_mr: 0
TRACE: Function: ncclResult_t register_mr_buffers(ofiComm_t *, void *, int, int, struct fid_mr **) Line: 544: NET/OFI Skip registering CUDA buffer. hmem_mr: 0
TRACE: Function: ncclResult_t ofi_deregMr(void *, void *) Line: 2546: NET/OFI Null MR handle provided. Skipping deregisteration.
INFO: Function: int main(int, char **) Line: 142: NET/OFI Rank 12: Accepting connection from rank 20
INFO: Function: int main(int, char **) Line: 142: NET/OFI Rank 12: Accepting connection from rank 21
INFO: Function: int main(int, char **) Line: 142: NET/OFI Rank 12: Accepting connection from rank 22
INFO: Function: int main(int, char **) Line: 142: NET/OFI Rank 12: Accepting connection from rank 23
INFO: Function: int main(int, char **) Line: 142: NET/OFI Rank 12: Accepting connection from rank 24
INFO: Function: int main(int, char **) Line: 142: NET/OFI Rank 12: Accepting connection from rank 25
INFO: Function: int main(int, char **) Line: 142: NET/OFI Rank 12: Accepting connection from rank 26
INFO: Function: int main(int, char **) Line: 142: NET/OFI Rank 12: Accepting connection from rank 27
INFO: Function: int main(int, char **) Line: 142: NET/OFI Rank 12: Accepting connection from rank 28
INFO: Function: int main(int, char **) Line: 142: NET/OFI Rank 12: Accepting connection from rank 29
INFO: Function: int main(int, char **) Line: 142: NET/OFI Rank 20: Accepting connection from rank 30
INFO: Function: int main(int, char **) Line: 142: NET/OFI Rank 20: Accepting connection from rank 31
INFO: Function: int main(int, char **) Line: 148: NET/OFI Rank 20: All connections established
TRACE: Function: ncclResult_t allocate_buff(void **, size_t, int) Line: 104: NET/OFI Allocating CUDA buffer
TRACE: Function: ncclResult_t allocate_buff(void **, size_t, int) Line: 104: NET/OFI Allocating CUDA buffer
TRACE: Function: ncclResult_t register_mr_buffers(ofiComm_t *, void *, int, int, struct fid_mr **) Line: 544: NET/OFI Skip registering CUDA buffer. hmem_mr: 0
TRACE: Function: ncclResult_t register_mr_buffers(ofiComm_t *, void *, int, int, struct fid_mr **) Line: 544: NET/OFI Skip registering CUDA buffer. hmem_mr: 0
TRACE: Function: ncclResult_t ofi_deregMr(void *, void *) Line: 2546: NET/OFI Null MR handle provided. Skipping deregisteration.
INFO: Function: int main(int, char **) Line: 142: NET/OFI Rank 28: Accepting connection from rank 19
INFO: Function: int main(int, char **) Line: 142: NET/OFI Rank 28: Accepting connection from rank 20
INFO: Function: int main(int, char **) Line: 142: NET/OFI Rank 28: Accepting connection from rank 21
INFO: Function: int main(int, char **) Line: 142: NET/OFI Rank 28: Accepting connection from rank 22
INFO: Function: int main(int, char **) Line: 142: NET/OFI Rank 28: Accepting connection from rank 23
INFO: Function: int main(int, char **) Line: 142: NET/OFI Rank 28: Accepting connection from rank 24
INFO: Function: int main(int, char **) Line: 142: NET/OFI Rank 28: Accepting connection from rank 25
INFO: Function: int main(int, char **) Line: 142: NET/OFI Rank 28: Accepting connection from rank 26
INFO: Function: int main(int, char **) Line: 142: NET/OFI Rank 28: Accepting connection from rank 27
INFO: Function: int main(int, char **) Line: 142: NET/OFI Rank 28: Accepting connection from rank 29
INFO: Function: int main(int, char **) Line: 142: NET/OFI Rank 7: Accepting connection from rank 11
INFO: Function: int main(int, char **) Line: 142: NET/OFI Rank 7: Accepting connection from rank 12
INFO: Function: int main(int, char **) Line: 142: NET/OFI Rank 7: Accepting connection from rank 13
INFO: Function: int main(int, char **) Line: 142: NET/OFI Rank 7: Accepting connection from rank 14
INFO: Function: int main(int, char **) Line: 142: NET/OFI Rank 7: Accepting connection from rank 15
INFO: Function: int main(int, char **) Line: 142: NET/OFI Rank 7: Accepting connection from rank 16
INFO: Function: int main(int, char **) Line: 142: NET/OFI Rank 7: Accepting connection from rank 17
INFO: Function: int main(int, char **) Line: 142: NET/OFI Rank 7: Accepting connection from rank 18
INFO: Function: int main(int, char **) Line: 142: NET/OFI Rank 7: Accepting connection from rank 19
INFO: Function: int main(int, char **) Line: 142: NET/OFI Rank 7: Accepting connection from rank 20
INFO: Function: int main(int, char **) Line: 142: NET/OFI Rank 12: Accepting connection from rank 30
INFO: Function: int main(int, char **) Line: 142: NET/OFI Rank 12: Accepting connection from rank 31
INFO: Function: int main(int, char **) Line: 148: NET/OFI Rank 12: All connections established
TRACE: Function: ncclResult_t allocate_buff(void **, size_t, int) Line: 104: NET/OFI Allocating CUDA buffer
TRACE: Function: ncclResult_t allocate_buff(void **, size_t, int) Line: 104: NET/OFI Allocating CUDA buffer
TRACE: Function: ncclResult_t register_mr_buffers(ofiComm_t *, void *, int, int, struct fid_mr **) Line: 544: NET/OFI Skip registering CUDA buffer. hmem_mr: 0
TRACE: Function: ncclResult_t register_mr_buffers(ofiComm_t *, void *, int, int, struct fid_mr **) Line: 544: NET/OFI Skip registering CUDA buffer. hmem_mr: 0
TRACE: Function: ncclResult_t ofi_deregMr(void *, void *) Line: 2546: NET/OFI Null MR handle provided. Skipping deregisteration.
TRACE: Function: ncclResult_t ofi_deregMr(void *, void *) Line: 2546: NET/OFI Null MR handle provided. Skipping deregisteration.
TRACE: Function: ncclResult_t register_mr_buffers(ofiComm_t *, void *, int, int, struct fid_mr **) Line: 544: NET/OFI Skip registering CUDA buffer. hmem_mr: 0
TRACE: Function: ncclResult_t register_mr_buffers(ofiComm_t *, void *, int, int, struct fid_mr **) Line: 544: NET/OFI Skip registering CUDA buffer. hmem_mr: 0
TRACE: Function: ncclResult_t ofi_deregMr(void *, void *) Line: 2546: NET/OFI Null MR handle provided. Skipping deregisteration.
TRACE: Function: ncclResult_t ofi_deregMr(void *, void *) Line: 2546: NET/OFI Null MR handle provided. Skipping deregisteration.
TRACE: Function: ncclResult_t register_mr_buffers(ofiComm_t *, void *, int, int, struct fid_mr **) Line: 544: NET/OFI Skip registering CUDA buffer. hmem_mr: 0
TRACE: Function: ncclResult_t register_mr_buffers(ofiComm_t *, void *, int, int, struct fid_mr **) Line: 544: NET/OFI Skip registering CUDA buffer. hmem_mr: 0
INFO: Function: int main(int, char **) Line: 142: NET/OFI Rank 28: Accepting connection from rank 30
INFO: Function: int main(int, char **) Line: 142: NET/OFI Rank 28: Accepting connection from rank 31
INFO: Function: int main(int, char **) Line: 148: NET/OFI Rank 28: All connections established
TRACE: Function: ncclResult_t allocate_buff(void **, size_t, int) Line: 104: NET/OFI Allocating CUDA buffer
TRACE: Function: ncclResult_t allocate_buff(void **, size_t, int) Line: 104: NET/OFI Allocating CUDA buffer
TRACE: Function: ncclResult_t register_mr_buffers(ofiComm_t *, void *, int, int, struct fid_mr **) Line: 544: NET/OFI Skip registering CUDA buffer. hmem_mr: 0
TRACE: Function: ncclResult_t register_mr_buffers(ofiComm_t *, void *, int, int, struct fid_mr **) Line: 544: NET/OFI Skip registering CUDA buffer. hmem_mr: 0
TRACE: Function: ncclResult_t ofi_deregMr(void *, void *) Line: 2546: NET/OFI Null MR handle provided. Skipping deregisteration.
INFO: Function: int main(int, char **) Line: 142: NET/OFI Rank 7: Accepting connection from rank 21
INFO: Function: int main(int, char **) Line: 142: NET/OFI Rank 7: Accepting connection from rank 22
INFO: Function: int main(int, char **) Line: 142: NET/OFI Rank 7: Accepting connection from rank 23
INFO: Function: int main(int, char **) Line: 142: NET/OFI Rank 7: Accepting connection from rank 24
INFO: Function: int main(int, char **) Line: 142: NET/OFI Rank 7: Accepting connection from rank 25
INFO: Function: int main(int, char **) Line: 142: NET/OFI Rank 7: Accepting connection from rank 26
INFO: Function: int main(int, char **) Line: 142: NET/OFI Rank 7: Accepting connection from rank 27
INFO: Function: int main(int, char **) Line: 142: NET/OFI Rank 7: Accepting connection from rank 28
INFO: Function: int main(int, char **) Line: 142: NET/OFI Rank 7: Accepting connection from rank 29
INFO: Function: int main(int, char **) Line: 142: NET/OFI Rank 7: Accepting connection from rank 30
TRACE: Function: ncclResult_t ofi_deregMr(void *, void *) Line: 2546: NET/OFI Null MR handle provided. Skipping deregisteration.
TRACE: Function: ncclResult_t register_mr_buffers(ofiComm_t *, void *, int, int, struct fid_mr **) Line: 544: NET/OFI Skip registering CUDA buffer. hmem_mr: 0
TRACE: Function: ncclResult_t register_mr_buffers(ofiComm_t *, void *, int, int, struct fid_mr **) Line: 544: NET/OFI Skip registering CUDA buffer. hmem_mr: 0
TRACE: Function: ncclResult_t ofi_deregMr(void *, void *) Line: 2546: NET/OFI Null MR handle provided. Skipping deregisteration.
TRACE: Function: ncclResult_t ofi_deregMr(void *, void *) Line: 2546: NET/OFI Null MR handle provided. Skipping deregisteration.
TRACE: Function: ncclResult_t register_mr_buffers(ofiComm_t *, void *, int, int, struct fid_mr **) Line: 544: NET/OFI Skip registering CUDA buffer. hmem_mr: 0
TRACE: Function: ncclResult_t register_mr_buffers(ofiComm_t *, void *, int, int, struct fid_mr **) Line: 544: NET/OFI Skip registering CUDA buffer. hmem_mr: 0
INFO: Function: int main(int, char **) Line: 142: NET/OFI Rank 23: Accepting connection from rank 9
INFO: Function: int main(int, char **) Line: 142: NET/OFI Rank 23: Accepting connection from rank 10
INFO: Function: int main(int, char **) Line: 142: NET/OFI Rank 23: Accepting connection from rank 11
INFO: Function: int main(int, char **) Line: 142: NET/OFI Rank 23: Accepting connection from rank 12
INFO: Function: int main(int, char **) Line: 142: NET/OFI Rank 23: Accepting connection from rank 13
INFO: Function: int main(int, char **) Line: 142: NET/OFI Rank 23: Accepting connection from rank 14
INFO: Function: int main(int, char **) Line: 142: NET/OFI Rank 23: Accepting connection from rank 15
INFO: Function: int main(int, char **) Line: 142: NET/OFI Rank 23: Accepting connection from rank 16
INFO: Function: int main(int, char **) Line: 142: NET/OFI Rank 23: Accepting connection from rank 17
INFO: Function: int main(int, char **) Line: 142: NET/OFI Rank 23: Accepting connection from rank 18
TRACE: Function: ncclResult_t ofi_deregMr(void *, void *) Line: 2546: NET/OFI Null MR handle provided. Skipping deregisteration.
TRACE: Function: ncclResult_t register_mr_buffers(ofiComm_t *, void *, int, int, struct fid_mr **) Line: 544: NET/OFI Skip registering CUDA buffer. hmem_mr: 0
TRACE: Function: ncclResult_t register_mr_buffers(ofiComm_t *, void *, int, int, struct fid_mr **) Line: 544: NET/OFI Skip registering CUDA buffer. hmem_mr: 0
TRACE: Function: ncclResult_t ofi_deregMr(void *, void *) Line: 2546: NET/OFI Null MR handle provided. Skipping deregisteration.
TRACE: Function: ncclResult_t ofi_deregMr(void *, void *) Line: 2546: NET/OFI Null MR handle provided. Skipping deregisteration.
TRACE: Function: ncclResult_t register_mr_buffers(ofiComm_t *, void *, int, int, struct fid_mr **) Line: 544: NET/OFI Skip registering CUDA buffer. hmem_mr: 0
TRACE: Function: ncclResult_t register_mr_buffers(ofiComm_t *, void *, int, int, struct fid_mr **) Line: 544: NET/OFI Skip registering CUDA buffer. hmem_mr: 0
INFO: Function: int main(int, char **) Line: 142: NET/OFI Rank 7: Accepting connection from rank 31
INFO: Function: int main(int, char **) Line: 148: NET/OFI Rank 7: All connections established
TRACE: Function: ncclResult_t allocate_buff(void **, size_t, int) Line: 104: NET/OFI Allocating CUDA buffer
TRACE: Function: ncclResult_t allocate_buff(void **, size_t, int) Line: 104: NET/OFI Allocating CUDA buffer
TRACE: Function: ncclResult_t register_mr_buffers(ofiComm_t *, void *, int, int, struct fid_mr **) Line: 544: NET/OFI Skip registering CUDA buffer. hmem_mr: 0
TRACE: Function: ncclResult_t register_mr_buffers(ofiComm_t *, void *, int, int, struct fid_mr **) Line: 544: NET/OFI Skip registering CUDA buffer. hmem_mr: 0
TRACE: Function: ncclResult_t ofi_deregMr(void *, void *) Line: 2546: NET/OFI Null MR handle provided. Skipping deregisteration.
TRACE: Function: ncclResult_t ofi_deregMr(void *, void *) Line: 2546: NET/OFI Null MR handle provided. Skipping deregisteration.
INFO: Function: int main(int, char **) Line: 142: NET/OFI Rank 14: Accepting connection from rank 9
INFO: Function: int main(int, char **) Line: 142: NET/OFI Rank 14: Accepting connection from rank 10
INFO: Function: int main(int, char **) Line: 142: NET/OFI Rank 14: Accepting connection from rank 11
INFO: Function: int main(int, char **) Line: 142: NET/OFI Rank 14: Accepting connection from rank 12
INFO: Function: int main(int, char **) Line: 142: NET/OFI Rank 14: Accepting connection from rank 13
INFO: Function: int main(int, char **) Line: 142: NET/OFI Rank 14: Accepting connection from rank 15
INFO: Function: int main(int, char **) Line: 142: NET/OFI Rank 14: Accepting connection from rank 16
INFO: Function: int main(int, char **) Line: 142: NET/OFI Rank 14: Accepting connection from rank 17
INFO: Function: int main(int, char **) Line: 142: NET/OFI Rank 14: Accepting connection from rank 18
INFO: Function: int main(int, char **) Line: 142: NET/OFI Rank 14: Accepting connection from rank 19
INFO: Function: int main(int, char **) Line: 142: NET/OFI Rank 23: Accepting connection from rank 19
INFO: Function: int main(int, char **) Line: 142: NET/OFI Rank 23: Accepting connection from rank 20
INFO: Function: int main(int, char **) Line: 142: NET/OFI Rank 23: Accepting connection from rank 21
INFO: Function: int main(int, char **) Line: 142: NET/OFI Rank 23: Accepting connection from rank 22
INFO: Function: int main(int, char **) Line: 142: NET/OFI Rank 23: Accepting connection from rank 24
INFO: Function: int main(int, char **) Line: 142: NET/OFI Rank 23: Accepting connection from rank 25
INFO: Function: int main(int, char **) Line: 142: NET/OFI Rank 23: Accepting connection from rank 26
INFO: Function: int main(int, char **) Line: 142: NET/OFI Rank 23: Accepting connection from rank 27
INFO: Function: int main(int, char **) Line: 142: NET/OFI Rank 23: Accepting connection from rank 28
INFO: Function: int main(int, char **) Line: 142: NET/OFI Rank 23: Accepting connection from rank 29
INFO: Function: int main(int, char **) Line: 142: NET/OFI Rank 31: Accepting connection from rank 9
INFO: Function: int main(int, char **) Line: 142: NET/OFI Rank 31: Accepting connection from rank 10
INFO: Function: int main(int, char **) Line: 142: NET/OFI Rank 31: Accepting connection from rank 11
INFO: Function: int main(int, char **) Line: 142: NET/OFI Rank 31: Accepting connection from rank 12
INFO: Function: int main(int, char **) Line: 142: NET/OFI Rank 31: Accepting connection from rank 13
INFO: Function: int main(int, char **) Line: 142: NET/OFI Rank 31: Accepting connection from rank 14
INFO: Function: int main(int, char **) Line: 142: NET/OFI Rank 31: Accepting connection from rank 15
INFO: Function: int main(int, char **) Line: 142: NET/OFI Rank 31: Accepting connection from rank 16
INFO: Function: int main(int, char **) Line: 142: NET/OFI Rank 31: Accepting connection from rank 17
INFO: Function: int main(int, char **) Line: 142: NET/OFI Rank 31: Accepting connection from rank 18
TRACE: Function: ncclResult_t register_mr_buffers(ofiComm_t *, void *, int, int, struct fid_mr **) Line: 544: NET/OFI Skip registering CUDA buffer. hmem_mr: 0
TRACE: Function: ncclResult_t register_mr_buffers(ofiComm_t *, void *, int, int, struct fid_mr **) Line: 544: NET/OFI Skip registering CUDA buffer. hmem_mr: 0
TRACE: Function: ncclResult_t ofi_deregMr(void *, void *) Line: 2546: NET/OFI Null MR handle provided. Skipping deregisteration.
TRACE: Function: ncclResult_t ofi_deregMr(void *, void *) Line: 2546: NET/OFI Null MR handle provided. Skipping deregisteration.
TRACE: Function: ncclResult_t register_mr_buffers(ofiComm_t *, void *, int, int, struct fid_mr **) Line: 544: NET/OFI Skip registering CUDA buffer. hmem_mr: 0
TRACE: Function: ncclResult_t register_mr_buffers(ofiComm_t *, void *, int, int, struct fid_mr **) Line: 544: NET/OFI Skip registering CUDA buffer. hmem_mr: 0
TRACE: Function: ncclResult_t ofi_deregMr(void *, void *) Line: 2546: NET/OFI Null MR handle provided. Skipping deregisteration.
INFO: Function: int main(int, char **) Line: 142: NET/OFI Rank 14: Accepting connection from rank 20
INFO: Function: int main(int, char **) Line: 142: NET/OFI Rank 14: Accepting connection from rank 21
INFO: Function: int main(int, char **) Line: 142: NET/OFI Rank 14: Accepting connection from rank 22
INFO: Function: int main(int, char **) Line: 142: NET/OFI Rank 14: Accepting connection from rank 23
INFO: Function: int main(int, char **) Line: 142: NET/OFI Rank 14: Accepting connection from rank 24
INFO: Function: int main(int, char **) Line: 142: NET/OFI Rank 14: Accepting connection from rank 25
INFO: Function: int main(int, char **) Line: 142: NET/OFI Rank 14: Accepting connection from rank 26
INFO: Function: int main(int, char **) Line: 142: NET/OFI Rank 14: Accepting connection from rank 27
INFO: Function: int main(int, char **) Line: 142: NET/OFI Rank 14: Accepting connection from rank 28
INFO: Function: int main(int, char **) Line: 142: NET/OFI Rank 14: Accepting connection from rank 29
INFO: Function: int main(int, char **) Line: 142: NET/OFI Rank 23: Accepting connection from rank 30
INFO: Function: int main(int, char **) Line: 142: NET/OFI Rank 23: Accepting connection from rank 31
INFO: Function: int main(int, char **) Line: 148: NET/OFI Rank 23: All connections established
TRACE: Function: ncclResult_t allocate_buff(void **, size_t, int) Line: 104: NET/OFI Allocating CUDA buffer
TRACE: Function: ncclResult_t allocate_buff(void **, size_t, int) Line: 104: NET/OFI Allocating CUDA buffer
TRACE: Function: ncclResult_t register_mr_buffers(ofiComm_t *, void *, int, int, struct fid_mr **) Line: 544: NET/OFI Skip registering CUDA buffer. hmem_mr: 0
TRACE: Function: ncclResult_t register_mr_buffers(ofiComm_t *, void *, int, int, struct fid_mr **) Line: 544: NET/OFI Skip registering CUDA buffer. hmem_mr: 0
TRACE: Function: ncclResult_t ofi_deregMr(void *, void *) Line: 2546: NET/OFI Null MR handle provided. Skipping deregisteration.
INFO: Function: int main(int, char **) Line: 142: NET/OFI Rank 31: Accepting connection from rank 19
INFO: Function: int main(int, char **) Line: 142: NET/OFI Rank 31: Accepting connection from rank 20
INFO: Function: int main(int, char **) Line: 142: NET/OFI Rank 31: Accepting connection from rank 21
INFO: Function: int main(int, char **) Line: 142: NET/OFI Rank 31: Accepting connection from rank 22
INFO: Function: int main(int, char **) Line: 142: NET/OFI Rank 31: Accepting connection from rank 23
INFO: Function: int main(int, char **) Line: 142: NET/OFI Rank 31: Accepting connection from rank 24
INFO: Function: int main(int, char **) Line: 142: NET/OFI Rank 31: Accepting connection from rank 25
INFO: Function: int main(int, char **) Line: 142: NET/OFI Rank 31: Accepting connection from rank 26
INFO: Function: int main(int, char **) Line: 142: NET/OFI Rank 31: Accepting connection from rank 27
INFO: Function: int main(int, char **) Line: 142: NET/OFI Rank 31: Accepting connection from rank 28
INFO: Function: int main(int, char **) Line: 142: NET/OFI Rank 1: Accepting connection from rank 11
INFO: Function: int main(int, char **) Line: 142: NET/OFI Rank 1: Accepting connection from rank 12
INFO: Function: int main(int, char **) Line: 142: NET/OFI Rank 1: Accepting connection from rank 13
INFO: Function: int main(int, char **) Line: 142: NET/OFI Rank 1: Accepting connection from rank 14
INFO: Function: int main(int, char **) Line: 142: NET/OFI Rank 1: Accepting connection from rank 15
INFO: Function: int main(int, char **) Line: 142: NET/OFI Rank 1: Accepting connection from rank 16
INFO: Function: int main(int, char **) Line: 142: NET/OFI Rank 1: Accepting connection from rank 17
INFO: Function: int main(int, char **) Line: 142: NET/OFI Rank 1: Accepting connection from rank 18
INFO: Function: int main(int, char **) Line: 142: NET/OFI Rank 1: Accepting connection from rank 19
INFO: Function: int main(int, char **) Line: 142: NET/OFI Rank 1: Accepting connection from rank 20
INFO: Function: int main(int, char **) Line: 142: NET/OFI Rank 14: Accepting connection from rank 30
INFO: Function: int main(int, char **) Line: 142: NET/OFI Rank 14: Accepting connection from rank 31
INFO: Function: int main(int, char **) Line: 148: NET/OFI Rank 14: All connections established
TRACE: Function: ncclResult_t allocate_buff(void **, size_t, int) Line: 104: NET/OFI Allocating CUDA buffer
TRACE: Function: ncclResult_t allocate_buff(void **, size_t, int) Line: 104: NET/OFI Allocating CUDA buffer
TRACE: Function: ncclResult_t register_mr_buffers(ofiComm_t *, void *, int, int, struct fid_mr **) Line: 544: NET/OFI Skip registering CUDA buffer. hmem_mr: 0
TRACE: Function: ncclResult_t register_mr_buffers(ofiComm_t *, void *, int, int, struct fid_mr **) Line: 544: NET/OFI Skip registering CUDA buffer. hmem_mr: 0
TRACE: Function: ncclResult_t ofi_deregMr(void *, void *) Line: 2546: NET/OFI Null MR handle provided. Skipping deregisteration.
TRACE: Function: ncclResult_t ofi_deregMr(void *, void *) Line: 2546: NET/OFI Null MR handle provided. Skipping deregisteration.
TRACE: Function: ncclResult_t register_mr_buffers(ofiComm_t *, void *, int, int, struct fid_mr **) Line: 544: NET/OFI Skip registering CUDA buffer. hmem_mr: 0
TRACE: Function: ncclResult_t register_mr_buffers(ofiComm_t *, void *, int, int, struct fid_mr **) Line: 544: NET/OFI Skip registering CUDA buffer. hmem_mr: 0
TRACE: Function: ncclResult_t ofi_deregMr(void *, void *) Line: 2546: NET/OFI Null MR handle provided. Skipping deregisteration.
TRACE: Function: ncclResult_t ofi_deregMr(void *, void *) Line: 2546: NET/OFI Null MR handle provided. Skipping deregisteration.
TRACE: Function: ncclResult_t register_mr_buffers(ofiComm_t *, void *, int, int, struct fid_mr **) Line: 544: NET/OFI Skip registering CUDA buffer. hmem_mr: 0
TRACE: Function: ncclResult_t register_mr_buffers(ofiComm_t *, void *, int, int, struct fid_mr **) Line: 544: NET/OFI Skip registering CUDA buffer. hmem_mr: 0
INFO: Function: int main(int, char **) Line: 142: NET/OFI Rank 31: Accepting connection from rank 29
INFO: Function: int main(int, char **) Line: 142: NET/OFI Rank 31: Accepting connection from rank 30
INFO: Function: int main(int, char **) Line: 148: NET/OFI Rank 31: All connections established
TRACE: Function: ncclResult_t allocate_buff(void **, size_t, int) Line: 104: NET/OFI Allocating CUDA buffer
TRACE: Function: ncclResult_t allocate_buff(void **, size_t, int) Line: 104: NET/OFI Allocating CUDA buffer
TRACE: Function: ncclResult_t register_mr_buffers(ofiComm_t *, void *, int, int, struct fid_mr **) Line: 544: NET/OFI Skip registering CUDA buffer. hmem_mr: 0
TRACE: Function: ncclResult_t register_mr_buffers(ofiComm_t *, void *, int, int, struct fid_mr **) Line: 544: NET/OFI Skip registering CUDA buffer. hmem_mr: 0
TRACE: Function: ncclResult_t ofi_deregMr(void *, void *) Line: 2546: NET/OFI Null MR handle provided. Skipping deregisteration.
INFO: Function: int main(int, char **) Line: 142: NET/OFI Rank 1: Accepting connection from rank 21
INFO: Function: int main(int, char **) Line: 142: NET/OFI Rank 1: Accepting connection from rank 22
INFO: Function: int main(int, char **) Line: 142: NET/OFI Rank 1: Accepting connection from rank 23
INFO: Function: int main(int, char **) Line: 142: NET/OFI Rank 1: Accepting connection from rank 24
INFO: Function: int main(int, char **) Line: 142: NET/OFI Rank 1: Accepting connection from rank 25
INFO: Function: int main(int, char **) Line: 142: NET/OFI Rank 1: Accepting connection from rank 26
INFO: Function: int main(int, char **) Line: 142: NET/OFI Rank 1: Accepting connection from rank 27
INFO: Function: int main(int, char **) Line: 142: NET/OFI Rank 1: Accepting connection from rank 28
INFO: Function: int main(int, char **) Line: 142: NET/OFI Rank 1: Accepting connection from rank 29
INFO: Function: int main(int, char **) Line: 142: NET/OFI Rank 1: Accepting connection from rank 30
TRACE: Function: ncclResult_t ofi_deregMr(void *, void *) Line: 2546: NET/OFI Null MR handle provided. Skipping deregisteration.
TRACE: Function: ncclResult_t register_mr_buffers(ofiComm_t *, void *, int, int, struct fid_mr **) Line: 544: NET/OFI Skip registering CUDA buffer. hmem_mr: 0
TRACE: Function: ncclResult_t register_mr_buffers(ofiComm_t *, void *, int, int, struct fid_mr **) Line: 544: NET/OFI Skip registering CUDA buffer. hmem_mr: 0
TRACE: Function: ncclResult_t ofi_deregMr(void *, void *) Line: 2546: NET/OFI Null MR handle provided. Skipping deregisteration.
TRACE: Function: ncclResult_t ofi_deregMr(void *, void *) Line: 2546: NET/OFI Null MR handle provided. Skipping deregisteration.
TRACE: Function: ncclResult_t register_mr_buffers(ofiComm_t *, void *, int, int, struct fid_mr **) Line: 544: NET/OFI Skip registering CUDA buffer. hmem_mr: 0
TRACE: Function: ncclResult_t register_mr_buffers(ofiComm_t *, void *, int, int, struct fid_mr **) Line: 544: NET/OFI Skip registering CUDA buffer. hmem_mr: 0
TRACE: Function: ncclResult_t ofi_deregMr(void *, void *) Line: 2546: NET/OFI Null MR handle provided. Skipping deregisteration.
TRACE: Function: ncclResult_t ofi_deregMr(void *, void *) Line: 2546: NET/OFI Null MR handle provided. Skipping deregisteration.
TRACE: Function: ncclResult_t register_mr_buffers(ofiComm_t *, void *, int, int, struct fid_mr **) Line: 544: NET/OFI Skip registering CUDA buffer. hmem_mr: 0
TRACE: Function: ncclResult_t register_mr_buffers(ofiComm_t *, void *, int, int, struct fid_mr **) Line: 544: NET/OFI Skip registering CUDA buffer. hmem_mr: 0
TRACE: Function: ncclResult_t ofi_deregMr(void *, void *) Line: 2546: NET/OFI Null MR handle provided. Skipping deregisteration.
TRACE: Function: ncclResult_t ofi_deregMr(void *, void *) Line: 2546: NET/OFI Null MR handle provided. Skipping deregisteration.
TRACE: Function: ncclResult_t register_mr_buffers(ofiComm_t *, void *, int, int, struct fid_mr **) Line: 544: NET/OFI Skip registering CUDA buffer. hmem_mr: 0
TRACE: Function: ncclResult_t register_mr_buffers(ofiComm_t *, void *, int, int, struct fid_mr **) Line: 544: NET/OFI Skip registering CUDA buffer. hmem_mr: 0
INFO: Function: int main(int, char **) Line: 142: NET/OFI Rank 1: Accepting connection from rank 31
INFO: Function: int main(int, char **) Line: 148: NET/OFI Rank 1: All connections established
TRACE: Function: ncclResult_t allocate_buff(void **, size_t, int) Line: 104: NET/OFI Allocating CUDA buffer
TRACE: Function: ncclResult_t allocate_buff(void **, size_t, int) Line: 104: NET/OFI Allocating CUDA buffer
TRACE: Function: ncclResult_t register_mr_buffers(ofiComm_t *, void *, int, int, struct fid_mr **) Line: 544: NET/OFI Skip registering CUDA buffer. hmem_mr: 0
TRACE: Function: ncclResult_t register_mr_buffers(ofiComm_t *, void *, int, int, struct fid_mr **) Line: 544: NET/OFI Skip registering CUDA buffer. hmem_mr: 0
TRACE: Function: ncclResult_t ofi_deregMr(void *, void *) Line: 2546: NET/OFI Null MR handle provided. Skipping deregisteration.
TRACE: Function: ncclResult_t ofi_deregMr(void *, void *) Line: 2546: NET/OFI Null MR handle provided. Skipping deregisteration.
INFO: Function: int main(int, char **) Line: 142: NET/OFI Rank 9: Accepting connection from rank 11
INFO: Function: int main(int, char **) Line: 142: NET/OFI Rank 9: Accepting connection from rank 12
INFO: Function: int main(int, char **) Line: 142: NET/OFI Rank 9: Accepting connection from rank 13
INFO: Function: int main(int, char **) Line: 142: NET/OFI Rank 9: Accepting connection from rank 14
INFO: Function: int main(int, char **) Line: 142: NET/OFI Rank 9: Accepting connection from rank 15
INFO: Function: int main(int, char **) Line: 142: NET/OFI Rank 9: Accepting connection from rank 16
INFO: Function: int main(int, char **) Line: 142: NET/OFI Rank 9: Accepting connection from rank 17
INFO: Function: int main(int, char **) Line: 142: NET/OFI Rank 9: Accepting connection from rank 18
INFO: Function: int main(int, char **) Line: 142: NET/OFI Rank 9: Accepting connection from rank 19
INFO: Function: int main(int, char **) Line: 142: NET/OFI Rank 9: Accepting connection from rank 20
INFO: Function: int main(int, char **) Line: 142: NET/OFI Rank 17: Accepting connection from rank 9
INFO: Function: int main(int, char **) Line: 142: NET/OFI Rank 17: Accepting connection from rank 10
INFO: Function: int main(int, char **) Line: 142: NET/OFI Rank 17: Accepting connection from rank 11
INFO: Function: int main(int, char **) Line: 142: NET/OFI Rank 17: Accepting connection from rank 12
INFO: Function: int main(int, char **) Line: 142: NET/OFI Rank 17: Accepting connection from rank 13
INFO: Function: int main(int, char **) Line: 142: NET/OFI Rank 17: Accepting connection from rank 14
INFO: Function: int main(int, char **) Line: 142: NET/OFI Rank 17: Accepting connection from rank 15
INFO: Function: int main(int, char **) Line: 142: NET/OFI Rank 17: Accepting connection from rank 16
INFO: Function: int main(int, char **) Line: 142: NET/OFI Rank 17: Accepting connection from rank 18
INFO: Function: int main(int, char **) Line: 142: NET/OFI Rank 17: Accepting connection from rank 19
TRACE: Function: ncclResult_t ofi_deregMr(void *, void *) Line: 2546: NET/OFI Null MR handle provided. Skipping deregisteration.
TRACE: Function: ncclResult_t register_mr_buffers(ofiComm_t *, void *, int, int, struct fid_mr **) Line: 544: NET/OFI Skip registering CUDA buffer. hmem_mr: 0
TRACE: Function: ncclResult_t register_mr_buffers(ofiComm_t *, void *, int, int, struct fid_mr **) Line: 544: NET/OFI Skip registering CUDA buffer. hmem_mr: 0
TRACE: Function: ncclResult_t ofi_deregMr(void *, void *) Line: 2546: NET/OFI Null MR handle provided. Skipping deregisteration.
TRACE: Function: ncclResult_t ofi_deregMr(void *, void *) Line: 2546: NET/OFI Null MR handle provided. Skipping deregisteration.
TRACE: Function: ncclResult_t register_mr_buffers(ofiComm_t *, void *, int, int, struct fid_mr **) Line: 544: NET/OFI Skip registering CUDA buffer. hmem_mr: 0
TRACE: Function: ncclResult_t register_mr_buffers(ofiComm_t *, void *, int, int, struct fid_mr **) Line: 544: NET/OFI Skip registering CUDA buffer. hmem_mr: 0
TRACE: Function: ncclResult_t ofi_deregMr(void *, void *) Line: 2546: NET/OFI Null MR handle provided. Skipping deregisteration.
INFO: Function: int main(int, char **) Line: 142: NET/OFI Rank 9: Accepting connection from rank 21
INFO: Function: int main(int, char **) Line: 142: NET/OFI Rank 9: Accepting connection from rank 22
INFO: Function: int main(int, char **) Line: 142: NET/OFI Rank 9: Accepting connection from rank 23
INFO: Function: int main(int, char **) Line: 142: NET/OFI Rank 9: Accepting connection from rank 24
INFO: Function: int main(int, char **) Line: 142: NET/OFI Rank 9: Accepting connection from rank 25
INFO: Function: int main(int, char **) Line: 142: NET/OFI Rank 9: Accepting connection from rank 26
INFO: Function: int main(int, char **) Line: 142: NET/OFI Rank 9: Accepting connection from rank 27
INFO: Function: int main(int, char **) Line: 142: NET/OFI Rank 9: Accepting connection from rank 28
INFO: Function: int main(int, char **) Line: 142: NET/OFI Rank 9: Accepting connection from rank 29
INFO: Function: int main(int, char **) Line: 142: NET/OFI Rank 9: Accepting connection from rank 30
INFO: Function: int main(int, char **) Line: 142: NET/OFI Rank 17: Accepting connection from rank 20
INFO: Function: int main(int, char **) Line: 142: NET/OFI Rank 17: Accepting connection from rank 21
INFO: Function: int main(int, char **) Line: 142: NET/OFI Rank 17: Accepting connection from rank 22
INFO: Function: int main(int, char **) Line: 142: NET/OFI Rank 17: Accepting connection from rank 23
INFO: Function: int main(int, char **) Line: 142: NET/OFI Rank 17: Accepting connection from rank 24
INFO: Function: int main(int, char **) Line: 142: NET/OFI Rank 17: Accepting connection from rank 25
INFO: Function: int main(int, char **) Line: 142: NET/OFI Rank 17: Accepting connection from rank 26
INFO: Function: int main(int, char **) Line: 142: NET/OFI Rank 17: Accepting connection from rank 27
INFO: Function: int main(int, char **) Line: 142: NET/OFI Rank 17: Accepting connection from rank 28
INFO: Function: int main(int, char **) Line: 142: NET/OFI Rank 17: Accepting connection from rank 29
INFO: Function: int main(int, char **) Line: 142: NET/OFI Rank 25: Accepting connection from rank 9
INFO: Function: int main(int, char **) Line: 142: NET/OFI Rank 25: Accepting connection from rank 10
INFO: Function: int main(int, char **) Line: 142: NET/OFI Rank 25: Accepting connection from rank 11
INFO: Function: int main(int, char **) Line: 142: NET/OFI Rank 25: Accepting connection from rank 12
INFO: Function: int main(int, char **) Line: 142: NET/OFI Rank 25: Accepting connection from rank 13
INFO: Function: int main(int, char **) Line: 142: NET/OFI Rank 25: Accepting connection from rank 14
INFO: Function: int main(int, char **) Line: 142: NET/OFI Rank 25: Accepting connection from rank 15
INFO: Function: int main(int, char **) Line: 142: NET/OFI Rank 25: Accepting connection from rank 16
INFO: Function: int main(int, char **) Line: 142: NET/OFI Rank 25: Accepting connection from rank 17
INFO: Function: int main(int, char **) Line: 142: NET/OFI Rank 25: Accepting connection from rank 18
INFO: Function: int main(int, char **) Line: 142: NET/OFI Rank 2: Accepting connection from rank 11
INFO: Function: int main(int, char **) Line: 142: NET/OFI Rank 2: Accepting connection from rank 12
INFO: Function: int main(int, char **) Line: 142: NET/OFI Rank 2: Accepting connection from rank 13
INFO: Function: int main(int, char **) Line: 142: NET/OFI Rank 2: Accepting connection from rank 14
INFO: Function: int main(int, char **) Line: 142: NET/OFI Rank 2: Accepting connection from rank 15
INFO: Function: int main(int, char **) Line: 142: NET/OFI Rank 2: Accepting connection from rank 16
INFO: Function: int main(int, char **) Line: 142: NET/OFI Rank 2: Accepting connection from rank 17
INFO: Function: int main(int, char **) Line: 142: NET/OFI Rank 2: Accepting connection from rank 18
INFO: Function: int main(int, char **) Line: 142: NET/OFI Rank 2: Accepting connection from rank 19
INFO: Function: int main(int, char **) Line: 142: NET/OFI Rank 2: Accepting connection from rank 20
INFO: Function: int main(int, char **) Line: 142: NET/OFI Rank 9: Accepting connection from rank 31
INFO: Function: int main(int, char **) Line: 148: NET/OFI Rank 9: All connections established
TRACE: Function: ncclResult_t allocate_buff(void **, size_t, int) Line: 104: NET/OFI Allocating CUDA buffer
TRACE: Function: ncclResult_t allocate_buff(void **, size_t, int) Line: 104: NET/OFI Allocating CUDA buffer
TRACE: Function: ncclResult_t register_mr_buffers(ofiComm_t *, void *, int, int, struct fid_mr **) Line: 544: NET/OFI Skip registering CUDA buffer. hmem_mr: 0
TRACE: Function: ncclResult_t register_mr_buffers(ofiComm_t *, void *, int, int, struct fid_mr **) Line: 544: NET/OFI Skip registering CUDA buffer. hmem_mr: 0
TRACE: Function: ncclResult_t ofi_deregMr(void *, void *) Line: 2546: NET/OFI Null MR handle provided. Skipping deregisteration.
TRACE: Function: ncclResult_t ofi_deregMr(void *, void *) Line: 2546: NET/OFI Null MR handle provided. Skipping deregisteration.
INFO: Function: int main(int, char **) Line: 142: NET/OFI Rank 17: Accepting connection from rank 30
INFO: Function: int main(int, char **) Line: 142: NET/OFI Rank 17: Accepting connection from rank 31
INFO: Function: int main(int, char **) Line: 148: NET/OFI Rank 17: All connections established
TRACE: Function: ncclResult_t allocate_buff(void **, size_t, int) Line: 104: NET/OFI Allocating CUDA buffer
TRACE: Function: ncclResult_t allocate_buff(void **, size_t, int) Line: 104: NET/OFI Allocating CUDA buffer
TRACE: Function: ncclResult_t register_mr_buffers(ofiComm_t *, void *, int, int, struct fid_mr **) Line: 544: NET/OFI Skip registering CUDA buffer. hmem_mr: 0
TRACE: Function: ncclResult_t register_mr_buffers(ofiComm_t *, void *, int, int, struct fid_mr **) Line: 544: NET/OFI Skip registering CUDA buffer. hmem_mr: 0
TRACE: Function: ncclResult_t ofi_deregMr(void *, void *) Line: 2546: NET/OFI Null MR handle provided. Skipping deregisteration.
INFO: Function: int main(int, char **) Line: 142: NET/OFI Rank 25: Accepting connection from rank 19
INFO: Function: int main(int, char **) Line: 142: NET/OFI Rank 25: Accepting connection from rank 20
INFO: Function: int main(int, char **) Line: 142: NET/OFI Rank 25: Accepting connection from rank 21
INFO: Function: int main(int, char **) Line: 142: NET/OFI Rank 25: Accepting connection from rank 22
INFO: Function: int main(int, char **) Line: 142: NET/OFI Rank 25: Accepting connection from rank 23
INFO: Function: int main(int, char **) Line: 142: NET/OFI Rank 25: Accepting connection from rank 24
INFO: Function: int main(int, char **) Line: 142: NET/OFI Rank 25: Accepting connection from rank 26
INFO: Function: int main(int, char **) Line: 142: NET/OFI Rank 25: Accepting connection from rank 27
INFO: Function: int main(int, char **) Line: 142: NET/OFI Rank 25: Accepting connection from rank 28
INFO: Function: int main(int, char **) Line: 142: NET/OFI Rank 25: Accepting connection from rank 29
INFO: Function: int main(int, char **) Line: 142: NET/OFI Rank 2: Accepting connection from rank 21
INFO: Function: int main(int, char **) Line: 142: NET/OFI Rank 2: Accepting connection from rank 22
INFO: Function: int main(int, char **) Line: 142: NET/OFI Rank 2: Accepting connection from rank 23
INFO: Function: int main(int, char **) Line: 142: NET/OFI Rank 2: Accepting connection from rank 24
INFO: Function: int main(int, char **) Line: 142: NET/OFI Rank 2: Accepting connection from rank 25
INFO: Function: int main(int, char **) Line: 142: NET/OFI Rank 2: Accepting connection from rank 26
INFO: Function: int main(int, char **) Line: 142: NET/OFI Rank 2: Accepting connection from rank 27
INFO: Function: int main(int, char **) Line: 142: NET/OFI Rank 2: Accepting connection from rank 28
INFO: Function: int main(int, char **) Line: 142: NET/OFI Rank 2: Accepting connection from rank 29
INFO: Function: int main(int, char **) Line: 142: NET/OFI Rank 2: Accepting connection from rank 30
TRACE: Function: ncclResult_t register_mr_buffers(ofiComm_t *, void *, int, int, struct fid_mr **) Line: 544: NET/OFI Skip registering CUDA buffer. hmem_mr: 0
TRACE: Function: ncclResult_t register_mr_buffers(ofiComm_t *, void *, int, int, struct fid_mr **) Line: 544: NET/OFI Skip registering CUDA buffer. hmem_mr: 0
TRACE: Function: ncclResult_t ofi_deregMr(void *, void *) Line: 2546: NET/OFI Null MR handle provided. Skipping deregisteration.
TRACE: Function: ncclResult_t ofi_deregMr(void *, void *) Line: 2546: NET/OFI Null MR handle provided. Skipping deregisteration.
TRACE: Function: ncclResult_t register_mr_buffers(ofiComm_t *, void *, int, int, struct fid_mr **) Line: 544: NET/OFI Skip registering CUDA buffer. hmem_mr: 0
TRACE: Function: ncclResult_t register_mr_buffers(ofiComm_t *, void *, int, int, struct fid_mr **) Line: 544: NET/OFI Skip registering CUDA buffer. hmem_mr: 0
TRACE: Function: ncclResult_t ofi_deregMr(void *, void *) Line: 2546: NET/OFI Null MR handle provided. Skipping deregisteration.
TRACE: Function: ncclResult_t ofi_deregMr(void *, void *) Line: 2546: NET/OFI Null MR handle provided. Skipping deregisteration.
TRACE: Function: ncclResult_t register_mr_buffers(ofiComm_t *, void *, int, int, struct fid_mr **) Line: 544: NET/OFI Skip registering CUDA buffer. hmem_mr: 0
TRACE: Function: ncclResult_t register_mr_buffers(ofiComm_t *, void *, int, int, struct fid_mr **) Line: 544: NET/OFI Skip registering CUDA buffer. hmem_mr: 0
TRACE: Function: ncclResult_t ofi_deregMr(void *, void *) Line: 2546: NET/OFI Null MR handle provided. Skipping deregisteration.
TRACE: Function: ncclResult_t ofi_deregMr(void *, void *) Line: 2546: NET/OFI Null MR handle provided. Skipping deregisteration.
TRACE: Function: ncclResult_t register_mr_buffers(ofiComm_t *, void *, int, int, struct fid_mr **) Line: 544: NET/OFI Skip registering CUDA buffer. hmem_mr: 0
TRACE: Function: ncclResult_t register_mr_buffers(ofiComm_t *, void *, int, int, struct fid_mr **) Line: 544: NET/OFI Skip registering CUDA buffer. hmem_mr: 0
INFO: Function: int main(int, char **) Line: 142: NET/OFI Rank 25: Accepting connection from rank 30
INFO: Function: int main(int, char **) Line: 142: NET/OFI Rank 25: Accepting connection from rank 31
INFO: Function: int main(int, char **) Line: 148: NET/OFI Rank 25: All connections established
TRACE: Function: ncclResult_t allocate_buff(void **, size_t, int) Line: 104: NET/OFI Allocating CUDA buffer
TRACE: Function: ncclResult_t allocate_buff(void **, size_t, int) Line: 104: NET/OFI Allocating CUDA buffer
TRACE: Function: ncclResult_t register_mr_buffers(ofiComm_t *, void *, int, int, struct fid_mr **) Line: 544: NET/OFI Skip registering CUDA buffer. hmem_mr: 0
TRACE: Function: ncclResult_t register_mr_buffers(ofiComm_t *, void *, int, int, struct fid_mr **) Line: 544: NET/OFI Skip registering CUDA buffer. hmem_mr: 0
TRACE: Function: ncclResult_t ofi_deregMr(void *, void *) Line: 2546: NET/OFI Null MR handle provided. Skipping deregisteration.
INFO: Function: int main(int, char **) Line: 142: NET/OFI Rank 2: Accepting connection from rank 31
INFO: Function: int main(int, char **) Line: 148: NET/OFI Rank 2: All connections established
TRACE: Function: ncclResult_t allocate_buff(void **, size_t, int) Line: 104: NET/OFI Allocating CUDA buffer
TRACE: Function: ncclResult_t allocate_buff(void **, size_t, int) Line: 104: NET/OFI Allocating CUDA buffer
TRACE: Function: ncclResult_t register_mr_buffers(ofiComm_t *, void *, int, int, struct fid_mr **) Line: 544: NET/OFI Skip registering CUDA buffer. hmem_mr: 0
TRACE: Function: ncclResult_t register_mr_buffers(ofiComm_t *, void *, int, int, struct fid_mr **) Line: 544: NET/OFI Skip registering CUDA buffer. hmem_mr: 0
TRACE: Function: ncclResult_t ofi_deregMr(void *, void *) Line: 2546: NET/OFI Null MR handle provided. Skipping deregisteration.
TRACE: Function: ncclResult_t ofi_deregMr(void *, void *) Line: 2546: NET/OFI Null MR handle provided. Skipping deregisteration.
TRACE: Function: ncclResult_t ofi_deregMr(void *, void *) Line: 2546: NET/OFI Null MR handle provided. Skipping deregisteration.
INFO: Function: int main(int, char **) Line: 142: NET/OFI Rank 18: Accepting connection from rank 9
INFO: Function: int main(int, char **) Line: 142: NET/OFI Rank 18: Accepting connection from rank 10
INFO: Function: int main(int, char **) Line: 142: NET/OFI Rank 18: Accepting connection from rank 11
INFO: Function: int main(int, char **) Line: 142: NET/OFI Rank 18: Accepting connection from rank 12
INFO: Function: int main(int, char **) Line: 142: NET/OFI Rank 18: Accepting connection from rank 13
INFO: Function: int main(int, char **) Line: 142: NET/OFI Rank 18: Accepting connection from rank 14
INFO: Function: int main(int, char **) Line: 142: NET/OFI Rank 18: Accepting connection from rank 15
INFO: Function: int main(int, char **) Line: 142: NET/OFI Rank 18: Accepting connection from rank 16
INFO: Function: int main(int, char **) Line: 142: NET/OFI Rank 18: Accepting connection from rank 17
INFO: Function: int main(int, char **) Line: 142: NET/OFI Rank 18: Accepting connection from rank 19
TRACE: Function: ncclResult_t ofi_deregMr(void *, void *) Line: 2546: NET/OFI Null MR handle provided. Skipping deregisteration.
TRACE: Function: ncclResult_t register_mr_buffers(ofiComm_t *, void *, int, int, struct fid_mr **) Line: 544: NET/OFI Skip registering CUDA buffer. hmem_mr: 0
TRACE: Function: ncclResult_t register_mr_buffers(ofiComm_t *, void *, int, int, struct fid_mr **) Line: 544: NET/OFI Skip registering CUDA buffer. hmem_mr: 0
TRACE: Function: ncclResult_t ofi_deregMr(void *, void *) Line: 2546: NET/OFI Null MR handle provided. Skipping deregisteration.
TRACE: Function: ncclResult_t ofi_deregMr(void *, void *) Line: 2546: NET/OFI Null MR handle provided. Skipping deregisteration.
TRACE: Function: ncclResult_t register_mr_buffers(ofiComm_t *, void *, int, int, struct fid_mr **) Line: 544: NET/OFI Skip registering CUDA buffer. hmem_mr: 0
TRACE: Function: ncclResult_t register_mr_buffers(ofiComm_t *, void *, int, int, struct fid_mr **) Line: 544: NET/OFI Skip registering CUDA buffer. hmem_mr: 0
TRACE: Function: ncclResult_t register_mr_buffers(ofiComm_t *, void *, int, int, struct fid_mr **) Line: 544: NET/OFI Skip registering CUDA buffer. hmem_mr: 0
TRACE: Function: ncclResult_t register_mr_buffers(ofiComm_t *, void *, int, int, struct fid_mr **) Line: 544: NET/OFI Skip registering CUDA buffer. hmem_mr: 0
TRACE: Function: ncclResult_t ofi_deregMr(void *, void *) Line: 2546: NET/OFI Null MR handle provided. Skipping deregisteration.
TRACE: Function: ncclResult_t ofi_deregMr(void *, void *) Line: 2546: NET/OFI Null MR handle provided. Skipping deregisteration.
TRACE: Function: ncclResult_t register_mr_buffers(ofiComm_t *, void *, int, int, struct fid_mr **) Line: 544: NET/OFI Skip registering CUDA buffer. hmem_mr: 0
TRACE: Function: ncclResult_t register_mr_buffers(ofiComm_t *, void *, int, int, struct fid_mr **) Line: 544: NET/OFI Skip registering CUDA buffer. hmem_mr: 0
TRACE: Function: ncclResult_t ofi_deregMr(void *, void *) Line: 2546: NET/OFI Null MR handle provided. Skipping deregisteration.
INFO: Function: int main(int, char **) Line: 142: NET/OFI Rank 11: Accepting connection from rank 9
INFO: Function: int main(int, char **) Line: 142: NET/OFI Rank 11: Accepting connection from rank 10
INFO: Function: int main(int, char **) Line: 142: NET/OFI Rank 11: Accepting connection from rank 12
INFO: Function: int main(int, char **) Line: 142: NET/OFI Rank 11: Accepting connection from rank 13
INFO: Function: int main(int, char **) Line: 142: NET/OFI Rank 11: Accepting connection from rank 14
INFO: Function: int main(int, char **) Line: 142: NET/OFI Rank 11: Accepting connection from rank 15
INFO: Function: int main(int, char **) Line: 142: NET/OFI Rank 11: Accepting connection from rank 16
INFO: Function: int main(int, char **) Line: 142: NET/OFI Rank 11: Accepting connection from rank 17
INFO: Function: int main(int, char **) Line: 142: NET/OFI Rank 11: Accepting connection from rank 18
INFO: Function: int main(int, char **) Line: 142: NET/OFI Rank 11: Accepting connection from rank 19
INFO: Function: int main(int, char **) Line: 142: NET/OFI Rank 18: Accepting connection from rank 20
INFO: Function: int main(int, char **) Line: 142: NET/OFI Rank 18: Accepting connection from rank 21
INFO: Function: int main(int, char **) Line: 142: NET/OFI Rank 18: Accepting connection from rank 22
INFO: Function: int main(int, char **) Line: 142: NET/OFI Rank 18: Accepting connection from rank 23
INFO: Function: int main(int, char **) Line: 142: NET/OFI Rank 18: Accepting connection from rank 24
INFO: Function: int main(int, char **) Line: 142: NET/OFI Rank 18: Accepting connection from rank 25
INFO: Function: int main(int, char **) Line: 142: NET/OFI Rank 18: Accepting connection from rank 26
INFO: Function: int main(int, char **) Line: 142: NET/OFI Rank 18: Accepting connection from rank 27
INFO: Function: int main(int, char **) Line: 142: NET/OFI Rank 18: Accepting connection from rank 28
INFO: Function: int main(int, char **) Line: 142: NET/OFI Rank 18: Accepting connection from rank 29
INFO: Function: int main(int, char **) Line: 142: NET/OFI Rank 26: Accepting connection from rank 9
INFO: Function: int main(int, char **) Line: 142: NET/OFI Rank 26: Accepting connection from rank 10
INFO: Function: int main(int, char **) Line: 142: NET/OFI Rank 26: Accepting connection from rank 11
INFO: Function: int main(int, char **) Line: 142: NET/OFI Rank 26: Accepting connection from rank 12
INFO: Function: int main(int, char **) Line: 142: NET/OFI Rank 26: Accepting connection from rank 13
INFO: Function: int main(int, char **) Line: 142: NET/OFI Rank 26: Accepting connection from rank 14
INFO: Function: int main(int, char **) Line: 142: NET/OFI Rank 26: Accepting connection from rank 15
INFO: Function: int main(int, char **) Line: 142: NET/OFI Rank 26: Accepting connection from rank 16
INFO: Function: int main(int, char **) Line: 142: NET/OFI Rank 26: Accepting connection from rank 17
INFO: Function: int main(int, char **) Line: 142: NET/OFI Rank 26: Accepting connection from rank 18
INFO: Function: int main(int, char **) Line: 142: NET/OFI Rank 5: Accepting connection from rank 11
INFO: Function: int main(int, char **) Line: 142: NET/OFI Rank 5: Accepting connection from rank 12
INFO: Function: int main(int, char **) Line: 142: NET/OFI Rank 5: Accepting connection from rank 13
INFO: Function: int main(int, char **) Line: 142: NET/OFI Rank 5: Accepting connection from rank 14
INFO: Function: int main(int, char **) Line: 142: NET/OFI Rank 5: Accepting connection from rank 15
INFO: Function: int main(int, char **) Line: 142: NET/OFI Rank 5: Accepting connection from rank 16
INFO: Function: int main(int, char **) Line: 142: NET/OFI Rank 5: Accepting connection from rank 17
INFO: Function: int main(int, char **) Line: 142: NET/OFI Rank 5: Accepting connection from rank 18
INFO: Function: int main(int, char **) Line: 142: NET/OFI Rank 5: Accepting connection from rank 19
INFO: Function: int main(int, char **) Line: 142: NET/OFI Rank 5: Accepting connection from rank 20
INFO: Function: int main(int, char **) Line: 142: NET/OFI Rank 11: Accepting connection from rank 20
INFO: Function: int main(int, char **) Line: 142: NET/OFI Rank 11: Accepting connection from rank 21
INFO: Function: int main(int, char **) Line: 142: NET/OFI Rank 11: Accepting connection from rank 22
INFO: Function: int main(int, char **) Line: 142: NET/OFI Rank 11: Accepting connection from rank 23
INFO: Function: int main(int, char **) Line: 142: NET/OFI Rank 11: Accepting connection from rank 24
INFO: Function: int main(int, char **) Line: 142: NET/OFI Rank 11: Accepting connection from rank 25
INFO: Function: int main(int, char **) Line: 142: NET/OFI Rank 11: Accepting connection from rank 26
INFO: Function: int main(int, char **) Line: 142: NET/OFI Rank 11: Accepting connection from rank 27
INFO: Function: int main(int, char **) Line: 142: NET/OFI Rank 11: Accepting connection from rank 28
INFO: Function: int main(int, char **) Line: 142: NET/OFI Rank 11: Accepting connection from rank 29
INFO: Function: int main(int, char **) Line: 142: NET/OFI Rank 18: Accepting connection from rank 30
INFO: Function: int main(int, char **) Line: 142: NET/OFI Rank 18: Accepting connection from rank 31
INFO: Function: int main(int, char **) Line: 148: NET/OFI Rank 18: All connections established
TRACE: Function: ncclResult_t allocate_buff(void **, size_t, int) Line: 104: NET/OFI Allocating CUDA buffer
TRACE: Function: ncclResult_t allocate_buff(void **, size_t, int) Line: 104: NET/OFI Allocating CUDA buffer
TRACE: Function: ncclResult_t register_mr_buffers(ofiComm_t *, void *, int, int, struct fid_mr **) Line: 544: NET/OFI Skip registering CUDA buffer. hmem_mr: 0
TRACE: Function: ncclResult_t register_mr_buffers(ofiComm_t *, void *, int, int, struct fid_mr **) Line: 544: NET/OFI Skip registering CUDA buffer. hmem_mr: 0
TRACE: Function: ncclResult_t ofi_deregMr(void *, void *) Line: 2546: NET/OFI Null MR handle provided. Skipping deregisteration.
INFO: Function: int main(int, char **) Line: 142: NET/OFI Rank 26: Accepting connection from rank 19
INFO: Function: int main(int, char **) Line: 142: NET/OFI Rank 26: Accepting connection from rank 20
INFO: Function: int main(int, char **) Line: 142: NET/OFI Rank 26: Accepting connection from rank 21
INFO: Function: int main(int, char **) Line: 142: NET/OFI Rank 26: Accepting connection from rank 22
INFO: Function: int main(int, char **) Line: 142: NET/OFI Rank 26: Accepting connection from rank 23
INFO: Function: int main(int, char **) Line: 142: NET/OFI Rank 26: Accepting connection from rank 24
INFO: Function: int main(int, char **) Line: 142: NET/OFI Rank 26: Accepting connection from rank 25
INFO: Function: int main(int, char **) Line: 142: NET/OFI Rank 26: Accepting connection from rank 27
INFO: Function: int main(int, char **) Line: 142: NET/OFI Rank 26: Accepting connection from rank 28
INFO: Function: int main(int, char **) Line: 142: NET/OFI Rank 26: Accepting connection from rank 29
INFO: Function: int main(int, char **) Line: 142: NET/OFI Rank 5: Accepting connection from rank 21
INFO: Function: int main(int, char **) Line: 142: NET/OFI Rank 5: Accepting connection from rank 22
INFO: Function: int main(int, char **) Line: 142: NET/OFI Rank 5: Accepting connection from rank 23
INFO: Function: int main(int, char **) Line: 142: NET/OFI Rank 5: Accepting connection from rank 24
INFO: Function: int main(int, char **) Line: 142: NET/OFI Rank 5: Accepting connection from rank 25
INFO: Function: int main(int, char **) Line: 142: NET/OFI Rank 5: Accepting connection from rank 26
INFO: Function: int main(int, char **) Line: 142: NET/OFI Rank 5: Accepting connection from rank 27
INFO: Function: int main(int, char **) Line: 142: NET/OFI Rank 5: Accepting connection from rank 28
INFO: Function: int main(int, char **) Line: 142: NET/OFI Rank 5: Accepting connection from rank 29
INFO: Function: int main(int, char **) Line: 142: NET/OFI Rank 5: Accepting connection from rank 30
INFO: Function: int main(int, char **) Line: 142: NET/OFI Rank 11: Accepting connection from rank 30
INFO: Function: int main(int, char **) Line: 142: NET/OFI Rank 11: Accepting connection from rank 31
INFO: Function: int main(int, char **) Line: 148: NET/OFI Rank 11: All connections established
TRACE: Function: ncclResult_t allocate_buff(void **, size_t, int) Line: 104: NET/OFI Allocating CUDA buffer
TRACE: Function: ncclResult_t allocate_buff(void **, size_t, int) Line: 104: NET/OFI Allocating CUDA buffer
TRACE: Function: ncclResult_t register_mr_buffers(ofiComm_t *, void *, int, int, struct fid_mr **) Line: 544: NET/OFI Skip registering CUDA buffer. hmem_mr: 0
TRACE: Function: ncclResult_t register_mr_buffers(ofiComm_t *, void *, int, int, struct fid_mr **) Line: 544: NET/OFI Skip registering CUDA buffer. hmem_mr: 0
TRACE: Function: ncclResult_t ofi_deregMr(void *, void *) Line: 2546: NET/OFI Null MR handle provided. Skipping deregisteration.
TRACE: Function: ncclResult_t ofi_deregMr(void *, void *) Line: 2546: NET/OFI Null MR handle provided. Skipping deregisteration.
TRACE: Function: ncclResult_t register_mr_buffers(ofiComm_t *, void *, int, int, struct fid_mr **) Line: 544: NET/OFI Skip registering CUDA buffer. hmem_mr: 0
TRACE: Function: ncclResult_t register_mr_buffers(ofiComm_t *, void *, int, int, struct fid_mr **) Line: 544: NET/OFI Skip registering CUDA buffer. hmem_mr: 0
TRACE: Function: ncclResult_t ofi_deregMr(void *, void *) Line: 2546: NET/OFI Null MR handle provided. Skipping deregisteration.
TRACE: Function: ncclResult_t ofi_deregMr(void *, void *) Line: 2546: NET/OFI Null MR handle provided. Skipping deregisteration.
TRACE: Function: ncclResult_t register_mr_buffers(ofiComm_t *, void *, int, int, struct fid_mr **) Line: 544: NET/OFI Skip registering CUDA buffer. hmem_mr: 0
TRACE: Function: ncclResult_t register_mr_buffers(ofiComm_t *, void *, int, int, struct fid_mr **) Line: 544: NET/OFI Skip registering CUDA buffer. hmem_mr: 0
INFO: Function: int main(int, char **) Line: 142: NET/OFI Rank 26: Accepting connection from rank 30
INFO: Function: int main(int, char **) Line: 142: NET/OFI Rank 26: Accepting connection from rank 31
INFO: Function: int main(int, char **) Line: 148: NET/OFI Rank 26: All connections established
TRACE: Function: ncclResult_t allocate_buff(void **, size_t, int) Line: 104: NET/OFI Allocating CUDA buffer
TRACE: Function: ncclResult_t allocate_buff(void **, size_t, int) Line: 104: NET/OFI Allocating CUDA buffer
TRACE: Function: ncclResult_t register_mr_buffers(ofiComm_t *, void *, int, int, struct fid_mr **) Line: 544: NET/OFI Skip registering CUDA buffer. hmem_mr: 0
TRACE: Function: ncclResult_t register_mr_buffers(ofiComm_t *, void *, int, int, struct fid_mr **) Line: 544: NET/OFI Skip registering CUDA buffer. hmem_mr: 0
TRACE: Function: ncclResult_t ofi_deregMr(void *, void *) Line: 2546: NET/OFI Null MR handle provided. Skipping deregisteration.
INFO: Function: int main(int, char **) Line: 142: NET/OFI Rank 5: Accepting connection from rank 31
INFO: Function: int main(int, char **) Line: 148: NET/OFI Rank 5: All connections established
TRACE: Function: ncclResult_t allocate_buff(void **, size_t, int) Line: 104: NET/OFI Allocating CUDA buffer
TRACE: Function: ncclResult_t allocate_buff(void **, size_t, int) Line: 104: NET/OFI Allocating CUDA buffer
TRACE: Function: ncclResult_t register_mr_buffers(ofiComm_t *, void *, int, int, struct fid_mr **) Line: 544: NET/OFI Skip registering CUDA buffer. hmem_mr: 0
TRACE: Function: ncclResult_t register_mr_buffers(ofiComm_t *, void *, int, int, struct fid_mr **) Line: 544: NET/OFI Skip registering CUDA buffer. hmem_mr: 0
TRACE: Function: ncclResult_t ofi_deregMr(void *, void *) Line: 2546: NET/OFI Null MR handle provided. Skipping deregisteration.
TRACE: Function: ncclResult_t ofi_deregMr(void *, void *) Line: 2546: NET/OFI Null MR handle provided. Skipping deregisteration.
TRACE: Function: ncclResult_t ofi_deregMr(void *, void *) Line: 2546: NET/OFI Null MR handle provided. Skipping deregisteration.
TRACE: Function: ncclResult_t register_mr_buffers(ofiComm_t *, void *, int, int, struct fid_mr **) Line: 544: NET/OFI Skip registering CUDA buffer. hmem_mr: 0
TRACE: Function: ncclResult_t register_mr_buffers(ofiComm_t *, void *, int, int, struct fid_mr **) Line: 544: NET/OFI Skip registering CUDA buffer. hmem_mr: 0
TRACE: Function: ncclResult_t ofi_deregMr(void *, void *) Line: 2546: NET/OFI Null MR handle provided. Skipping deregisteration.
TRACE: Function: ncclResult_t ofi_deregMr(void *, void *) Line: 2546: NET/OFI Null MR handle provided. Skipping deregisteration.
TRACE: Function: ncclResult_t register_mr_buffers(ofiComm_t *, void *, int, int, struct fid_mr **) Line: 544: NET/OFI Skip registering CUDA buffer. hmem_mr: 0
TRACE: Function: ncclResult_t register_mr_buffers(ofiComm_t *, void *, int, int, struct fid_mr **) Line: 544: NET/OFI Skip registering CUDA buffer. hmem_mr: 0
TRACE: Function: ncclResult_t ofi_deregMr(void *, void *) Line: 2546: NET/OFI Null MR handle provided. Skipping deregisteration.
TRACE: Function: ncclResult_t ofi_deregMr(void *, void *) Line: 2546: NET/OFI Null MR handle provided. Skipping deregisteration.
TRACE: Function: ncclResult_t register_mr_buffers(ofiComm_t *, void *, int, int, struct fid_mr **) Line: 544: NET/OFI Skip registering CUDA buffer. hmem_mr: 0
TRACE: Function: ncclResult_t register_mr_buffers(ofiComm_t *, void *, int, int, struct fid_mr **) Line: 544: NET/OFI Skip registering CUDA buffer. hmem_mr: 0
TRACE: Function: ncclResult_t ofi_deregMr(void *, void *) Line: 2546: NET/OFI Null MR handle provided. Skipping deregisteration.
TRACE: Function: ncclResult_t ofi_deregMr(void *, void *) Line: 2546: NET/OFI Null MR handle provided. Skipping deregisteration.
TRACE: Function: ncclResult_t register_mr_buffers(ofiComm_t *, void *, int, int, struct fid_mr **) Line: 544: NET/OFI Skip registering CUDA buffer. hmem_mr: 0
TRACE: Function: ncclResult_t register_mr_buffers(ofiComm_t *, void *, int, int, struct fid_mr **) Line: 544: NET/OFI Skip registering CUDA buffer. hmem_mr: 0
TRACE: Function: ncclResult_t register_mr_buffers(ofiComm_t *, void *, int, int, struct fid_mr **) Line: 544: NET/OFI Skip registering CUDA buffer. hmem_mr: 0
TRACE: Function: ncclResult_t register_mr_buffers(ofiComm_t *, void *, int, int, struct fid_mr **) Line: 544: NET/OFI Skip registering CUDA buffer. hmem_mr: 0
TRACE: Function: ncclResult_t ofi_deregMr(void *, void *) Line: 2546: NET/OFI Null MR handle provided. Skipping deregisteration.
TRACE: Function: ncclResult_t ofi_deregMr(void *, void *) Line: 2546: NET/OFI Null MR handle provided. Skipping deregisteration.
TRACE: Function: ncclResult_t register_mr_buffers(ofiComm_t *, void *, int, int, struct fid_mr **) Line: 544: NET/OFI Skip registering CUDA buffer. hmem_mr: 0
TRACE: Function: ncclResult_t register_mr_buffers(ofiComm_t *, void *, int, int, struct fid_mr **) Line: 544: NET/OFI Skip registering CUDA buffer. hmem_mr: 0
TRACE: Function: ncclResult_t ofi_deregMr(void *, void *) Line: 2546: NET/OFI Null MR handle provided. Skipping deregisteration.
TRACE: Function: ncclResult_t ofi_deregMr(void *, void *) Line: 2546: NET/OFI Null MR handle provided. Skipping deregisteration.
TRACE: Function: ncclResult_t ofi_deregMr(void *, void *) Line: 2546: NET/OFI Null MR handle provided. Skipping deregisteration.
TRACE: Function: ncclResult_t ofi_deregMr(void *, void *) Line: 2546: NET/OFI Null MR handle provided. Skipping deregisteration.
INFO: Function: int main(int, char **) Line: 142: NET/OFI Rank 6: Accepting connection from rank 11
INFO: Function: int main(int, char **) Line: 142: NET/OFI Rank 6: Accepting connection from rank 12
INFO: Function: int main(int, char **) Line: 142: NET/OFI Rank 6: Accepting connection from rank 13
INFO: Function: int main(int, char **) Line: 142: NET/OFI Rank 6: Accepting connection from rank 14
INFO: Function: int main(int, char **) Line: 142: NET/OFI Rank 6: Accepting connection from rank 15
INFO: Function: int main(int, char **) Line: 142: NET/OFI Rank 6: Accepting connection from rank 16
INFO: Function: int main(int, char **) Line: 142: NET/OFI Rank 6: Accepting connection from rank 17
INFO: Function: int main(int, char **) Line: 142: NET/OFI Rank 6: Accepting connection from rank 18
INFO: Function: int main(int, char **) Line: 142: NET/OFI Rank 6: Accepting connection from rank 19
INFO: Function: int main(int, char **) Line: 142: NET/OFI Rank 6: Accepting connection from rank 20
INFO: Function: int main(int, char **) Line: 142: NET/OFI Rank 13: Accepting connection from rank 9
INFO: Function: int main(int, char **) Line: 142: NET/OFI Rank 13: Accepting connection from rank 10
INFO: Function: int main(int, char **) Line: 142: NET/OFI Rank 13: Accepting connection from rank 11
INFO: Function: int main(int, char **) Line: 142: NET/OFI Rank 13: Accepting connection from rank 12
INFO: Function: int main(int, char **) Line: 142: NET/OFI Rank 13: Accepting connection from rank 14
INFO: Function: int main(int, char **) Line: 142: NET/OFI Rank 13: Accepting connection from rank 15
INFO: Function: int main(int, char **) Line: 142: NET/OFI Rank 13: Accepting connection from rank 16
INFO: Function: int main(int, char **) Line: 142: NET/OFI Rank 13: Accepting connection from rank 17
INFO: Function: int main(int, char **) Line: 142: NET/OFI Rank 13: Accepting connection from rank 18
INFO: Function: int main(int, char **) Line: 142: NET/OFI Rank 13: Accepting connection from rank 19
INFO: Function: int main(int, char **) Line: 142: NET/OFI Rank 21: Accepting connection from rank 9
INFO: Function: int main(int, char **) Line: 142: NET/OFI Rank 21: Accepting connection from rank 10
INFO: Function: int main(int, char **) Line: 142: NET/OFI Rank 21: Accepting connection from rank 11
INFO: Function: int main(int, char **) Line: 142: NET/OFI Rank 21: Accepting connection from rank 12
INFO: Function: int main(int, char **) Line: 142: NET/OFI Rank 21: Accepting connection from rank 13
INFO: Function: int main(int, char **) Line: 142: NET/OFI Rank 21: Accepting connection from rank 14
INFO: Function: int main(int, char **) Line: 142: NET/OFI Rank 21: Accepting connection from rank 15
INFO: Function: int main(int, char **) Line: 142: NET/OFI Rank 21: Accepting connection from rank 16
INFO: Function: int main(int, char **) Line: 142: NET/OFI Rank 21: Accepting connection from rank 17
INFO: Function: int main(int, char **) Line: 142: NET/OFI Rank 21: Accepting connection from rank 18
TRACE: Function: ncclResult_t ofi_deregMr(void *, void *) Line: 2546: NET/OFI Null MR handle provided. Skipping deregisteration.
INFO: Function: int main(int, char **) Line: 142: NET/OFI Rank 6: Accepting connection from rank 21
INFO: Function: int main(int, char **) Line: 142: NET/OFI Rank 6: Accepting connection from rank 22
INFO: Function: int main(int, char **) Line: 142: NET/OFI Rank 6: Accepting connection from rank 23
INFO: Function: int main(int, char **) Line: 142: NET/OFI Rank 6: Accepting connection from rank 24
INFO: Function: int main(int, char **) Line: 142: NET/OFI Rank 6: Accepting connection from rank 25
INFO: Function: int main(int, char **) Line: 142: NET/OFI Rank 6: Accepting connection from rank 26
INFO: Function: int main(int, char **) Line: 142: NET/OFI Rank 6: Accepting connection from rank 27
INFO: Function: int main(int, char **) Line: 142: NET/OFI Rank 6: Accepting connection from rank 28
INFO: Function: int main(int, char **) Line: 142: NET/OFI Rank 6: Accepting connection from rank 29
INFO: Function: int main(int, char **) Line: 142: NET/OFI Rank 6: Accepting connection from rank 30
INFO: Function: int main(int, char **) Line: 142: NET/OFI Rank 13: Accepting connection from rank 20
INFO: Function: int main(int, char **) Line: 142: NET/OFI Rank 13: Accepting connection from rank 21
INFO: Function: int main(int, char **) Line: 142: NET/OFI Rank 13: Accepting connection from rank 22
INFO: Function: int main(int, char **) Line: 142: NET/OFI Rank 13: Accepting connection from rank 23
INFO: Function: int main(int, char **) Line: 142: NET/OFI Rank 13: Accepting connection from rank 24
INFO: Function: int main(int, char **) Line: 142: NET/OFI Rank 13: Accepting connection from rank 25
INFO: Function: int main(int, char **) Line: 142: NET/OFI Rank 13: Accepting connection from rank 26
INFO: Function: int main(int, char **) Line: 142: NET/OFI Rank 13: Accepting connection from rank 27
INFO: Function: int main(int, char **) Line: 142: NET/OFI Rank 13: Accepting connection from rank 28
INFO: Function: int main(int, char **) Line: 142: NET/OFI Rank 13: Accepting connection from rank 29
INFO: Function: int main(int, char **) Line: 142: NET/OFI Rank 21: Accepting connection from rank 19
INFO: Function: int main(int, char **) Line: 142: NET/OFI Rank 21: Accepting connection from rank 20
INFO: Function: int main(int, char **) Line: 142: NET/OFI Rank 21: Accepting connection from rank 22
INFO: Function: int main(int, char **) Line: 142: NET/OFI Rank 21: Accepting connection from rank 23
INFO: Function: int main(int, char **) Line: 142: NET/OFI Rank 21: Accepting connection from rank 24
INFO: Function: int main(int, char **) Line: 142: NET/OFI Rank 21: Accepting connection from rank 25
INFO: Function: int main(int, char **) Line: 142: NET/OFI Rank 21: Accepting connection from rank 26
INFO: Function: int main(int, char **) Line: 142: NET/OFI Rank 21: Accepting connection from rank 27
INFO: Function: int main(int, char **) Line: 142: NET/OFI Rank 21: Accepting connection from rank 28
INFO: Function: int main(int, char **) Line: 142: NET/OFI Rank 21: Accepting connection from rank 29
INFO: Function: int main(int, char **) Line: 142: NET/OFI Rank 29: Accepting connection from rank 9
INFO: Function: int main(int, char **) Line: 142: NET/OFI Rank 29: Accepting connection from rank 10
INFO: Function: int main(int, char **) Line: 142: NET/OFI Rank 29: Accepting connection from rank 11
INFO: Function: int main(int, char **) Line: 142: NET/OFI Rank 29: Accepting connection from rank 12
INFO: Function: int main(int, char **) Line: 142: NET/OFI Rank 29: Accepting connection from rank 13
INFO: Function: int main(int, char **) Line: 142: NET/OFI Rank 29: Accepting connection from rank 14
INFO: Function: int main(int, char **) Line: 142: NET/OFI Rank 29: Accepting connection from rank 15
INFO: Function: int main(int, char **) Line: 142: NET/OFI Rank 29: Accepting connection from rank 16
INFO: Function: int main(int, char **) Line: 142: NET/OFI Rank 29: Accepting connection from rank 17
INFO: Function: int main(int, char **) Line: 142: NET/OFI Rank 29: Accepting connection from rank 18
INFO: Function: int main(int, char **) Line: 142: NET/OFI Rank 6: Accepting connection from rank 31
INFO: Function: int main(int, char **) Line: 148: NET/OFI Rank 6: All connections established
TRACE: Function: ncclResult_t allocate_buff(void **, size_t, int) Line: 104: NET/OFI Allocating CUDA buffer
TRACE: Function: ncclResult_t allocate_buff(void **, size_t, int) Line: 104: NET/OFI Allocating CUDA buffer
TRACE: Function: ncclResult_t register_mr_buffers(ofiComm_t *, void *, int, int, struct fid_mr **) Line: 544: NET/OFI Skip registering CUDA buffer. hmem_mr: 0
TRACE: Function: ncclResult_t register_mr_buffers(ofiComm_t *, void *, int, int, struct fid_mr **) Line: 544: NET/OFI Skip registering CUDA buffer. hmem_mr: 0
TRACE: Function: ncclResult_t ofi_deregMr(void *, void *) Line: 2546: NET/OFI Null MR handle provided. Skipping deregisteration.
TRACE: Function: ncclResult_t ofi_deregMr(void *, void *) Line: 2546: NET/OFI Null MR handle provided. Skipping deregisteration.
INFO: Function: int main(int, char **) Line: 142: NET/OFI Rank 13: Accepting connection from rank 30
INFO: Function: int main(int, char **) Line: 142: NET/OFI Rank 13: Accepting connection from rank 31
INFO: Function: int main(int, char **) Line: 148: NET/OFI Rank 13: All connections established
TRACE: Function: ncclResult_t allocate_buff(void **, size_t, int) Line: 104: NET/OFI Allocating CUDA buffer
TRACE: Function: ncclResult_t allocate_buff(void **, size_t, int) Line: 104: NET/OFI Allocating CUDA buffer
TRACE: Function: ncclResult_t register_mr_buffers(ofiComm_t *, void *, int, int, struct fid_mr **) Line: 544: NET/OFI Skip registering CUDA buffer. hmem_mr: 0
TRACE: Function: ncclResult_t register_mr_buffers(ofiComm_t *, void *, int, int, struct fid_mr **) Line: 544: NET/OFI Skip registering CUDA buffer. hmem_mr: 0
TRACE: Function: ncclResult_t ofi_deregMr(void *, void *) Line: 2546: NET/OFI Null MR handle provided. Skipping deregisteration.
INFO: Function: int main(int, char **) Line: 142: NET/OFI Rank 21: Accepting connection from rank 30
INFO: Function: int main(int, char **) Line: 142: NET/OFI Rank 21: Accepting connection from rank 31
INFO: Function: int main(int, char **) Line: 148: NET/OFI Rank 21: All connections established
TRACE: Function: ncclResult_t allocate_buff(void **, size_t, int) Line: 104: NET/OFI Allocating CUDA buffer
TRACE: Function: ncclResult_t allocate_buff(void **, size_t, int) Line: 104: NET/OFI Allocating CUDA buffer
TRACE: Function: ncclResult_t register_mr_buffers(ofiComm_t *, void *, int, int, struct fid_mr **) Line: 544: NET/OFI Skip registering CUDA buffer. hmem_mr: 0
TRACE: Function: ncclResult_t register_mr_buffers(ofiComm_t *, void *, int, int, struct fid_mr **) Line: 544: NET/OFI Skip registering CUDA buffer. hmem_mr: 0
TRACE: Function: ncclResult_t ofi_deregMr(void *, void *) Line: 2546: NET/OFI Null MR handle provided. Skipping deregisteration.
INFO: Function: int main(int, char **) Line: 142: NET/OFI Rank 29: Accepting connection from rank 19
INFO: Function: int main(int, char **) Line: 142: NET/OFI Rank 29: Accepting connection from rank 20
INFO: Function: int main(int, char **) Line: 142: NET/OFI Rank 29: Accepting connection from rank 21
INFO: Function: int main(int, char **) Line: 142: NET/OFI Rank 29: Accepting connection from rank 22
INFO: Function: int main(int, char **) Line: 142: NET/OFI Rank 29: Accepting connection from rank 23
INFO: Function: int main(int, char **) Line: 142: NET/OFI Rank 29: Accepting connection from rank 24
INFO: Function: int main(int, char **) Line: 142: NET/OFI Rank 29: Accepting connection from rank 25
INFO: Function: int main(int, char **) Line: 142: NET/OFI Rank 29: Accepting connection from rank 26
INFO: Function: int main(int, char **) Line: 142: NET/OFI Rank 29: Accepting connection from rank 27
INFO: Function: int main(int, char **) Line: 142: NET/OFI Rank 29: Accepting connection from rank 28
TRACE: Function: ncclResult_t register_mr_buffers(ofiComm_t *, void *, int, int, struct fid_mr **) Line: 544: NET/OFI Skip registering CUDA buffer. hmem_mr: 0
TRACE: Function: ncclResult_t register_mr_buffers(ofiComm_t *, void *, int, int, struct fid_mr **) Line: 544: NET/OFI Skip registering CUDA buffer. hmem_mr: 0
TRACE: Function: ncclResult_t ofi_deregMr(void *, void *) Line: 2546: NET/OFI Null MR handle provided. Skipping deregisteration.
TRACE: Function: ncclResult_t ofi_deregMr(void *, void *) Line: 2546: NET/OFI Null MR handle provided. Skipping deregisteration.
TRACE: Function: ncclResult_t register_mr_buffers(ofiComm_t *, void *, int, int, struct fid_mr **) Line: 544: NET/OFI Skip registering CUDA buffer. hmem_mr: 0
TRACE: Function: ncclResult_t register_mr_buffers(ofiComm_t *, void *, int, int, struct fid_mr **) Line: 544: NET/OFI Skip registering CUDA buffer. hmem_mr: 0
TRACE: Function: ncclResult_t ofi_deregMr(void *, void *) Line: 2546: NET/OFI Null MR handle provided. Skipping deregisteration.
TRACE: Function: ncclResult_t ofi_deregMr(void *, void *) Line: 2546: NET/OFI Null MR handle provided. Skipping deregisteration.
TRACE: Function: ncclResult_t register_mr_buffers(ofiComm_t *, void *, int, int, struct fid_mr **) Line: 544: NET/OFI Skip registering CUDA buffer. hmem_mr: 0
TRACE: Function: ncclResult_t register_mr_buffers(ofiComm_t *, void *, int, int, struct fid_mr **) Line: 544: NET/OFI Skip registering CUDA buffer. hmem_mr: 0
TRACE: Function: ncclResult_t ofi_deregMr(void *, void *) Line: 2546: NET/OFI Null MR handle provided. Skipping deregisteration.
TRACE: Function: ncclResult_t ofi_deregMr(void *, void *) Line: 2546: NET/OFI Null MR handle provided. Skipping deregisteration.
TRACE: Function: ncclResult_t register_mr_buffers(ofiComm_t *, void *, int, int, struct fid_mr **) Line: 544: NET/OFI Skip registering CUDA buffer. hmem_mr: 0
TRACE: Function: ncclResult_t register_mr_buffers(ofiComm_t *, void *, int, int, struct fid_mr **) Line: 544: NET/OFI Skip registering CUDA buffer. hmem_mr: 0
TRACE: Function: ncclResult_t ofi_deregMr(void *, void *) Line: 2546: NET/OFI Null MR handle provided. Skipping deregisteration.
TRACE: Function: ncclResult_t register_mr_buffers(ofiComm_t *, void *, int, int, struct fid_mr **) Line: 544: NET/OFI Skip registering CUDA buffer. hmem_mr: 0
TRACE: Function: ncclResult_t register_mr_buffers(ofiComm_t *, void *, int, int, struct fid_mr **) Line: 544: NET/OFI Skip registering CUDA buffer. hmem_mr: 0
TRACE: Function: ncclResult_t ofi_deregMr(void *, void *) Line: 2546: NET/OFI Null MR handle provided. Skipping deregisteration.
TRACE: Function: ncclResult_t ofi_deregMr(void *, void *) Line: 2546: NET/OFI Null MR handle provided. Skipping deregisteration.
TRACE: Function: ncclResult_t register_mr_buffers(ofiComm_t *, void *, int, int, struct fid_mr **) Line: 544: NET/OFI Skip registering CUDA buffer. hmem_mr: 0
TRACE: Function: ncclResult_t register_mr_buffers(ofiComm_t *, void *, int, int, struct fid_mr **) Line: 544: NET/OFI Skip registering CUDA buffer. hmem_mr: 0
INFO: Function: int main(int, char **) Line: 142: NET/OFI Rank 29: Accepting connection from rank 30
INFO: Function: int main(int, char **) Line: 142: NET/OFI Rank 29: Accepting connection from rank 31
INFO: Function: int main(int, char **) Line: 148: NET/OFI Rank 29: All connections established
TRACE: Function: ncclResult_t allocate_buff(void **, size_t, int) Line: 104: NET/OFI Allocating CUDA buffer
TRACE: Function: ncclResult_t allocate_buff(void **, size_t, int) Line: 104: NET/OFI Allocating CUDA buffer
TRACE: Function: ncclResult_t register_mr_buffers(ofiComm_t *, void *, int, int, struct fid_mr **) Line: 544: NET/OFI Skip registering CUDA buffer. hmem_mr: 0
TRACE: Function: ncclResult_t register_mr_buffers(ofiComm_t *, void *, int, int, struct fid_mr **) Line: 544: NET/OFI Skip registering CUDA buffer. hmem_mr: 0
TRACE: Function: ncclResult_t ofi_deregMr(void *, void *) Line: 2546: NET/OFI Null MR handle provided. Skipping deregisteration.
TRACE: Function: ncclResult_t ofi_deregMr(void *, void *) Line: 2546: NET/OFI Null MR handle provided. Skipping deregisteration.
INFO: Function: int main(int, char **) Line: 142: NET/OFI Rank 22: Accepting connection from rank 9
INFO: Function: int main(int, char **) Line: 142: NET/OFI Rank 22: Accepting connection from rank 10
INFO: Function: int main(int, char **) Line: 142: NET/OFI Rank 22: Accepting connection from rank 11
INFO: Function: int main(int, char **) Line: 142: NET/OFI Rank 22: Accepting connection from rank 12
INFO: Function: int main(int, char **) Line: 142: NET/OFI Rank 22: Accepting connection from rank 13
INFO: Function: int main(int, char **) Line: 142: NET/OFI Rank 22: Accepting connection from rank 14
INFO: Function: int main(int, char **) Line: 142: NET/OFI Rank 22: Accepting connection from rank 15
INFO: Function: int main(int, char **) Line: 142: NET/OFI Rank 22: Accepting connection from rank 16
INFO: Function: int main(int, char **) Line: 142: NET/OFI Rank 22: Accepting connection from rank 17
INFO: Function: int main(int, char **) Line: 142: NET/OFI Rank 22: Accepting connection from rank 18
TRACE: Function: ncclResult_t ofi_deregMr(void *, void *) Line: 2546: NET/OFI Null MR handle provided. Skipping deregisteration.
TRACE: Function: ncclResult_t register_mr_buffers(ofiComm_t *, void *, int, int, struct fid_mr **) Line: 544: NET/OFI Skip registering CUDA buffer. hmem_mr: 0
TRACE: Function: ncclResult_t register_mr_buffers(ofiComm_t *, void *, int, int, struct fid_mr **) Line: 544: NET/OFI Skip registering CUDA buffer. hmem_mr: 0
TRACE: Function: ncclResult_t ofi_deregMr(void *, void *) Line: 2546: NET/OFI Null MR handle provided. Skipping deregisteration.
TRACE: Function: ncclResult_t ofi_deregMr(void *, void *) Line: 2546: NET/OFI Null MR handle provided. Skipping deregisteration.
TRACE: Function: ncclResult_t register_mr_buffers(ofiComm_t *, void *, int, int, struct fid_mr **) Line: 544: NET/OFI Skip registering CUDA buffer. hmem_mr: 0
TRACE: Function: ncclResult_t register_mr_buffers(ofiComm_t *, void *, int, int, struct fid_mr **) Line: 544: NET/OFI Skip registering CUDA buffer. hmem_mr: 0
INFO: Function: int main(int, char **) Line: 142: NET/OFI Rank 15: Accepting connection from rank 9
INFO: Function: int main(int, char **) Line: 142: NET/OFI Rank 15: Accepting connection from rank 10
INFO: Function: int main(int, char **) Line: 142: NET/OFI Rank 15: Accepting connection from rank 11
INFO: Function: int main(int, char **) Line: 142: NET/OFI Rank 15: Accepting connection from rank 12
INFO: Function: int main(int, char **) Line: 142: NET/OFI Rank 15: Accepting connection from rank 13
INFO: Function: int main(int, char **) Line: 142: NET/OFI Rank 15: Accepting connection from rank 14
INFO: Function: int main(int, char **) Line: 142: NET/OFI Rank 15: Accepting connection from rank 16
INFO: Function: int main(int, char **) Line: 142: NET/OFI Rank 15: Accepting connection from rank 17
INFO: Function: int main(int, char **) Line: 142: NET/OFI Rank 15: Accepting connection from rank 18
INFO: Function: int main(int, char **) Line: 142: NET/OFI Rank 15: Accepting connection from rank 19
INFO: Function: int main(int, char **) Line: 142: NET/OFI Rank 22: Accepting connection from rank 19
INFO: Function: int main(int, char **) Line: 142: NET/OFI Rank 22: Accepting connection from rank 20
INFO: Function: int main(int, char **) Line: 142: NET/OFI Rank 22: Accepting connection from rank 21
INFO: Function: int main(int, char **) Line: 142: NET/OFI Rank 22: Accepting connection from rank 23
INFO: Function: int main(int, char **) Line: 142: NET/OFI Rank 22: Accepting connection from rank 24
INFO: Function: int main(int, char **) Line: 142: NET/OFI Rank 22: Accepting connection from rank 25
INFO: Function: int main(int, char **) Line: 142: NET/OFI Rank 22: Accepting connection from rank 26
INFO: Function: int main(int, char **) Line: 142: NET/OFI Rank 22: Accepting connection from rank 27
INFO: Function: int main(int, char **) Line: 142: NET/OFI Rank 22: Accepting connection from rank 28
INFO: Function: int main(int, char **) Line: 142: NET/OFI Rank 22: Accepting connection from rank 29
INFO: Function: int main(int, char **) Line: 142: NET/OFI Rank 30: Accepting connection from rank 9
INFO: Function: int main(int, char **) Line: 142: NET/OFI Rank 30: Accepting connection from rank 10
INFO: Function: int main(int, char **) Line: 142: NET/OFI Rank 30: Accepting connection from rank 11
INFO: Function: int main(int, char **) Line: 142: NET/OFI Rank 30: Accepting connection from rank 12
INFO: Function: int main(int, char **) Line: 142: NET/OFI Rank 30: Accepting connection from rank 13
INFO: Function: int main(int, char **) Line: 142: NET/OFI Rank 30: Accepting connection from rank 14
INFO: Function: int main(int, char **) Line: 142: NET/OFI Rank 30: Accepting connection from rank 15
INFO: Function: int main(int, char **) Line: 142: NET/OFI Rank 30: Accepting connection from rank 16
INFO: Function: int main(int, char **) Line: 142: NET/OFI Rank 30: Accepting connection from rank 17
INFO: Function: int main(int, char **) Line: 142: NET/OFI Rank 30: Accepting connection from rank 18
INFO: Function: int main(int, char **) Line: 142: NET/OFI Rank 15: Accepting connection from rank 20
INFO: Function: int main(int, char **) Line: 142: NET/OFI Rank 15: Accepting connection from rank 21
INFO: Function: int main(int, char **) Line: 142: NET/OFI Rank 15: Accepting connection from rank 22
INFO: Function: int main(int, char **) Line: 142: NET/OFI Rank 15: Accepting connection from rank 23
INFO: Function: int main(int, char **) Line: 142: NET/OFI Rank 15: Accepting connection from rank 24
INFO: Function: int main(int, char **) Line: 142: NET/OFI Rank 15: Accepting connection from rank 25
INFO: Function: int main(int, char **) Line: 142: NET/OFI Rank 15: Accepting connection from rank 26
INFO: Function: int main(int, char **) Line: 142: NET/OFI Rank 15: Accepting connection from rank 27
INFO: Function: int main(int, char **) Line: 142: NET/OFI Rank 15: Accepting connection from rank 28
INFO: Function: int main(int, char **) Line: 142: NET/OFI Rank 15: Accepting connection from rank 29
INFO: Function: int main(int, char **) Line: 142: NET/OFI Rank 22: Accepting connection from rank 30
INFO: Function: int main(int, char **) Line: 142: NET/OFI Rank 22: Accepting connection from rank 31
INFO: Function: int main(int, char **) Line: 148: NET/OFI Rank 22: All connections established
TRACE: Function: ncclResult_t allocate_buff(void **, size_t, int) Line: 104: NET/OFI Allocating CUDA buffer
TRACE: Function: ncclResult_t allocate_buff(void **, size_t, int) Line: 104: NET/OFI Allocating CUDA buffer
TRACE: Function: ncclResult_t register_mr_buffers(ofiComm_t *, void *, int, int, struct fid_mr **) Line: 544: NET/OFI Skip registering CUDA buffer. hmem_mr: 0
TRACE: Function: ncclResult_t register_mr_buffers(ofiComm_t *, void *, int, int, struct fid_mr **) Line: 544: NET/OFI Skip registering CUDA buffer. hmem_mr: 0
TRACE: Function: ncclResult_t ofi_deregMr(void *, void *) Line: 2546: NET/OFI Null MR handle provided. Skipping deregisteration.
INFO: Function: int main(int, char **) Line: 142: NET/OFI Rank 30: Accepting connection from rank 19
INFO: Function: int main(int, char **) Line: 142: NET/OFI Rank 30: Accepting connection from rank 20
INFO: Function: int main(int, char **) Line: 142: NET/OFI Rank 30: Accepting connection from rank 21
INFO: Function: int main(int, char **) Line: 142: NET/OFI Rank 30: Accepting connection from rank 22
INFO: Function: int main(int, char **) Line: 142: NET/OFI Rank 30: Accepting connection from rank 23
INFO: Function: int main(int, char **) Line: 142: NET/OFI Rank 30: Accepting connection from rank 24
INFO: Function: int main(int, char **) Line: 142: NET/OFI Rank 30: Accepting connection from rank 25
INFO: Function: int main(int, char **) Line: 142: NET/OFI Rank 30: Accepting connection from rank 26
INFO: Function: int main(int, char **) Line: 142: NET/OFI Rank 30: Accepting connection from rank 27
INFO: Function: int main(int, char **) Line: 142: NET/OFI Rank 30: Accepting connection from rank 28
INFO: Function: int main(int, char **) Line: 142: NET/OFI Rank 15: Accepting connection from rank 30
INFO: Function: int main(int, char **) Line: 142: NET/OFI Rank 15: Accepting connection from rank 31
INFO: Function: int main(int, char **) Line: 148: NET/OFI Rank 15: All connections established
TRACE: Function: ncclResult_t allocate_buff(void **, size_t, int) Line: 104: NET/OFI Allocating CUDA buffer
TRACE: Function: ncclResult_t allocate_buff(void **, size_t, int) Line: 104: NET/OFI Allocating CUDA buffer
TRACE: Function: ncclResult_t register_mr_buffers(ofiComm_t *, void *, int, int, struct fid_mr **) Line: 544: NET/OFI Skip registering CUDA buffer. hmem_mr: 0
TRACE: Function: ncclResult_t register_mr_buffers(ofiComm_t *, void *, int, int, struct fid_mr **) Line: 544: NET/OFI Skip registering CUDA buffer. hmem_mr: 0
TRACE: Function: ncclResult_t ofi_deregMr(void *, void *) Line: 2546: NET/OFI Null MR handle provided. Skipping deregisteration.
TRACE: Function: ncclResult_t ofi_deregMr(void *, void *) Line: 2546: NET/OFI Null MR handle provided. Skipping deregisteration.
TRACE: Function: ncclResult_t register_mr_buffers(ofiComm_t *, void *, int, int, struct fid_mr **) Line: 544: NET/OFI Skip registering CUDA buffer. hmem_mr: 0
TRACE: Function: ncclResult_t register_mr_buffers(ofiComm_t *, void *, int, int, struct fid_mr **) Line: 544: NET/OFI Skip registering CUDA buffer. hmem_mr: 0
TRACE: Function: ncclResult_t ofi_deregMr(void *, void *) Line: 2546: NET/OFI Null MR handle provided. Skipping deregisteration.
TRACE: Function: ncclResult_t ofi_deregMr(void *, void *) Line: 2546: NET/OFI Null MR handle provided. Skipping deregisteration.
TRACE: Function: ncclResult_t register_mr_buffers(ofiComm_t *, void *, int, int, struct fid_mr **) Line: 544: NET/OFI Skip registering CUDA buffer. hmem_mr: 0
TRACE: Function: ncclResult_t register_mr_buffers(ofiComm_t *, void *, int, int, struct fid_mr **) Line: 544: NET/OFI Skip registering CUDA buffer. hmem_mr: 0
INFO: Function: int main(int, char **) Line: 142: NET/OFI Rank 30: Accepting connection from rank 29
INFO: Function: int main(int, char **) Line: 142: NET/OFI Rank 30: Accepting connection from rank 31
INFO: Function: int main(int, char **) Line: 148: NET/OFI Rank 30: All connections established
TRACE: Function: ncclResult_t allocate_buff(void **, size_t, int) Line: 104: NET/OFI Allocating CUDA buffer
TRACE: Function: ncclResult_t allocate_buff(void **, size_t, int) Line: 104: NET/OFI Allocating CUDA buffer
TRACE: Function: ncclResult_t register_mr_buffers(ofiComm_t *, void *, int, int, struct fid_mr **) Line: 544: NET/OFI Skip registering CUDA buffer. hmem_mr: 0
TRACE: Function: ncclResult_t register_mr_buffers(ofiComm_t *, void *, int, int, struct fid_mr **) Line: 544: NET/OFI Skip registering CUDA buffer. hmem_mr: 0
TRACE: Function: ncclResult_t ofi_deregMr(void *, void *) Line: 2546: NET/OFI Null MR handle provided. Skipping deregisteration.
TRACE: Function: ncclResult_t ofi_deregMr(void *, void *) Line: 2546: NET/OFI Null MR handle provided. Skipping deregisteration.
TRACE: Function: ncclResult_t register_mr_buffers(ofiComm_t *, void *, int, int, struct fid_mr **) Line: 544: NET/OFI Skip registering CUDA buffer. hmem_mr: 0
TRACE: Function: ncclResult_t register_mr_buffers(ofiComm_t *, void *, int, int, struct fid_mr **) Line: 544: NET/OFI Skip registering CUDA buffer. hmem_mr: 0
TRACE: Function: ncclResult_t ofi_deregMr(void *, void *) Line: 2546: NET/OFI Null MR handle provided. Skipping deregisteration.
TRACE: Function: ncclResult_t ofi_deregMr(void *, void *) Line: 2546: NET/OFI Null MR handle provided. Skipping deregisteration.
TRACE: Function: ncclResult_t register_mr_buffers(ofiComm_t *, void *, int, int, struct fid_mr **) Line: 544: NET/OFI Skip registering CUDA buffer. hmem_mr: 0
TRACE: Function: ncclResult_t register_mr_buffers(ofiComm_t *, void *, int, int, struct fid_mr **) Line: 544: NET/OFI Skip registering CUDA buffer. hmem_mr: 0
TRACE: Function: ncclResult_t ofi_deregMr(void *, void *) Line: 2546: NET/OFI Null MR handle provided. Skipping deregisteration.
TRACE: Function: ncclResult_t ofi_deregMr(void *, void *) Line: 2546: NET/OFI Null MR handle provided. Skipping deregisteration.
TRACE: Function: ncclResult_t register_mr_buffers(ofiComm_t *, void *, int, int, struct fid_mr **) Line: 544: NET/OFI Skip registering CUDA buffer. hmem_mr: 0
TRACE: Function: ncclResult_t register_mr_buffers(ofiComm_t *, void *, int, int, struct fid_mr **) Line: 544: NET/OFI Skip registering CUDA buffer. hmem_mr: 0
TRACE: Function: ncclResult_t ofi_deregMr(void *, void *) Line: 2546: NET/OFI Null MR handle provided. Skipping deregisteration.
TRACE: Function: ncclResult_t ofi_deregMr(void *, void *) Line: 2546: NET/OFI Null MR handle provided. Skipping deregisteration.
TRACE: Function: ncclResult_t register_mr_buffers(ofiComm_t *, void *, int, int, struct fid_mr **) Line: 544: NET/OFI Skip registering CUDA buffer. hmem_mr: 0
TRACE: Function: ncclResult_t register_mr_buffers(ofiComm_t *, void *, int, int, struct fid_mr **) Line: 544: NET/OFI Skip registering CUDA buffer. hmem_mr: 0
TRACE: Function: ncclResult_t ofi_deregMr(void *, void *) Line: 2546: NET/OFI Null MR handle provided. Skipping deregisteration.
TRACE: Function: ncclResult_t ofi_deregMr(void *, void *) Line: 2546: NET/OFI Null MR handle provided. Skipping deregisteration.
TRACE: Function: ncclResult_t ofi_deregMr(void *, void *) Line: 2546: NET/OFI Null MR handle provided. Skipping deregisteration.
TRACE: Function: ncclResult_t ofi_deregMr(void *, void *) Line: 2546: NET/OFI Null MR handle provided. Skipping deregisteration.
TRACE: Function: ncclResult_t ofi_deregMr(void *, void *) Line: 2546: NET/OFI Null MR handle provided. Skipping deregisteration.
TRACE: Function: ncclResult_t ofi_deregMr(void *, void *) Line: 2546: NET/OFI Null MR handle provided. Skipping deregisteration.
TRACE: Function: ncclResult_t ofi_deregMr(void *, void *) Line: 2546: NET/OFI Null MR handle provided. Skipping deregisteration.
TRACE: Function: ncclResult_t ofi_deregMr(void *, void *) Line: 2546: NET/OFI Null MR handle provided. Skipping deregisteration.
TRACE: Function: ncclResult_t ofi_deregMr(void *, void *) Line: 2546: NET/OFI Null MR handle provided. Skipping deregisteration.
TRACE: Function: ncclResult_t ofi_deregMr(void *, void *) Line: 2546: NET/OFI Null MR handle provided. Skipping deregisteration.
TRACE: Function: ncclResult_t ofi_deregMr(void *, void *) Line: 2546: NET/OFI Null MR handle provided. Skipping deregisteration.
TRACE: Function: ncclResult_t ofi_deregMr(void *, void *) Line: 2546: NET/OFI Null MR handle provided. Skipping deregisteration.
TRACE: Function: ncclResult_t ofi_deregMr(void *, void *) Line: 2546: NET/OFI Null MR handle provided. Skipping deregisteration.
TRACE: Function: ncclResult_t register_mr_buffers(ofiComm_t *, void *, int, int, struct fid_mr **) Line: 544: NET/OFI Skip registering CUDA buffer. hmem_mr: 0
TRACE: Function: ncclResult_t register_mr_buffers(ofiComm_t *, void *, int, int, struct fid_mr **) Line: 544: NET/OFI Skip registering CUDA buffer. hmem_mr: 0
TRACE: Function: ncclResult_t ofi_deregMr(void *, void *) Line: 2546: NET/OFI Null MR handle provided. Skipping deregisteration.
TRACE: Function: ncclResult_t ofi_deregMr(void *, void *) Line: 2546: NET/OFI Null MR handle provided. Skipping deregisteration.
TRACE: Function: ncclResult_t register_mr_buffers(ofiComm_t *, void *, int, int, struct fid_mr **) Line: 544: NET/OFI Skip registering CUDA buffer. hmem_mr: 0
TRACE: Function: ncclResult_t register_mr_buffers(ofiComm_t *, void *, int, int, struct fid_mr **) Line: 544: NET/OFI Skip registering CUDA buffer. hmem_mr: 0
TRACE: Function: ncclResult_t ofi_deregMr(void *, void *) Line: 2546: NET/OFI Null MR handle provided. Skipping deregisteration.
TRACE: Function: ncclResult_t ofi_deregMr(void *, void *) Line: 2546: NET/OFI Null MR handle provided. Skipping deregisteration.
INFO: Function: int main(int, char **) Line: 308: NET/OFI Rank 0: All-gather complete, validating results
INFO: Function: int main(int, char **) Line: 333: NET/OFI Rank 0: All-gather validation successful
TRACE: Function: void release_nccl_ofi_component(int) Line: 956: NET/OFI OFI component #0 is released

MPICH Slingshot Network Summary: 0 network timeouts

MPICH Slingshot CXI Counter Summary:
Counter                                Samples          Min         (/s)         Mean         (/s)          Max         (/s)
atu_cache_hit_base_page_size_0              16          501          1.2          876          2.2         1823          4.5
atu_cache_hit_derivative1_page_size_0       16       206601        507.6       206622        507.7       206664        507.8
lpe_net_match_priority_0                    16         5840         14.3         6647         16.3         8866         21.8
lpe_net_match_overflow_0                    16           65          0.2           72          0.2           81          0.2
lpe_net_match_request_0                     16           39          0.1          318          0.8         1160          2.9
lpe_rndzv_puts_0                            16           14          0.0           14          0.0           14          0.0
lpe_rndzv_puts_offloaded_0                  16           14          0.0           14          0.0           14          0.0
hni_rx_paused_1                              3            9          0.0           15          0.0           20          0.0
parbs_tarb_pi_posted_pkts                   16       191923        471.6       199848        491.0       218539        537.0
parbs_tarb_pi_posted_blocked_cnt            16         5436         13.4         9026         22.2        10878         26.7
parbs_tarb_pi_non_posted_pkts               16       171217        420.7       174216        428.0       183974        452.0
parbs_tarb_pi_non_posted_blocked_cnt        16       160213        393.6       164009        403.0       167688        412.0
CXI_COUNTER_DATA frontier00479 0 atu_cache_hit_base_page_size_0 1764 4
CXI_COUNTER_DATA frontier00479 1 atu_cache_hit_base_page_size_0 603 1
CXI_COUNTER_DATA frontier00479 2 atu_cache_hit_base_page_size_0 561 1
CXI_COUNTER_DATA frontier00479 3 atu_cache_hit_base_page_size_0 626 2
CXI_COUNTER_DATA frontier00479 0 atu_cache_hit_derivative1_page_size_0 206657 508
CXI_COUNTER_DATA frontier00479 1 atu_cache_hit_derivative1_page_size_0 206601 508
CXI_COUNTER_DATA frontier00479 2 atu_cache_hit_derivative1_page_size_0 206610 508
CXI_COUNTER_DATA frontier00479 3 atu_cache_hit_derivative1_page_size_0 206602 508
CXI_COUNTER_DATA frontier00479 0 lpe_net_match_priority_0 8866 22
CXI_COUNTER_DATA frontier00479 1 lpe_net_match_priority_0 8590 21
CXI_COUNTER_DATA frontier00479 2 lpe_net_match_priority_0 8562 21
CXI_COUNTER_DATA frontier00479 3 lpe_net_match_priority_0 8544 21
CXI_COUNTER_DATA frontier00479 0 lpe_net_match_overflow_0 81 0
CXI_COUNTER_DATA frontier00479 1 lpe_net_match_overflow_0 75 0
CXI_COUNTER_DATA frontier00479 2 lpe_net_match_overflow_0 75 0
CXI_COUNTER_DATA frontier00479 3 lpe_net_match_overflow_0 76 0
CXI_COUNTER_DATA frontier00479 0 lpe_net_match_request_0 1160 3
TRACE: Function: ncclResult_t ofi_deregMr(void *, void *) Line: 2546: NET/OFI Null MR handle provided. Skipping deregisteration.
TRACE: Function: ncclResult_t register_mr_buffers(ofiComm_t *, void *, int, int, struct fid_mr **) Line: 544: NET/OFI Skip registering CUDA buffer. hmem_mr: 0
TRACE: Function: ncclResult_t register_mr_buffers(ofiComm_t *, void *, int, int, struct fid_mr **) Line: 544: NET/OFI Skip registering CUDA buffer. hmem_mr: 0
TRACE: Function: ncclResult_t ofi_deregMr(void *, void *) Line: 2546: NET/OFI Null MR handle provided. Skipping deregisteration.
TRACE: Function: ncclResult_t ofi_deregMr(void *, void *) Line: 2546: NET/OFI Null MR handle provided. Skipping deregisteration.
TRACE: Function: ncclResult_t register_mr_buffers(ofiComm_t *, void *, int, int, struct fid_mr **) Line: 544: NET/OFI Skip registering CUDA buffer. hmem_mr: 0
TRACE: Function: ncclResult_t register_mr_buffers(ofiComm_t *, void *, int, int, struct fid_mr **) Line: 544: NET/OFI Skip registering CUDA buffer. hmem_mr: 0
TRACE: Function: ncclResult_t ofi_deregMr(void *, void *) Line: 2546: NET/OFI Null MR handle provided. Skipping deregisteration.
TRACE: Function: ncclResult_t register_mr_buffers(ofiComm_t *, void *, int, int, struct fid_mr **) Line: 544: NET/OFI Skip registering CUDA buffer. hmem_mr: 0
TRACE: Function: ncclResult_t register_mr_buffers(ofiComm_t *, void *, int, int, struct fid_mr **) Line: 544: NET/OFI Skip registering CUDA buffer. hmem_mr: 0
TRACE: Function: ncclResult_t ofi_deregMr(void *, void *) Line: 2546: NET/OFI Null MR handle provided. Skipping deregisteration.
TRACE: Function: ncclResult_t ofi_deregMr(void *, void *) Line: 2546: NET/OFI Null MR handle provided. Skipping deregisteration.
TRACE: Function: ncclResult_t register_mr_buffers(ofiComm_t *, void *, int, int, struct fid_mr **) Line: 544: NET/OFI Skip registering CUDA buffer. hmem_mr: 0
TRACE: Function: ncclResult_t register_mr_buffers(ofiComm_t *, void *, int, int, struct fid_mr **) Line: 544: NET/OFI Skip registering CUDA buffer. hmem_mr: 0
TRACE: Function: ncclResult_t ofi_deregMr(void *, void *) Line: 2546: NET/OFI Null MR handle provided. Skipping deregisteration.
TRACE: Function: ncclResult_t register_mr_buffers(ofiComm_t *, void *, int, int, struct fid_mr **) Line: 544: NET/OFI Skip registering CUDA buffer. hmem_mr: 0
TRACE: Function: ncclResult_t register_mr_buffers(ofiComm_t *, void *, int, int, struct fid_mr **) Line: 544: NET/OFI Skip registering CUDA buffer. hmem_mr: 0
TRACE: Function: ncclResult_t ofi_deregMr(void *, void *) Line: 2546: NET/OFI Null MR handle provided. Skipping deregisteration.
TRACE: Function: ncclResult_t ofi_deregMr(void *, void *) Line: 2546: NET/OFI Null MR handle provided. Skipping deregisteration.
TRACE: Function: ncclResult_t register_mr_buffers(ofiComm_t *, void *, int, int, struct fid_mr **) Line: 544: NET/OFI Skip registering CUDA buffer. hmem_mr: 0
TRACE: Function: ncclResult_t register_mr_buffers(ofiComm_t *, void *, int, int, struct fid_mr **) Line: 544: NET/OFI Skip registering CUDA buffer. hmem_mr: 0
CXI_COUNTER_DATA frontier00479 1 lpe_net_match_request_0 39 0
CXI_COUNTER_DATA frontier00479 2 lpe_net_match_request_0 39 0
CXI_COUNTER_DATA frontier00479 3 lpe_net_match_request_0 39 0
CXI_COUNTER_DATA frontier00479 0 lpe_rndzv_puts_0 14 0
CXI_COUNTER_DATA frontier00479 1 lpe_rndzv_puts_0 14 0
CXI_COUNTER_DATA frontier00479 2 lpe_rndzv_puts_0 14 0
CXI_COUNTER_DATA frontier00479 3 lpe_rndzv_puts_0 14 0
CXI_COUNTER_DATA frontier00479 0 lpe_rndzv_puts_offloaded_0 14 0
CXI_COUNTER_DATA frontier00479 1 lpe_rndzv_puts_offloaded_0 14 0
CXI_COUNTER_DATA frontier00479 2 lpe_rndzv_puts_offloaded_0 14 0
CXI_COUNTER_DATA frontier00479 3 lpe_rndzv_puts_offloaded_0 14 0
CXI_COUNTER_DATA frontier00479 0 hni_rx_paused_1 15 0
CXI_COUNTER_DATA frontier00479 0 parbs_tarb_pi_posted_pkts 218539 537
CXI_COUNTER_DATA frontier00479 1 parbs_tarb_pi_posted_pkts 215637 530
CXI_COUNTER_DATA frontier00479 2 parbs_tarb_pi_posted_pkts 214438 527
CXI_COUNTER_DATA frontier00479 3 parbs_tarb_pi_posted_pkts 210629 518
TRACE: Function: ncclResult_t ofi_deregMr(void *, void *) Line: 2546: NET/OFI Null MR handle provided. Skipping deregisteration.
TRACE: Function: ncclResult_t ofi_deregMr(void *, void *) Line: 2546: NET/OFI Null MR handle provided. Skipping deregisteration.
INFO: Function: int main(int, char **) Line: 308: NET/OFI Rank 8: All-gather complete, validating results
INFO: Function: int main(int, char **) Line: 333: NET/OFI Rank 8: All-gather validation successful
TRACE: Function: void release_nccl_ofi_component(int) Line: 956: NET/OFI OFI component #0 is released
CXI_COUNTER_DATA frontier00640 0 atu_cache_hit_base_page_size_0 1823 4
CXI_COUNTER_DATA frontier00640 1 atu_cache_hit_base_page_size_0 719 2
CXI_COUNTER_DATA frontier00640 2 atu_cache_hit_base_page_size_0 703 2
CXI_COUNTER_DATA frontier00640 3 atu_cache_hit_base_page_size_0 719 2
CXI_COUNTER_DATA frontier00640 0 atu_cache_hit_derivative1_page_size_0 206660 508
CXI_COUNTER_DATA frontier00640 1 atu_cache_hit_derivative1_page_size_0 206612 508
TRACE: Function: ncclResult_t ofi_deregMr(void *, void *) Line: 2546: NET/OFI Null MR handle provided. Skipping deregisteration.
TRACE: Function: ncclResult_t ofi_deregMr(void *, void *) Line: 2546: NET/OFI Null MR handle provided. Skipping deregisteration.
INFO: Function: int main(int, char **) Line: 308: NET/OFI Rank 16: All-gather complete, validating results
INFO: Function: int main(int, char **) Line: 333: NET/OFI Rank 16: All-gather validation successful
TRACE: Function: void release_nccl_ofi_component(int) Line: 956: NET/OFI OFI component #0 is released
CXI_COUNTER_DATA frontier01536 0 atu_cache_hit_base_page_size_0 1609 4
CXI_COUNTER_DATA frontier01536 1 atu_cache_hit_base_page_size_0 501 1
CXI_COUNTER_DATA frontier01536 2 atu_cache_hit_base_page_size_0 541 1
CXI_COUNTER_DATA frontier01536 3 atu_cache_hit_base_page_size_0 543 1
CXI_COUNTER_DATA frontier01536 0 atu_cache_hit_derivative1_page_size_0 206664 508
CXI_COUNTER_DATA frontier01536 1 atu_cache_hit_derivative1_page_size_0 206614 508
TRACE: Function: ncclResult_t ofi_deregMr(void *, void *) Line: 2546: NET/OFI Null MR handle provided. Skipping deregisteration.
TRACE: Function: ncclResult_t ofi_deregMr(void *, void *) Line: 2546: NET/OFI Null MR handle provided. Skipping deregisteration.
INFO: Function: int main(int, char **) Line: 308: NET/OFI Rank 24: All-gather complete, validating results
INFO: Function: int main(int, char **) Line: 333: NET/OFI Rank 24: All-gather validation successful
TRACE: Function: void release_nccl_ofi_component(int) Line: 956: NET/OFI OFI component #0 is released
CXI_COUNTER_DATA frontier02048 0 atu_cache_hit_base_page_size_0 1658 4
CXI_COUNTER_DATA frontier02048 1 atu_cache_hit_base_page_size_0 567 1
CXI_COUNTER_DATA frontier02048 2 atu_cache_hit_base_page_size_0 515 1
CXI_COUNTER_DATA frontier02048 3 atu_cache_hit_base_page_size_0 556 1
CXI_COUNTER_DATA frontier02048 0 atu_cache_hit_derivative1_page_size_0 206647 508
CXI_COUNTER_DATA frontier02048 1 atu_cache_hit_derivative1_page_size_0 206611 508
CXI_COUNTER_DATA frontier00479 0 parbs_tarb_pi_posted_blocked_cnt 10297 25
CXI_COUNTER_DATA frontier00479 1 parbs_tarb_pi_posted_blocked_cnt 9834 24
CXI_COUNTER_DATA frontier00479 2 parbs_tarb_pi_posted_blocked_cnt 5436 13
CXI_COUNTER_DATA frontier00640 2 atu_cache_hit_derivative1_page_size_0 206612 508
CXI_COUNTER_DATA frontier00640 3 atu_cache_hit_derivative1_page_size_0 206612 508
CXI_COUNTER_DATA frontier00640 0 lpe_net_match_priority_0 5941 15
CXI_COUNTER_DATA frontier00640 1 lpe_net_match_priority_0 5976 15
CXI_COUNTER_DATA frontier00640 2 lpe_net_match_priority_0 5977 15
CXI_COUNTER_DATA frontier00640 3 lpe_net_match_priority_0 5972 15
CXI_COUNTER_DATA frontier00640 0 lpe_net_match_overflow_0 74 0
CXI_COUNTER_DATA frontier00640 1 lpe_net_match_overflow_0 65 0
CXI_COUNTER_DATA frontier00640 2 lpe_net_match_overflow_0 67 0
CXI_COUNTER_DATA frontier00640 3 lpe_net_match_overflow_0 68 0
CXI_COUNTER_DATA frontier00640 0 lpe_net_match_request_0 1136 3
CXI_COUNTER_DATA frontier00640 1 lpe_net_match_request_0 66 0
CXI_COUNTER_DATA frontier00640 2 lpe_net_match_request_0 40 0
CXI_COUNTER_DATA frontier00640 3 lpe_net_match_request_0 40 0
CXI_COUNTER_DATA frontier00640 0 lpe_rndzv_puts_0 14 0
CXI_COUNTER_DATA frontier01536 2 atu_cache_hit_derivative1_page_size_0 206614 508
CXI_COUNTER_DATA frontier01536 3 atu_cache_hit_derivative1_page_size_0 206614 508
CXI_COUNTER_DATA frontier01536 0 lpe_net_match_priority_0 6105 15
CXI_COUNTER_DATA frontier01536 1 lpe_net_match_priority_0 6124 15
CXI_COUNTER_DATA frontier01536 2 lpe_net_match_priority_0 6101 15
CXI_COUNTER_DATA frontier01536 3 lpe_net_match_priority_0 6157 15
CXI_COUNTER_DATA frontier01536 0 lpe_net_match_overflow_0 77 0
CXI_COUNTER_DATA frontier01536 1 lpe_net_match_overflow_0 67 0
CXI_COUNTER_DATA frontier01536 2 lpe_net_match_overflow_0 69 0
CXI_COUNTER_DATA frontier01536 3 lpe_net_match_overflow_0 71 0
CXI_COUNTER_DATA frontier01536 0 lpe_net_match_request_0 1135 3
CXI_COUNTER_DATA frontier01536 1 lpe_net_match_request_0 50 0
CXI_COUNTER_DATA frontier01536 2 lpe_net_match_request_0 40 0
CXI_COUNTER_DATA frontier01536 3 lpe_net_match_request_0 40 0
CXI_COUNTER_DATA frontier01536 0 lpe_rndzv_puts_0 14 0
CXI_COUNTER_DATA frontier02048 2 atu_cache_hit_derivative1_page_size_0 206609 508
CXI_COUNTER_DATA frontier02048 3 atu_cache_hit_derivative1_page_size_0 206609 508
CXI_COUNTER_DATA frontier02048 0 lpe_net_match_priority_0 5869 14
CXI_COUNTER_DATA frontier02048 1 lpe_net_match_priority_0 5840 14
CXI_COUNTER_DATA frontier02048 2 lpe_net_match_priority_0 5849 14
CXI_COUNTER_DATA frontier02048 3 lpe_net_match_priority_0 5872 14
CXI_COUNTER_DATA frontier02048 0 lpe_net_match_overflow_0 76 0
CXI_COUNTER_DATA frontier02048 1 lpe_net_match_overflow_0 69 0
CXI_COUNTER_DATA frontier02048 2 lpe_net_match_overflow_0 70 0
CXI_COUNTER_DATA frontier02048 3 lpe_net_match_overflow_0 72 0
CXI_COUNTER_DATA frontier02048 0 lpe_net_match_request_0 1129 3
CXI_COUNTER_DATA frontier02048 1 lpe_net_match_request_0 54 0
CXI_COUNTER_DATA frontier02048 2 lpe_net_match_request_0 40 0
CXI_COUNTER_DATA frontier02048 3 lpe_net_match_request_0 40 0
CXI_COUNTER_DATA frontier02048 0 lpe_rndzv_puts_0 14 0
CXI_COUNTER_DATA frontier00479 3 parbs_tarb_pi_posted_blocked_cnt 6712 16
CXI_COUNTER_DATA frontier00479 0 parbs_tarb_pi_non_posted_pkts 183371 451
CXI_COUNTER_DATA frontier00479 1 parbs_tarb_pi_non_posted_pkts 177271 436
CXI_COUNTER_DATA frontier00479 2 parbs_tarb_pi_non_posted_pkts 178489 439
CXI_COUNTER_DATA frontier00479 3 parbs_tarb_pi_non_posted_pkts 183974 452
CXI_COUNTER_DATA frontier00479 0 parbs_tarb_pi_non_posted_blocked_cnt 162123 398
CXI_COUNTER_DATA frontier00479 1 parbs_tarb_pi_non_posted_blocked_cnt 167688 412
CXI_COUNTER_DATA frontier00479 2 parbs_tarb_pi_non_posted_blocked_cnt 163873 403
CXI_COUNTER_DATA frontier00479 3 parbs_tarb_pi_non_posted_blocked_cnt 166705 410
CXI_COUNTER_DATA frontier00640 1 lpe_rndzv_puts_0 14 0
CXI_COUNTER_DATA frontier00640 2 lpe_rndzv_puts_0 14 0
CXI_COUNTER_DATA frontier00640 3 lpe_rndzv_puts_0 14 0
CXI_COUNTER_DATA frontier00640 0 lpe_rndzv_puts_offloaded_0 14 0
CXI_COUNTER_DATA frontier00640 1 lpe_rndzv_puts_offloaded_0 14 0
CXI_COUNTER_DATA frontier00640 2 lpe_rndzv_puts_offloaded_0 14 0
CXI_COUNTER_DATA frontier00640 3 lpe_rndzv_puts_offloaded_0 14 0
CXI_COUNTER_DATA frontier00640 0 hni_rx_paused_1 9 0
CXI_COUNTER_DATA frontier00640 3 hni_rx_paused_1 20 0
CXI_COUNTER_DATA frontier00640 0 parbs_tarb_pi_posted_pkts 199444 490
CXI_COUNTER_DATA frontier00640 1 parbs_tarb_pi_posted_pkts 195601 481
CXI_COUNTER_DATA frontier00640 2 parbs_tarb_pi_posted_pkts 195004 479
CXI_COUNTER_DATA frontier00640 3 parbs_tarb_pi_posted_pkts 195061 479
CXI_COUNTER_DATA frontier00640 0 parbs_tarb_pi_posted_blocked_cnt 9414 23
CXI_COUNTER_DATA frontier00640 1 parbs_tarb_pi_posted_blocked_cnt 9274 23
CXI_COUNTER_DATA frontier01536 1 lpe_rndzv_puts_0 14 0
CXI_COUNTER_DATA frontier01536 2 lpe_rndzv_puts_0 14 0
CXI_COUNTER_DATA frontier01536 3 lpe_rndzv_puts_0 14 0
CXI_COUNTER_DATA frontier01536 0 lpe_rndzv_puts_offloaded_0 14 0
CXI_COUNTER_DATA frontier01536 1 lpe_rndzv_puts_offloaded_0 14 0
CXI_COUNTER_DATA frontier01536 2 lpe_rndzv_puts_offloaded_0 14 0
CXI_COUNTER_DATA frontier01536 3 lpe_rndzv_puts_offloaded_0 14 0
CXI_COUNTER_DATA frontier01536 0 parbs_tarb_pi_posted_pkts 198312 487
CXI_COUNTER_DATA frontier01536 1 parbs_tarb_pi_posted_pkts 194191 477
CXI_COUNTER_DATA frontier01536 2 parbs_tarb_pi_posted_pkts 193594 476
CXI_COUNTER_DATA frontier01536 3 parbs_tarb_pi_posted_pkts 193956 477
CXI_COUNTER_DATA frontier01536 0 parbs_tarb_pi_posted_blocked_cnt 9083 22
CXI_COUNTER_DATA frontier01536 1 parbs_tarb_pi_posted_blocked_cnt 9666 24
CXI_COUNTER_DATA frontier01536 2 parbs_tarb_pi_posted_blocked_cnt 9361 23
CXI_COUNTER_DATA frontier01536 3 parbs_tarb_pi_posted_blocked_cnt 9535 23
CXI_COUNTER_DATA frontier02048 1 lpe_rndzv_puts_0 14 0
CXI_COUNTER_DATA frontier02048 2 lpe_rndzv_puts_0 14 0
CXI_COUNTER_DATA frontier02048 3 lpe_rndzv_puts_0 14 0
CXI_COUNTER_DATA frontier02048 0 lpe_rndzv_puts_offloaded_0 14 0
CXI_COUNTER_DATA frontier02048 1 lpe_rndzv_puts_offloaded_0 14 0
CXI_COUNTER_DATA frontier02048 2 lpe_rndzv_puts_offloaded_0 14 0
CXI_COUNTER_DATA frontier02048 3 lpe_rndzv_puts_offloaded_0 14 0
CXI_COUNTER_DATA frontier02048 0 parbs_tarb_pi_posted_pkts 196659 483
CXI_COUNTER_DATA frontier02048 1 parbs_tarb_pi_posted_pkts 192502 473
CXI_COUNTER_DATA frontier02048 2 parbs_tarb_pi_posted_pkts 191923 472
CXI_COUNTER_DATA frontier02048 3 parbs_tarb_pi_posted_pkts 192078 472
CXI_COUNTER_DATA frontier02048 0 parbs_tarb_pi_posted_blocked_cnt 8875 22
CXI_COUNTER_DATA frontier02048 1 parbs_tarb_pi_posted_blocked_cnt 9027 22
CXI_COUNTER_DATA frontier02048 2 parbs_tarb_pi_posted_blocked_cnt 10878 27
CXI_COUNTER_DATA frontier02048 3 parbs_tarb_pi_posted_blocked_cnt 10316 25
CXI_COUNTER_DATA frontier00640 2 parbs_tarb_pi_posted_blocked_cnt 10172 25
CXI_COUNTER_DATA frontier01536 0 parbs_tarb_pi_non_posted_pkts 173162 425
CXI_COUNTER_DATA frontier02048 0 parbs_tarb_pi_non_posted_pkts 172592 424
CXI_COUNTER_DATA frontier02048 1 parbs_tarb_pi_non_posted_pkts 171846 422
CXI_COUNTER_DATA frontier02048 2 parbs_tarb_pi_non_posted_pkts 171217 421
CXI_COUNTER_DATA frontier02048 3 parbs_tarb_pi_non_posted_pkts 171314 421
CXI_COUNTER_DATA frontier02048 0 parbs_tarb_pi_non_posted_blocked_cnt 164692 405
CXI_COUNTER_DATA frontier02048 1 parbs_tarb_pi_non_posted_blocked_cnt 166492 409
CXI_COUNTER_DATA frontier02048 2 parbs_tarb_pi_non_posted_blocked_cnt 160408 394
CXI_COUNTER_DATA frontier02048 3 parbs_tarb_pi_non_posted_blocked_cnt 162111 398
CXI_COUNTER_DATA frontier00640 3 parbs_tarb_pi_posted_blocked_cnt 6532 16
CXI_COUNTER_DATA frontier00640 0 parbs_tarb_pi_non_posted_pkts 172781 425
CXI_COUNTER_DATA frontier00640 1 parbs_tarb_pi_non_posted_pkts 172162 423
CXI_COUNTER_DATA frontier00640 2 parbs_tarb_pi_non_posted_pkts 171565 422
CXI_COUNTER_DATA frontier00640 3 parbs_tarb_pi_non_posted_pkts 171515 421
CXI_COUNTER_DATA frontier00640 0 parbs_tarb_pi_non_posted_blocked_cnt 164620 404
CXI_COUNTER_DATA frontier00640 1 parbs_tarb_pi_non_posted_blocked_cnt 165395 406
CXI_COUNTER_DATA frontier00640 2 parbs_tarb_pi_non_posted_blocked_cnt 160790 395
CXI_COUNTER_DATA frontier00640 3 parbs_tarb_pi_non_posted_blocked_cnt 165683 407
CXI_COUNTER_DATA frontier01536 1 parbs_tarb_pi_non_posted_pkts 172381 424
CXI_COUNTER_DATA frontier01536 2 parbs_tarb_pi_non_posted_pkts 171850 422
CXI_COUNTER_DATA frontier01536 3 parbs_tarb_pi_non_posted_pkts 171965 423
CXI_COUNTER_DATA frontier01536 0 parbs_tarb_pi_non_posted_blocked_cnt 167458 411
CXI_COUNTER_DATA frontier01536 1 parbs_tarb_pi_non_posted_blocked_cnt 164430 404
CXI_COUNTER_DATA frontier01536 2 parbs_tarb_pi_non_posted_blocked_cnt 161469 397
CXI_COUNTER_DATA frontier01536 3 parbs_tarb_pi_non_posted_blocked_cnt 160213 394
TRACE: Function: ncclResult_t ofi_deregMr(void *, void *) Line: 2546: NET/OFI Null MR handle provided. Skipping deregisteration.
TRACE: Function: ncclResult_t register_mr_buffers(ofiComm_t *, void *, int, int, struct fid_mr **) Line: 544: NET/OFI Skip registering CUDA buffer. hmem_mr: 0
TRACE: Function: ncclResult_t register_mr_buffers(ofiComm_t *, void *, int, int, struct fid_mr **) Line: 544: NET/OFI Skip registering CUDA buffer. hmem_mr: 0
TRACE: Function: ncclResult_t ofi_deregMr(void *, void *) Line: 2546: NET/OFI Null MR handle provided. Skipping deregisteration.
TRACE: Function: ncclResult_t ofi_deregMr(void *, void *) Line: 2546: NET/OFI Null MR handle provided. Skipping deregisteration.
TRACE: Function: ncclResult_t register_mr_buffers(ofiComm_t *, void *, int, int, struct fid_mr **) Line: 544: NET/OFI Skip registering CUDA buffer. hmem_mr: 0
TRACE: Function: ncclResult_t register_mr_buffers(ofiComm_t *, void *, int, int, struct fid_mr **) Line: 544: NET/OFI Skip registering CUDA buffer. hmem_mr: 0
TRACE: Function: ncclResult_t ofi_deregMr(void *, void *) Line: 2546: NET/OFI Null MR handle provided. Skipping deregisteration.
TRACE: Function: ncclResult_t ofi_deregMr(void *, void *) Line: 2546: NET/OFI Null MR handle provided. Skipping deregisteration.
INFO: Function: int main(int, char **) Line: 308: NET/OFI Rank 2: All-gather complete, validating results
INFO: Function: int main(int, char **) Line: 333: NET/OFI Rank 2: All-gather validation successful
TRACE: Function: void release_nccl_ofi_component(int) Line: 956: NET/OFI OFI component #1 is released
TRACE: Function: ncclResult_t ofi_deregMr(void *, void *) Line: 2546: NET/OFI Null MR handle provided. Skipping deregisteration.
TRACE: Function: ncclResult_t register_mr_buffers(ofiComm_t *, void *, int, int, struct fid_mr **) Line: 544: NET/OFI Skip registering CUDA buffer. hmem_mr: 0
TRACE: Function: ncclResult_t register_mr_buffers(ofiComm_t *, void *, int, int, struct fid_mr **) Line: 544: NET/OFI Skip registering CUDA buffer. hmem_mr: 0
TRACE: Function: ncclResult_t ofi_deregMr(void *, void *) Line: 2546: NET/OFI Null MR handle provided. Skipping deregisteration.
TRACE: Function: ncclResult_t ofi_deregMr(void *, void *) Line: 2546: NET/OFI Null MR handle provided. Skipping deregisteration.
TRACE: Function: ncclResult_t register_mr_buffers(ofiComm_t *, void *, int, int, struct fid_mr **) Line: 544: NET/OFI Skip registering CUDA buffer. hmem_mr: 0
TRACE: Function: ncclResult_t register_mr_buffers(ofiComm_t *, void *, int, int, struct fid_mr **) Line: 544: NET/OFI Skip registering CUDA buffer. hmem_mr: 0
TRACE: Function: ncclResult_t ofi_deregMr(void *, void *) Line: 2546: NET/OFI Null MR handle provided. Skipping deregisteration.
TRACE: Function: ncclResult_t register_mr_buffers(ofiComm_t *, void *, int, int, struct fid_mr **) Line: 544: NET/OFI Skip registering CUDA buffer. hmem_mr: 0
TRACE: Function: ncclResult_t register_mr_buffers(ofiComm_t *, void *, int, int, struct fid_mr **) Line: 544: NET/OFI Skip registering CUDA buffer. hmem_mr: 0
TRACE: Function: ncclResult_t ofi_deregMr(void *, void *) Line: 2546: NET/OFI Null MR handle provided. Skipping deregisteration.
TRACE: Function: ncclResult_t ofi_deregMr(void *, void *) Line: 2546: NET/OFI Null MR handle provided. Skipping deregisteration.
TRACE: Function: ncclResult_t register_mr_buffers(ofiComm_t *, void *, int, int, struct fid_mr **) Line: 544: NET/OFI Skip registering CUDA buffer. hmem_mr: 0
TRACE: Function: ncclResult_t register_mr_buffers(ofiComm_t *, void *, int, int, struct fid_mr **) Line: 544: NET/OFI Skip registering CUDA buffer. hmem_mr: 0
TRACE: Function: ncclResult_t ofi_deregMr(void *, void *) Line: 2546: NET/OFI Null MR handle provided. Skipping deregisteration.
TRACE: Function: ncclResult_t ofi_deregMr(void *, void *) Line: 2546: NET/OFI Null MR handle provided. Skipping deregisteration.
INFO: Function: int main(int, char **) Line: 308: NET/OFI Rank 3: All-gather complete, validating results
INFO: Function: int main(int, char **) Line: 333: NET/OFI Rank 3: All-gather validation successful
TRACE: Function: void release_nccl_ofi_component(int) Line: 956: NET/OFI OFI component #1 is released
TRACE: Function: ncclResult_t ofi_deregMr(void *, void *) Line: 2546: NET/OFI Null MR handle provided. Skipping deregisteration.
TRACE: Function: ncclResult_t ofi_deregMr(void *, void *) Line: 2546: NET/OFI Null MR handle provided. Skipping deregisteration.
INFO: Function: int main(int, char **) Line: 308: NET/OFI Rank 17: All-gather complete, validating results
INFO: Function: int main(int, char **) Line: 333: NET/OFI Rank 17: All-gather validation successful
TRACE: Function: void release_nccl_ofi_component(int) Line: 956: NET/OFI OFI component #0 is released
TRACE: Function: ncclResult_t ofi_deregMr(void *, void *) Line: 2546: NET/OFI Null MR handle provided. Skipping deregisteration.
TRACE: Function: ncclResult_t register_mr_buffers(ofiComm_t *, void *, int, int, struct fid_mr **) Line: 544: NET/OFI Skip registering CUDA buffer. hmem_mr: 0
TRACE: Function: ncclResult_t register_mr_buffers(ofiComm_t *, void *, int, int, struct fid_mr **) Line: 544: NET/OFI Skip registering CUDA buffer. hmem_mr: 0
TRACE: Function: ncclResult_t ofi_deregMr(void *, void *) Line: 2546: NET/OFI Null MR handle provided. Skipping deregisteration.
TRACE: Function: ncclResult_t ofi_deregMr(void *, void *) Line: 2546: NET/OFI Null MR handle provided. Skipping deregisteration.
TRACE: Function: ncclResult_t register_mr_buffers(ofiComm_t *, void *, int, int, struct fid_mr **) Line: 544: NET/OFI Skip registering CUDA buffer. hmem_mr: 0
TRACE: Function: ncclResult_t register_mr_buffers(ofiComm_t *, void *, int, int, struct fid_mr **) Line: 544: NET/OFI Skip registering CUDA buffer. hmem_mr: 0
TRACE: Function: ncclResult_t ofi_deregMr(void *, void *) Line: 2546: NET/OFI Null MR handle provided. Skipping deregisteration.
TRACE: Function: ncclResult_t register_mr_buffers(ofiComm_t *, void *, int, int, struct fid_mr **) Line: 544: NET/OFI Skip registering CUDA buffer. hmem_mr: 0
TRACE: Function: ncclResult_t register_mr_buffers(ofiComm_t *, void *, int, int, struct fid_mr **) Line: 544: NET/OFI Skip registering CUDA buffer. hmem_mr: 0
TRACE: Function: ncclResult_t ofi_deregMr(void *, void *) Line: 2546: NET/OFI Null MR handle provided. Skipping deregisteration.
TRACE: Function: ncclResult_t ofi_deregMr(void *, void *) Line: 2546: NET/OFI Null MR handle provided. Skipping deregisteration.
TRACE: Function: ncclResult_t register_mr_buffers(ofiComm_t *, void *, int, int, struct fid_mr **) Line: 544: NET/OFI Skip registering CUDA buffer. hmem_mr: 0
TRACE: Function: ncclResult_t register_mr_buffers(ofiComm_t *, void *, int, int, struct fid_mr **) Line: 544: NET/OFI Skip registering CUDA buffer. hmem_mr: 0
TRACE: Function: ncclResult_t ofi_deregMr(void *, void *) Line: 2546: NET/OFI Null MR handle provided. Skipping deregisteration.
TRACE: Function: ncclResult_t register_mr_buffers(ofiComm_t *, void *, int, int, struct fid_mr **) Line: 544: NET/OFI Skip registering CUDA buffer. hmem_mr: 0
TRACE: Function: ncclResult_t register_mr_buffers(ofiComm_t *, void *, int, int, struct fid_mr **) Line: 544: NET/OFI Skip registering CUDA buffer. hmem_mr: 0
TRACE: Function: ncclResult_t ofi_deregMr(void *, void *) Line: 2546: NET/OFI Null MR handle provided. Skipping deregisteration.
TRACE: Function: ncclResult_t ofi_deregMr(void *, void *) Line: 2546: NET/OFI Null MR handle provided. Skipping deregisteration.
TRACE: Function: ncclResult_t register_mr_buffers(ofiComm_t *, void *, int, int, struct fid_mr **) Line: 544: NET/OFI Skip registering CUDA buffer. hmem_mr: 0
TRACE: Function: ncclResult_t register_mr_buffers(ofiComm_t *, void *, int, int, struct fid_mr **) Line: 544: NET/OFI Skip registering CUDA buffer. hmem_mr: 0
TRACE: Function: ncclResult_t ofi_deregMr(void *, void *) Line: 2546: NET/OFI Null MR handle provided. Skipping deregisteration.
TRACE: Function: ncclResult_t ofi_deregMr(void *, void *) Line: 2546: NET/OFI Null MR handle provided. Skipping deregisteration.
INFO: Function: int main(int, char **) Line: 308: NET/OFI Rank 1: All-gather complete, validating results
INFO: Function: int main(int, char **) Line: 333: NET/OFI Rank 1: All-gather validation successful
TRACE: Function: void release_nccl_ofi_component(int) Line: 956: NET/OFI OFI component #0 is released
TRACE: Function: ncclResult_t ofi_deregMr(void *, void *) Line: 2546: NET/OFI Null MR handle provided. Skipping deregisteration.
TRACE: Function: ncclResult_t ofi_deregMr(void *, void *) Line: 2546: NET/OFI Null MR handle provided. Skipping deregisteration.
INFO: Function: int main(int, char **) Line: 308: NET/OFI Rank 18: All-gather complete, validating results
INFO: Function: int main(int, char **) Line: 333: NET/OFI Rank 18: All-gather validation successful
TRACE: Function: void release_nccl_ofi_component(int) Line: 956: NET/OFI OFI component #1 is released
TRACE: Function: ncclResult_t ofi_deregMr(void *, void *) Line: 2546: NET/OFI Null MR handle provided. Skipping deregisteration.
TRACE: Function: ncclResult_t ofi_deregMr(void *, void *) Line: 2546: NET/OFI Null MR handle provided. Skipping deregisteration.
INFO: Function: int main(int, char **) Line: 308: NET/OFI Rank 26: All-gather complete, validating results
INFO: Function: int main(int, char **) Line: 333: NET/OFI Rank 26: All-gather validation successful
TRACE: Function: void release_nccl_ofi_component(int) Line: 956: NET/OFI OFI component #1 is released
TRACE: Function: ncclResult_t ofi_deregMr(void *, void *) Line: 2546: NET/OFI Null MR handle provided. Skipping deregisteration.
TRACE: Function: ncclResult_t register_mr_buffers(ofiComm_t *, void *, int, int, struct fid_mr **) Line: 544: NET/OFI Skip registering CUDA buffer. hmem_mr: 0
TRACE: Function: ncclResult_t register_mr_buffers(ofiComm_t *, void *, int, int, struct fid_mr **) Line: 544: NET/OFI Skip registering CUDA buffer. hmem_mr: 0
TRACE: Function: ncclResult_t ofi_deregMr(void *, void *) Line: 2546: NET/OFI Null MR handle provided. Skipping deregisteration.
TRACE: Function: ncclResult_t ofi_deregMr(void *, void *) Line: 2546: NET/OFI Null MR handle provided. Skipping deregisteration.
TRACE: Function: ncclResult_t register_mr_buffers(ofiComm_t *, void *, int, int, struct fid_mr **) Line: 544: NET/OFI Skip registering CUDA buffer. hmem_mr: 0
TRACE: Function: ncclResult_t register_mr_buffers(ofiComm_t *, void *, int, int, struct fid_mr **) Line: 544: NET/OFI Skip registering CUDA buffer. hmem_mr: 0
TRACE: Function: ncclResult_t ofi_deregMr(void *, void *) Line: 2546: NET/OFI Null MR handle provided. Skipping deregisteration.
TRACE: Function: ncclResult_t register_mr_buffers(ofiComm_t *, void *, int, int, struct fid_mr **) Line: 544: NET/OFI Skip registering CUDA buffer. hmem_mr: 0
TRACE: Function: ncclResult_t register_mr_buffers(ofiComm_t *, void *, int, int, struct fid_mr **) Line: 544: NET/OFI Skip registering CUDA buffer. hmem_mr: 0
TRACE: Function: ncclResult_t ofi_deregMr(void *, void *) Line: 2546: NET/OFI Null MR handle provided. Skipping deregisteration.
TRACE: Function: ncclResult_t ofi_deregMr(void *, void *) Line: 2546: NET/OFI Null MR handle provided. Skipping deregisteration.
TRACE: Function: ncclResult_t register_mr_buffers(ofiComm_t *, void *, int, int, struct fid_mr **) Line: 544: NET/OFI Skip registering CUDA buffer. hmem_mr: 0
TRACE: Function: ncclResult_t register_mr_buffers(ofiComm_t *, void *, int, int, struct fid_mr **) Line: 544: NET/OFI Skip registering CUDA buffer. hmem_mr: 0
TRACE: Function: ncclResult_t ofi_deregMr(void *, void *) Line: 2546: NET/OFI Null MR handle provided. Skipping deregisteration.
TRACE: Function: ncclResult_t register_mr_buffers(ofiComm_t *, void *, int, int, struct fid_mr **) Line: 544: NET/OFI Skip registering CUDA buffer. hmem_mr: 0
TRACE: Function: ncclResult_t register_mr_buffers(ofiComm_t *, void *, int, int, struct fid_mr **) Line: 544: NET/OFI Skip registering CUDA buffer. hmem_mr: 0
TRACE: Function: ncclResult_t ofi_deregMr(void *, void *) Line: 2546: NET/OFI Null MR handle provided. Skipping deregisteration.
TRACE: Function: ncclResult_t ofi_deregMr(void *, void *) Line: 2546: NET/OFI Null MR handle provided. Skipping deregisteration.
TRACE: Function: ncclResult_t register_mr_buffers(ofiComm_t *, void *, int, int, struct fid_mr **) Line: 544: NET/OFI Skip registering CUDA buffer. hmem_mr: 0
TRACE: Function: ncclResult_t register_mr_buffers(ofiComm_t *, void *, int, int, struct fid_mr **) Line: 544: NET/OFI Skip registering CUDA buffer. hmem_mr: 0
TRACE: Function: ncclResult_t ofi_deregMr(void *, void *) Line: 2546: NET/OFI Null MR handle provided. Skipping deregisteration.
TRACE: Function: ncclResult_t ofi_deregMr(void *, void *) Line: 2546: NET/OFI Null MR handle provided. Skipping deregisteration.
INFO: Function: int main(int, char **) Line: 308: NET/OFI Rank 6: All-gather complete, validating results
INFO: Function: int main(int, char **) Line: 333: NET/OFI Rank 6: All-gather validation successful
TRACE: Function: void release_nccl_ofi_component(int) Line: 956: NET/OFI OFI component #3 is released
TRACE: Function: ncclResult_t ofi_deregMr(void *, void *) Line: 2546: NET/OFI Null MR handle provided. Skipping deregisteration.
TRACE: Function: ncclResult_t ofi_deregMr(void *, void *) Line: 2546: NET/OFI Null MR handle provided. Skipping deregisteration.
INFO: Function: int main(int, char **) Line: 308: NET/OFI Rank 19: All-gather complete, validating results
INFO: Function: int main(int, char **) Line: 333: NET/OFI Rank 19: All-gather validation successful
TRACE: Function: void release_nccl_ofi_component(int) Line: 956: NET/OFI OFI component #1 is released
TRACE: Function: ncclResult_t ofi_deregMr(void *, void *) Line: 2546: NET/OFI Null MR handle provided. Skipping deregisteration.
TRACE: Function: ncclResult_t ofi_deregMr(void *, void *) Line: 2546: NET/OFI Null MR handle provided. Skipping deregisteration.
INFO: Function: int main(int, char **) Line: 308: NET/OFI Rank 27: All-gather complete, validating results
INFO: Function: int main(int, char **) Line: 333: NET/OFI Rank 27: All-gather validation successful
TRACE: Function: void release_nccl_ofi_component(int) Line: 956: NET/OFI OFI component #1 is released
TRACE: Function: ncclResult_t ofi_deregMr(void *, void *) Line: 2546: NET/OFI Null MR handle provided. Skipping deregisteration.
TRACE: Function: ncclResult_t register_mr_buffers(ofiComm_t *, void *, int, int, struct fid_mr **) Line: 544: NET/OFI Skip registering CUDA buffer. hmem_mr: 0
TRACE: Function: ncclResult_t register_mr_buffers(ofiComm_t *, void *, int, int, struct fid_mr **) Line: 544: NET/OFI Skip registering CUDA buffer. hmem_mr: 0
TRACE: Function: ncclResult_t ofi_deregMr(void *, void *) Line: 2546: NET/OFI Null MR handle provided. Skipping deregisteration.
TRACE: Function: ncclResult_t ofi_deregMr(void *, void *) Line: 2546: NET/OFI Null MR handle provided. Skipping deregisteration.
TRACE: Function: ncclResult_t register_mr_buffers(ofiComm_t *, void *, int, int, struct fid_mr **) Line: 544: NET/OFI Skip registering CUDA buffer. hmem_mr: 0
TRACE: Function: ncclResult_t register_mr_buffers(ofiComm_t *, void *, int, int, struct fid_mr **) Line: 544: NET/OFI Skip registering CUDA buffer. hmem_mr: 0
TRACE: Function: ncclResult_t ofi_deregMr(void *, void *) Line: 2546: NET/OFI Null MR handle provided. Skipping deregisteration.
TRACE: Function: ncclResult_t register_mr_buffers(ofiComm_t *, void *, int, int, struct fid_mr **) Line: 544: NET/OFI Skip registering CUDA buffer. hmem_mr: 0
TRACE: Function: ncclResult_t register_mr_buffers(ofiComm_t *, void *, int, int, struct fid_mr **) Line: 544: NET/OFI Skip registering CUDA buffer. hmem_mr: 0
TRACE: Function: ncclResult_t ofi_deregMr(void *, void *) Line: 2546: NET/OFI Null MR handle provided. Skipping deregisteration.
TRACE: Function: ncclResult_t ofi_deregMr(void *, void *) Line: 2546: NET/OFI Null MR handle provided. Skipping deregisteration.
TRACE: Function: ncclResult_t register_mr_buffers(ofiComm_t *, void *, int, int, struct fid_mr **) Line: 544: NET/OFI Skip registering CUDA buffer. hmem_mr: 0
TRACE: Function: ncclResult_t register_mr_buffers(ofiComm_t *, void *, int, int, struct fid_mr **) Line: 544: NET/OFI Skip registering CUDA buffer. hmem_mr: 0
TRACE: Function: ncclResult_t ofi_deregMr(void *, void *) Line: 2546: NET/OFI Null MR handle provided. Skipping deregisteration.
TRACE: Function: ncclResult_t register_mr_buffers(ofiComm_t *, void *, int, int, struct fid_mr **) Line: 544: NET/OFI Skip registering CUDA buffer. hmem_mr: 0
TRACE: Function: ncclResult_t register_mr_buffers(ofiComm_t *, void *, int, int, struct fid_mr **) Line: 544: NET/OFI Skip registering CUDA buffer. hmem_mr: 0
TRACE: Function: ncclResult_t ofi_deregMr(void *, void *) Line: 2546: NET/OFI Null MR handle provided. Skipping deregisteration.
TRACE: Function: ncclResult_t ofi_deregMr(void *, void *) Line: 2546: NET/OFI Null MR handle provided. Skipping deregisteration.
TRACE: Function: ncclResult_t register_mr_buffers(ofiComm_t *, void *, int, int, struct fid_mr **) Line: 544: NET/OFI Skip registering CUDA buffer. hmem_mr: 0
TRACE: Function: ncclResult_t register_mr_buffers(ofiComm_t *, void *, int, int, struct fid_mr **) Line: 544: NET/OFI Skip registering CUDA buffer. hmem_mr: 0
TRACE: Function: ncclResult_t ofi_deregMr(void *, void *) Line: 2546: NET/OFI Null MR handle provided. Skipping deregisteration.
TRACE: Function: ncclResult_t register_mr_buffers(ofiComm_t *, void *, int, int, struct fid_mr **) Line: 544: NET/OFI Skip registering CUDA buffer. hmem_mr: 0
TRACE: Function: ncclResult_t register_mr_buffers(ofiComm_t *, void *, int, int, struct fid_mr **) Line: 544: NET/OFI Skip registering CUDA buffer. hmem_mr: 0
TRACE: Function: ncclResult_t ofi_deregMr(void *, void *) Line: 2546: NET/OFI Null MR handle provided. Skipping deregisteration.
TRACE: Function: ncclResult_t ofi_deregMr(void *, void *) Line: 2546: NET/OFI Null MR handle provided. Skipping deregisteration.
TRACE: Function: ncclResult_t register_mr_buffers(ofiComm_t *, void *, int, int, struct fid_mr **) Line: 544: NET/OFI Skip registering CUDA buffer. hmem_mr: 0
TRACE: Function: ncclResult_t register_mr_buffers(ofiComm_t *, void *, int, int, struct fid_mr **) Line: 544: NET/OFI Skip registering CUDA buffer. hmem_mr: 0
TRACE: Function: ncclResult_t ofi_deregMr(void *, void *) Line: 2546: NET/OFI Null MR handle provided. Skipping deregisteration.
TRACE: Function: ncclResult_t ofi_deregMr(void *, void *) Line: 2546: NET/OFI Null MR handle provided. Skipping deregisteration.
INFO: Function: int main(int, char **) Line: 308: NET/OFI Rank 7: All-gather complete, validating results
INFO: Function: int main(int, char **) Line: 333: NET/OFI Rank 7: All-gather validation successful
TRACE: Function: void release_nccl_ofi_component(int) Line: 956: NET/OFI OFI component #3 is released
TRACE: Function: ncclResult_t ofi_deregMr(void *, void *) Line: 2546: NET/OFI Null MR handle provided. Skipping deregisteration.
TRACE: Function: ncclResult_t ofi_deregMr(void *, void *) Line: 2546: NET/OFI Null MR handle provided. Skipping deregisteration.
INFO: Function: int main(int, char **) Line: 308: NET/OFI Rank 14: All-gather complete, validating results
INFO: Function: int main(int, char **) Line: 333: NET/OFI Rank 14: All-gather validation successful
TRACE: Function: void release_nccl_ofi_component(int) Line: 956: NET/OFI OFI component #3 is released
TRACE: Function: ncclResult_t ofi_deregMr(void *, void *) Line: 2546: NET/OFI Null MR handle provided. Skipping deregisteration.
TRACE: Function: ncclResult_t ofi_deregMr(void *, void *) Line: 2546: NET/OFI Null MR handle provided. Skipping deregisteration.
INFO: Function: int main(int, char **) Line: 308: NET/OFI Rank 20: All-gather complete, validating results
INFO: Function: int main(int, char **) Line: 333: NET/OFI Rank 20: All-gather validation successful
TRACE: Function: void release_nccl_ofi_component(int) Line: 956: NET/OFI OFI component #2 is released
TRACE: Function: ncclResult_t ofi_deregMr(void *, void *) Line: 2546: NET/OFI Null MR handle provided. Skipping deregisteration.
TRACE: Function: ncclResult_t ofi_deregMr(void *, void *) Line: 2546: NET/OFI Null MR handle provided. Skipping deregisteration.
INFO: Function: int main(int, char **) Line: 308: NET/OFI Rank 29: All-gather complete, validating results
INFO: Function: int main(int, char **) Line: 333: NET/OFI Rank 29: All-gather validation successful
TRACE: Function: void release_nccl_ofi_component(int) Line: 956: NET/OFI OFI component #2 is released
TRACE: Function: ncclResult_t ofi_deregMr(void *, void *) Line: 2546: NET/OFI Null MR handle provided. Skipping deregisteration.
TRACE: Function: ncclResult_t register_mr_buffers(ofiComm_t *, void *, int, int, struct fid_mr **) Line: 544: NET/OFI Skip registering CUDA buffer. hmem_mr: 0
TRACE: Function: ncclResult_t register_mr_buffers(ofiComm_t *, void *, int, int, struct fid_mr **) Line: 544: NET/OFI Skip registering CUDA buffer. hmem_mr: 0
TRACE: Function: ncclResult_t ofi_deregMr(void *, void *) Line: 2546: NET/OFI Null MR handle provided. Skipping deregisteration.
TRACE: Function: ncclResult_t ofi_deregMr(void *, void *) Line: 2546: NET/OFI Null MR handle provided. Skipping deregisteration.
TRACE: Function: ncclResult_t register_mr_buffers(ofiComm_t *, void *, int, int, struct fid_mr **) Line: 544: NET/OFI Skip registering CUDA buffer. hmem_mr: 0
TRACE: Function: ncclResult_t register_mr_buffers(ofiComm_t *, void *, int, int, struct fid_mr **) Line: 544: NET/OFI Skip registering CUDA buffer. hmem_mr: 0
TRACE: Function: ncclResult_t ofi_deregMr(void *, void *) Line: 2546: NET/OFI Null MR handle provided. Skipping deregisteration.
TRACE: Function: ncclResult_t register_mr_buffers(ofiComm_t *, void *, int, int, struct fid_mr **) Line: 544: NET/OFI Skip registering CUDA buffer. hmem_mr: 0
TRACE: Function: ncclResult_t register_mr_buffers(ofiComm_t *, void *, int, int, struct fid_mr **) Line: 544: NET/OFI Skip registering CUDA buffer. hmem_mr: 0
TRACE: Function: ncclResult_t ofi_deregMr(void *, void *) Line: 2546: NET/OFI Null MR handle provided. Skipping deregisteration.
TRACE: Function: ncclResult_t ofi_deregMr(void *, void *) Line: 2546: NET/OFI Null MR handle provided. Skipping deregisteration.
TRACE: Function: ncclResult_t register_mr_buffers(ofiComm_t *, void *, int, int, struct fid_mr **) Line: 544: NET/OFI Skip registering CUDA buffer. hmem_mr: 0
TRACE: Function: ncclResult_t register_mr_buffers(ofiComm_t *, void *, int, int, struct fid_mr **) Line: 544: NET/OFI Skip registering CUDA buffer. hmem_mr: 0
TRACE: Function: ncclResult_t ofi_deregMr(void *, void *) Line: 2546: NET/OFI Null MR handle provided. Skipping deregisteration.
TRACE: Function: ncclResult_t register_mr_buffers(ofiComm_t *, void *, int, int, struct fid_mr **) Line: 544: NET/OFI Skip registering CUDA buffer. hmem_mr: 0
TRACE: Function: ncclResult_t register_mr_buffers(ofiComm_t *, void *, int, int, struct fid_mr **) Line: 544: NET/OFI Skip registering CUDA buffer. hmem_mr: 0
TRACE: Function: ncclResult_t ofi_deregMr(void *, void *) Line: 2546: NET/OFI Null MR handle provided. Skipping deregisteration.
TRACE: Function: ncclResult_t ofi_deregMr(void *, void *) Line: 2546: NET/OFI Null MR handle provided. Skipping deregisteration.
TRACE: Function: ncclResult_t register_mr_buffers(ofiComm_t *, void *, int, int, struct fid_mr **) Line: 544: NET/OFI Skip registering CUDA buffer. hmem_mr: 0
TRACE: Function: ncclResult_t register_mr_buffers(ofiComm_t *, void *, int, int, struct fid_mr **) Line: 544: NET/OFI Skip registering CUDA buffer. hmem_mr: 0
TRACE: Function: ncclResult_t ofi_deregMr(void *, void *) Line: 2546: NET/OFI Null MR handle provided. Skipping deregisteration.
TRACE: Function: ncclResult_t register_mr_buffers(ofiComm_t *, void *, int, int, struct fid_mr **) Line: 544: NET/OFI Skip registering CUDA buffer. hmem_mr: 0
TRACE: Function: ncclResult_t register_mr_buffers(ofiComm_t *, void *, int, int, struct fid_mr **) Line: 544: NET/OFI Skip registering CUDA buffer. hmem_mr: 0
TRACE: Function: ncclResult_t ofi_deregMr(void *, void *) Line: 2546: NET/OFI Null MR handle provided. Skipping deregisteration.
TRACE: Function: ncclResult_t ofi_deregMr(void *, void *) Line: 2546: NET/OFI Null MR handle provided. Skipping deregisteration.
TRACE: Function: ncclResult_t register_mr_buffers(ofiComm_t *, void *, int, int, struct fid_mr **) Line: 544: NET/OFI Skip registering CUDA buffer. hmem_mr: 0
TRACE: Function: ncclResult_t register_mr_buffers(ofiComm_t *, void *, int, int, struct fid_mr **) Line: 544: NET/OFI Skip registering CUDA buffer. hmem_mr: 0
TRACE: Function: ncclResult_t ofi_deregMr(void *, void *) Line: 2546: NET/OFI Null MR handle provided. Skipping deregisteration.
TRACE: Function: ncclResult_t ofi_deregMr(void *, void *) Line: 2546: NET/OFI Null MR handle provided. Skipping deregisteration.
INFO: Function: int main(int, char **) Line: 308: NET/OFI Rank 5: All-gather complete, validating results
INFO: Function: int main(int, char **) Line: 333: NET/OFI Rank 5: All-gather validation successful
TRACE: Function: void release_nccl_ofi_component(int) Line: 956: NET/OFI OFI component #2 is released
TRACE: Function: ncclResult_t ofi_deregMr(void *, void *) Line: 2546: NET/OFI Null MR handle provided. Skipping deregisteration.
TRACE: Function: ncclResult_t ofi_deregMr(void *, void *) Line: 2546: NET/OFI Null MR handle provided. Skipping deregisteration.
INFO: Function: int main(int, char **) Line: 308: NET/OFI Rank 11: All-gather complete, validating results
INFO: Function: int main(int, char **) Line: 333: NET/OFI Rank 11: All-gather validation successful
TRACE: Function: void release_nccl_ofi_component(int) Line: 956: NET/OFI OFI component #1 is released
TRACE: Function: ncclResult_t ofi_deregMr(void *, void *) Line: 2546: NET/OFI Null MR handle provided. Skipping deregisteration.
TRACE: Function: ncclResult_t ofi_deregMr(void *, void *) Line: 2546: NET/OFI Null MR handle provided. Skipping deregisteration.
INFO: Function: int main(int, char **) Line: 308: NET/OFI Rank 23: All-gather complete, validating results
INFO: Function: int main(int, char **) Line: 333: NET/OFI Rank 23: All-gather validation successful
TRACE: Function: void release_nccl_ofi_component(int) Line: 956: NET/OFI OFI component #3 is released
TRACE: Function: ncclResult_t ofi_deregMr(void *, void *) Line: 2546: NET/OFI Null MR handle provided. Skipping deregisteration.
TRACE: Function: ncclResult_t ofi_deregMr(void *, void *) Line: 2546: NET/OFI Null MR handle provided. Skipping deregisteration.
INFO: Function: int main(int, char **) Line: 308: NET/OFI Rank 30: All-gather complete, validating results
INFO: Function: int main(int, char **) Line: 333: NET/OFI Rank 30: All-gather validation successful
TRACE: Function: void release_nccl_ofi_component(int) Line: 956: NET/OFI OFI component #3 is released
TRACE: Function: ncclResult_t ofi_deregMr(void *, void *) Line: 2546: NET/OFI Null MR handle provided. Skipping deregisteration.
TRACE: Function: ncclResult_t register_mr_buffers(ofiComm_t *, void *, int, int, struct fid_mr **) Line: 544: NET/OFI Skip registering CUDA buffer. hmem_mr: 0
TRACE: Function: ncclResult_t register_mr_buffers(ofiComm_t *, void *, int, int, struct fid_mr **) Line: 544: NET/OFI Skip registering CUDA buffer. hmem_mr: 0
TRACE: Function: ncclResult_t ofi_deregMr(void *, void *) Line: 2546: NET/OFI Null MR handle provided. Skipping deregisteration.
TRACE: Function: ncclResult_t ofi_deregMr(void *, void *) Line: 2546: NET/OFI Null MR handle provided. Skipping deregisteration.
TRACE: Function: ncclResult_t register_mr_buffers(ofiComm_t *, void *, int, int, struct fid_mr **) Line: 544: NET/OFI Skip registering CUDA buffer. hmem_mr: 0
TRACE: Function: ncclResult_t register_mr_buffers(ofiComm_t *, void *, int, int, struct fid_mr **) Line: 544: NET/OFI Skip registering CUDA buffer. hmem_mr: 0
TRACE: Function: ncclResult_t ofi_deregMr(void *, void *) Line: 2546: NET/OFI Null MR handle provided. Skipping deregisteration.
TRACE: Function: ncclResult_t register_mr_buffers(ofiComm_t *, void *, int, int, struct fid_mr **) Line: 544: NET/OFI Skip registering CUDA buffer. hmem_mr: 0
TRACE: Function: ncclResult_t register_mr_buffers(ofiComm_t *, void *, int, int, struct fid_mr **) Line: 544: NET/OFI Skip registering CUDA buffer. hmem_mr: 0
TRACE: Function: ncclResult_t ofi_deregMr(void *, void *) Line: 2546: NET/OFI Null MR handle provided. Skipping deregisteration.
TRACE: Function: ncclResult_t ofi_deregMr(void *, void *) Line: 2546: NET/OFI Null MR handle provided. Skipping deregisteration.
TRACE: Function: ncclResult_t register_mr_buffers(ofiComm_t *, void *, int, int, struct fid_mr **) Line: 544: NET/OFI Skip registering CUDA buffer. hmem_mr: 0
TRACE: Function: ncclResult_t register_mr_buffers(ofiComm_t *, void *, int, int, struct fid_mr **) Line: 544: NET/OFI Skip registering CUDA buffer. hmem_mr: 0
TRACE: Function: ncclResult_t ofi_deregMr(void *, void *) Line: 2546: NET/OFI Null MR handle provided. Skipping deregisteration.
TRACE: Function: ncclResult_t register_mr_buffers(ofiComm_t *, void *, int, int, struct fid_mr **) Line: 544: NET/OFI Skip registering CUDA buffer. hmem_mr: 0
TRACE: Function: ncclResult_t register_mr_buffers(ofiComm_t *, void *, int, int, struct fid_mr **) Line: 544: NET/OFI Skip registering CUDA buffer. hmem_mr: 0
TRACE: Function: ncclResult_t ofi_deregMr(void *, void *) Line: 2546: NET/OFI Null MR handle provided. Skipping deregisteration.
TRACE: Function: ncclResult_t ofi_deregMr(void *, void *) Line: 2546: NET/OFI Null MR handle provided. Skipping deregisteration.
TRACE: Function: ncclResult_t register_mr_buffers(ofiComm_t *, void *, int, int, struct fid_mr **) Line: 544: NET/OFI Skip registering CUDA buffer. hmem_mr: 0
TRACE: Function: ncclResult_t register_mr_buffers(ofiComm_t *, void *, int, int, struct fid_mr **) Line: 544: NET/OFI Skip registering CUDA buffer. hmem_mr: 0
TRACE: Function: ncclResult_t ofi_deregMr(void *, void *) Line: 2546: NET/OFI Null MR handle provided. Skipping deregisteration.
TRACE: Function: ncclResult_t register_mr_buffers(ofiComm_t *, void *, int, int, struct fid_mr **) Line: 544: NET/OFI Skip registering CUDA buffer. hmem_mr: 0
TRACE: Function: ncclResult_t register_mr_buffers(ofiComm_t *, void *, int, int, struct fid_mr **) Line: 544: NET/OFI Skip registering CUDA buffer. hmem_mr: 0
TRACE: Function: ncclResult_t ofi_deregMr(void *, void *) Line: 2546: NET/OFI Null MR handle provided. Skipping deregisteration.
TRACE: Function: ncclResult_t ofi_deregMr(void *, void *) Line: 2546: NET/OFI Null MR handle provided. Skipping deregisteration.
TRACE: Function: ncclResult_t register_mr_buffers(ofiComm_t *, void *, int, int, struct fid_mr **) Line: 544: NET/OFI Skip registering CUDA buffer. hmem_mr: 0
TRACE: Function: ncclResult_t register_mr_buffers(ofiComm_t *, void *, int, int, struct fid_mr **) Line: 544: NET/OFI Skip registering CUDA buffer. hmem_mr: 0
TRACE: Function: ncclResult_t ofi_deregMr(void *, void *) Line: 2546: NET/OFI Null MR handle provided. Skipping deregisteration.
TRACE: Function: ncclResult_t ofi_deregMr(void *, void *) Line: 2546: NET/OFI Null MR handle provided. Skipping deregisteration.
INFO: Function: int main(int, char **) Line: 308: NET/OFI Rank 4: All-gather complete, validating results
INFO: Function: int main(int, char **) Line: 333: NET/OFI Rank 4: All-gather validation successful
TRACE: Function: void release_nccl_ofi_component(int) Line: 956: NET/OFI OFI component #2 is released
TRACE: Function: ncclResult_t ofi_deregMr(void *, void *) Line: 2546: NET/OFI Null MR handle provided. Skipping deregisteration.
TRACE: Function: ncclResult_t ofi_deregMr(void *, void *) Line: 2546: NET/OFI Null MR handle provided. Skipping deregisteration.
INFO: Function: int main(int, char **) Line: 308: NET/OFI Rank 15: All-gather complete, validating results
INFO: Function: int main(int, char **) Line: 333: NET/OFI Rank 15: All-gather validation successful
TRACE: Function: void release_nccl_ofi_component(int) Line: 956: NET/OFI OFI component #3 is released
TRACE: Function: ncclResult_t ofi_deregMr(void *, void *) Line: 2546: NET/OFI Null MR handle provided. Skipping deregisteration.
TRACE: Function: ncclResult_t ofi_deregMr(void *, void *) Line: 2546: NET/OFI Null MR handle provided. Skipping deregisteration.
INFO: Function: int main(int, char **) Line: 308: NET/OFI Rank 21: All-gather complete, validating results
INFO: Function: int main(int, char **) Line: 333: NET/OFI Rank 21: All-gather validation successful
TRACE: Function: void release_nccl_ofi_component(int) Line: 956: NET/OFI OFI component #2 is released
TRACE: Function: ncclResult_t ofi_deregMr(void *, void *) Line: 2546: NET/OFI Null MR handle provided. Skipping deregisteration.
TRACE: Function: ncclResult_t ofi_deregMr(void *, void *) Line: 2546: NET/OFI Null MR handle provided. Skipping deregisteration.
INFO: Function: int main(int, char **) Line: 308: NET/OFI Rank 25: All-gather complete, validating results
INFO: Function: int main(int, char **) Line: 333: NET/OFI Rank 25: All-gather validation successful
TRACE: Function: void release_nccl_ofi_component(int) Line: 956: NET/OFI OFI component #0 is released
TRACE: Function: ncclResult_t ofi_deregMr(void *, void *) Line: 2546: NET/OFI Null MR handle provided. Skipping deregisteration.
TRACE: Function: ncclResult_t register_mr_buffers(ofiComm_t *, void *, int, int, struct fid_mr **) Line: 544: NET/OFI Skip registering CUDA buffer. hmem_mr: 0
TRACE: Function: ncclResult_t register_mr_buffers(ofiComm_t *, void *, int, int, struct fid_mr **) Line: 544: NET/OFI Skip registering CUDA buffer. hmem_mr: 0
TRACE: Function: ncclResult_t ofi_deregMr(void *, void *) Line: 2546: NET/OFI Null MR handle provided. Skipping deregisteration.
TRACE: Function: ncclResult_t ofi_deregMr(void *, void *) Line: 2546: NET/OFI Null MR handle provided. Skipping deregisteration.
TRACE: Function: ncclResult_t register_mr_buffers(ofiComm_t *, void *, int, int, struct fid_mr **) Line: 544: NET/OFI Skip registering CUDA buffer. hmem_mr: 0
TRACE: Function: ncclResult_t register_mr_buffers(ofiComm_t *, void *, int, int, struct fid_mr **) Line: 544: NET/OFI Skip registering CUDA buffer. hmem_mr: 0
TRACE: Function: ncclResult_t ofi_deregMr(void *, void *) Line: 2546: NET/OFI Null MR handle provided. Skipping deregisteration.
TRACE: Function: ncclResult_t register_mr_buffers(ofiComm_t *, void *, int, int, struct fid_mr **) Line: 544: NET/OFI Skip registering CUDA buffer. hmem_mr: 0
TRACE: Function: ncclResult_t register_mr_buffers(ofiComm_t *, void *, int, int, struct fid_mr **) Line: 544: NET/OFI Skip registering CUDA buffer. hmem_mr: 0
TRACE: Function: ncclResult_t ofi_deregMr(void *, void *) Line: 2546: NET/OFI Null MR handle provided. Skipping deregisteration.
TRACE: Function: ncclResult_t ofi_deregMr(void *, void *) Line: 2546: NET/OFI Null MR handle provided. Skipping deregisteration.
TRACE: Function: ncclResult_t register_mr_buffers(ofiComm_t *, void *, int, int, struct fid_mr **) Line: 544: NET/OFI Skip registering CUDA buffer. hmem_mr: 0
TRACE: Function: ncclResult_t register_mr_buffers(ofiComm_t *, void *, int, int, struct fid_mr **) Line: 544: NET/OFI Skip registering CUDA buffer. hmem_mr: 0
TRACE: Function: ncclResult_t ofi_deregMr(void *, void *) Line: 2546: NET/OFI Null MR handle provided. Skipping deregisteration.
TRACE: Function: ncclResult_t ofi_deregMr(void *, void *) Line: 2546: NET/OFI Null MR handle provided. Skipping deregisteration.
INFO: Function: int main(int, char **) Line: 308: NET/OFI Rank 12: All-gather complete, validating results
INFO: Function: int main(int, char **) Line: 333: NET/OFI Rank 12: All-gather validation successful
TRACE: Function: void release_nccl_ofi_component(int) Line: 956: NET/OFI OFI component #2 is released
TRACE: Function: ncclResult_t ofi_deregMr(void *, void *) Line: 2546: NET/OFI Null MR handle provided. Skipping deregisteration.
TRACE: Function: ncclResult_t ofi_deregMr(void *, void *) Line: 2546: NET/OFI Null MR handle provided. Skipping deregisteration.
INFO: Function: int main(int, char **) Line: 308: NET/OFI Rank 22: All-gather complete, validating results
INFO: Function: int main(int, char **) Line: 333: NET/OFI Rank 22: All-gather validation successful
TRACE: Function: void release_nccl_ofi_component(int) Line: 956: NET/OFI OFI component #3 is released
TRACE: Function: ncclResult_t ofi_deregMr(void *, void *) Line: 2546: NET/OFI Null MR handle provided. Skipping deregisteration.
TRACE: Function: ncclResult_t register_mr_buffers(ofiComm_t *, void *, int, int, struct fid_mr **) Line: 544: NET/OFI Skip registering CUDA buffer. hmem_mr: 0
TRACE: Function: ncclResult_t register_mr_buffers(ofiComm_t *, void *, int, int, struct fid_mr **) Line: 544: NET/OFI Skip registering CUDA buffer. hmem_mr: 0
TRACE: Function: ncclResult_t ofi_deregMr(void *, void *) Line: 2546: NET/OFI Null MR handle provided. Skipping deregisteration.
TRACE: Function: ncclResult_t ofi_deregMr(void *, void *) Line: 2546: NET/OFI Null MR handle provided. Skipping deregisteration.
TRACE: Function: ncclResult_t register_mr_buffers(ofiComm_t *, void *, int, int, struct fid_mr **) Line: 544: NET/OFI Skip registering CUDA buffer. hmem_mr: 0
TRACE: Function: ncclResult_t register_mr_buffers(ofiComm_t *, void *, int, int, struct fid_mr **) Line: 544: NET/OFI Skip registering CUDA buffer. hmem_mr: 0
TRACE: Function: ncclResult_t ofi_deregMr(void *, void *) Line: 2546: NET/OFI Null MR handle provided. Skipping deregisteration.
TRACE: Function: ncclResult_t register_mr_buffers(ofiComm_t *, void *, int, int, struct fid_mr **) Line: 544: NET/OFI Skip registering CUDA buffer. hmem_mr: 0
TRACE: Function: ncclResult_t register_mr_buffers(ofiComm_t *, void *, int, int, struct fid_mr **) Line: 544: NET/OFI Skip registering CUDA buffer. hmem_mr: 0
TRACE: Function: ncclResult_t ofi_deregMr(void *, void *) Line: 2546: NET/OFI Null MR handle provided. Skipping deregisteration.
TRACE: Function: ncclResult_t ofi_deregMr(void *, void *) Line: 2546: NET/OFI Null MR handle provided. Skipping deregisteration.
TRACE: Function: ncclResult_t register_mr_buffers(ofiComm_t *, void *, int, int, struct fid_mr **) Line: 544: NET/OFI Skip registering CUDA buffer. hmem_mr: 0
TRACE: Function: ncclResult_t register_mr_buffers(ofiComm_t *, void *, int, int, struct fid_mr **) Line: 544: NET/OFI Skip registering CUDA buffer. hmem_mr: 0
TRACE: Function: ncclResult_t ofi_deregMr(void *, void *) Line: 2546: NET/OFI Null MR handle provided. Skipping deregisteration.
TRACE: Function: ncclResult_t ofi_deregMr(void *, void *) Line: 2546: NET/OFI Null MR handle provided. Skipping deregisteration.
INFO: Function: int main(int, char **) Line: 308: NET/OFI Rank 28: All-gather complete, validating results
INFO: Function: int main(int, char **) Line: 333: NET/OFI Rank 28: All-gather validation successful
TRACE: Function: void release_nccl_ofi_component(int) Line: 956: NET/OFI OFI component #2 is released
TRACE: Function: ncclResult_t ofi_deregMr(void *, void *) Line: 2546: NET/OFI Null MR handle provided. Skipping deregisteration.
TRACE: Function: ncclResult_t ofi_deregMr(void *, void *) Line: 2546: NET/OFI Null MR handle provided. Skipping deregisteration.
INFO: Function: int main(int, char **) Line: 308: NET/OFI Rank 13: All-gather complete, validating results
INFO: Function: int main(int, char **) Line: 333: NET/OFI Rank 13: All-gather validation successful
TRACE: Function: void release_nccl_ofi_component(int) Line: 956: NET/OFI OFI component #2 is released
TRACE: Function: ncclResult_t ofi_deregMr(void *, void *) Line: 2546: NET/OFI Null MR handle provided. Skipping deregisteration.
TRACE: Function: ncclResult_t register_mr_buffers(ofiComm_t *, void *, int, int, struct fid_mr **) Line: 544: NET/OFI Skip registering CUDA buffer. hmem_mr: 0
TRACE: Function: ncclResult_t register_mr_buffers(ofiComm_t *, void *, int, int, struct fid_mr **) Line: 544: NET/OFI Skip registering CUDA buffer. hmem_mr: 0
TRACE: Function: ncclResult_t ofi_deregMr(void *, void *) Line: 2546: NET/OFI Null MR handle provided. Skipping deregisteration.
TRACE: Function: ncclResult_t ofi_deregMr(void *, void *) Line: 2546: NET/OFI Null MR handle provided. Skipping deregisteration.
TRACE: Function: ncclResult_t register_mr_buffers(ofiComm_t *, void *, int, int, struct fid_mr **) Line: 544: NET/OFI Skip registering CUDA buffer. hmem_mr: 0
TRACE: Function: ncclResult_t register_mr_buffers(ofiComm_t *, void *, int, int, struct fid_mr **) Line: 544: NET/OFI Skip registering CUDA buffer. hmem_mr: 0
TRACE: Function: ncclResult_t ofi_deregMr(void *, void *) Line: 2546: NET/OFI Null MR handle provided. Skipping deregisteration.
TRACE: Function: ncclResult_t register_mr_buffers(ofiComm_t *, void *, int, int, struct fid_mr **) Line: 544: NET/OFI Skip registering CUDA buffer. hmem_mr: 0
TRACE: Function: ncclResult_t register_mr_buffers(ofiComm_t *, void *, int, int, struct fid_mr **) Line: 544: NET/OFI Skip registering CUDA buffer. hmem_mr: 0
TRACE: Function: ncclResult_t ofi_deregMr(void *, void *) Line: 2546: NET/OFI Null MR handle provided. Skipping deregisteration.
TRACE: Function: ncclResult_t ofi_deregMr(void *, void *) Line: 2546: NET/OFI Null MR handle provided. Skipping deregisteration.
TRACE: Function: ncclResult_t register_mr_buffers(ofiComm_t *, void *, int, int, struct fid_mr **) Line: 544: NET/OFI Skip registering CUDA buffer. hmem_mr: 0
TRACE: Function: ncclResult_t register_mr_buffers(ofiComm_t *, void *, int, int, struct fid_mr **) Line: 544: NET/OFI Skip registering CUDA buffer. hmem_mr: 0
TRACE: Function: ncclResult_t ofi_deregMr(void *, void *) Line: 2546: NET/OFI Null MR handle provided. Skipping deregisteration.
TRACE: Function: ncclResult_t ofi_deregMr(void *, void *) Line: 2546: NET/OFI Null MR handle provided. Skipping deregisteration.
INFO: Function: int main(int, char **) Line: 308: NET/OFI Rank 31: All-gather complete, validating results
INFO: Function: int main(int, char **) Line: 333: NET/OFI Rank 31: All-gather validation successful
TRACE: Function: void release_nccl_ofi_component(int) Line: 956: NET/OFI OFI component #3 is released
TRACE: Function: ncclResult_t ofi_deregMr(void *, void *) Line: 2546: NET/OFI Null MR handle provided. Skipping deregisteration.
TRACE: Function: ncclResult_t ofi_deregMr(void *, void *) Line: 2546: NET/OFI Null MR handle provided. Skipping deregisteration.
INFO: Function: int main(int, char **) Line: 308: NET/OFI Rank 10: All-gather complete, validating results
INFO: Function: int main(int, char **) Line: 333: NET/OFI Rank 10: All-gather validation successful
TRACE: Function: void release_nccl_ofi_component(int) Line: 956: NET/OFI OFI component #1 is released
TRACE: Function: ncclResult_t ofi_deregMr(void *, void *) Line: 2546: NET/OFI Null MR handle provided. Skipping deregisteration.
TRACE: Function: ncclResult_t register_mr_buffers(ofiComm_t *, void *, int, int, struct fid_mr **) Line: 544: NET/OFI Skip registering CUDA buffer. hmem_mr: 0
TRACE: Function: ncclResult_t register_mr_buffers(ofiComm_t *, void *, int, int, struct fid_mr **) Line: 544: NET/OFI Skip registering CUDA buffer. hmem_mr: 0
TRACE: Function: ncclResult_t ofi_deregMr(void *, void *) Line: 2546: NET/OFI Null MR handle provided. Skipping deregisteration.
TRACE: Function: ncclResult_t ofi_deregMr(void *, void *) Line: 2546: NET/OFI Null MR handle provided. Skipping deregisteration.
TRACE: Function: ncclResult_t register_mr_buffers(ofiComm_t *, void *, int, int, struct fid_mr **) Line: 544: NET/OFI Skip registering CUDA buffer. hmem_mr: 0
TRACE: Function: ncclResult_t register_mr_buffers(ofiComm_t *, void *, int, int, struct fid_mr **) Line: 544: NET/OFI Skip registering CUDA buffer. hmem_mr: 0
TRACE: Function: ncclResult_t ofi_deregMr(void *, void *) Line: 2546: NET/OFI Null MR handle provided. Skipping deregisteration.
TRACE: Function: ncclResult_t ofi_deregMr(void *, void *) Line: 2546: NET/OFI Null MR handle provided. Skipping deregisteration.
INFO: Function: int main(int, char **) Line: 308: NET/OFI Rank 9: All-gather complete, validating results
INFO: Function: int main(int, char **) Line: 333: NET/OFI Rank 9: All-gather validation successful
TRACE: Function: void release_nccl_ofi_component(int) Line: 956: NET/OFI OFI component #0 is released
